{
"type": "FeatureCollection",
"name": "1",
"crs": { "type": "name", "properties": { "name": "urn:ogc:def:crs:OGC:1.3:CRS84" } },
"xy_coordinate_resolution": 1e-14,
"features": [
{ "type": "Feature", "properties": { "AREA": 36783702.34375, "PERIMETER": 25197.78232763636, "SCNRSEIE_": 1181, "SCNRSEIE_I": 3112, "SNID_1": "920", "SNID_2": "0920", "SNID_3": "0920", "SNID_4": 920.0, "NAMN": "Fårö", "LAN": "Gotlands län", "NOT_": null, "KOMMENTAR": null, "SCNRSEIE_A": 43985032.324000001, "SCNRSEIE_P": 26702.313, "HECTARES": 3678.3702343750001 }, "geometry": { "type": "MultiPolygon", "coordinates": [ [ [ [ 19.21860100699939, 58.33749810822538 ], [ 19.21633893782728, 58.33802568619401 ], [ 19.21504854752578, 58.33846442490173 ], [ 19.21439780149774, 58.33933535480875 ], [ 19.21411725483123, 58.34050190666747 ], [ 19.21363625364583, 58.3415390235017 ], [ 19.21305623824352, 58.34314483502701 ], [ 19.21265976100704, 58.3443504109204 ], [ 19.21213811909327, 58.34567612456289 ], [ 19.21133550707198, 58.34727886882997 ], [ 19.21051772120779, 58.34907968154551 ], [ 19.20996248780396, 58.35023556158617 ], [ 19.20910163086716, 58.3517679576206 ], [ 19.20799099938917, 58.35336988561395 ], [ 19.20682785708517, 58.35460481222656 ], [ 19.20598169907331, 58.3557594208687 ], [ 19.20515751945555, 58.35678764855413 ], [ 19.20414763490971, 58.35801847399144 ], [ 19.20300212397697, 58.35926187706227 ], [ 19.20173113292238, 58.36044570452206 ], [ 19.20044903183669, 58.36169270755625 ], [ 19.19926588602646, 58.36308083098853 ], [ 19.19805597054593, 58.3641911171973 ], [ 19.1971647175695, 58.36505933432748 ], [ 19.19630925315301, 58.36594456593761 ], [ 19.19562961335736, 58.36705874168015 ], [ 19.19484099413938, 58.36846331858069 ], [ 19.19409733092725, 58.36962410497851 ], [ 19.19272431961843, 58.37099921619532 ], [ 19.19142962392966, 58.37230035892317 ], [ 19.19043269641674, 58.37385417382767 ], [ 19.18945239851243, 58.37486844350659 ], [ 19.1887930986276, 58.37637737456265 ], [ 19.18796988815143, 58.37778281432718 ], [ 19.18717225951148, 58.37927742074811 ], [ 19.18596076175531, 58.38073802871004 ], [ 19.18525917236213, 58.38180779278238 ], [ 19.18446305914352, 58.38332030809828 ], [ 19.18344065994535, 58.38461416693195 ], [ 19.18238989511099, 58.3856122630553 ], [ 19.18106515915022, 58.38660859017004 ], [ 19.17976163094529, 58.38746956993359 ], [ 19.1790485905176, 58.38842279236307 ], [ 19.1785446028751, 58.38941542579388 ], [ 19.17803367696497, 58.39015666306042 ], [ 19.17692449028997, 58.39090467142965 ], [ 19.17528446797964, 58.39182837208422 ], [ 19.17425538275211, 58.39252033758662 ], [ 19.17384335671335, 58.3934027105982 ], [ 19.17373250208245, 58.39385486998469 ], [ 19.17324190468258, 58.39463148957998 ], [ 19.17400943877082, 58.39568049262154 ], [ 19.17424349954112, 58.39651890953849 ], [ 19.17494097309899, 58.39701269063683 ], [ 19.17546085728899, 58.3972595671935 ], [ 19.17578359735779, 58.39759249562521 ], [ 19.17654592158355, 58.39786892475053 ], [ 19.17758391386802, 58.39798534609977 ], [ 19.1787345590594, 58.39802691196868 ], [ 19.18015392095591, 58.39765706512388 ], [ 19.18150925569276, 58.39733381489891 ], [ 19.18294228535759, 58.39710733389171 ], [ 19.18475085503998, 58.3968709241134 ], [ 19.18603288498843, 58.39685504630094 ], [ 19.18744042176985, 58.39689873442299 ], [ 19.18881467917891, 58.39695227154492 ], [ 19.19011734083615, 58.39715144553163 ], [ 19.19098133078428, 58.39741611748124 ], [ 19.19211489777807, 58.39745801455904 ], [ 19.193572535711, 58.39713192818072 ], [ 19.19501738010241, 58.39685108815416 ], [ 19.19661755810366, 58.39658408667096 ], [ 19.19790457560173, 58.39644216818306 ], [ 19.19885517993857, 58.39618336505904 ], [ 19.2000840651742, 58.39597108549368 ], [ 19.2011748288247, 58.39592418706302 ], [ 19.20246525340215, 58.39581807147086 ], [ 19.20434103273718, 58.39557061291818 ], [ 19.20609125104351, 58.39526356703347 ], [ 19.20934397840215, 58.39456613875167 ], [ 19.21356257772099, 58.39377103407155 ], [ 19.21776331017648, 58.39314697897626 ], [ 19.22180535427179, 58.39265280943807 ], [ 19.22578408969663, 58.3923893211668 ], [ 19.22593726704169, 58.39238073563588 ], [ 19.23036241526031, 58.39195692033438 ], [ 19.2321707154358, 58.39189953935681 ], [ 19.23377593927346, 58.3918655420512 ], [ 19.23533918550975, 58.39175178334123 ], [ 19.23747922631371, 58.3915866011575 ], [ 19.2390213904388, 58.3916081391903 ], [ 19.24043137836208, 58.39167813135509 ], [ 19.24268290862063, 58.39177942400793 ], [ 19.24425088168616, 58.39189005761745 ], [ 19.24533002313404, 58.39207670570045 ], [ 19.2463400896868, 58.39190579536753 ], [ 19.24715279268912, 58.39164134691635 ], [ 19.24788543568218, 58.39108253575834 ], [ 19.24881715528459, 58.39063517192194 ], [ 19.25050152496499, 58.39018551610953 ], [ 19.25209045503797, 58.38981028881938 ], [ 19.25533118952437, 58.38865374465338 ], [ 19.25755884193412, 58.3881623926593 ], [ 19.26020253224605, 58.38755194916465 ], [ 19.26203229026503, 58.38701734492111 ], [ 19.26408608303893, 58.38667433491954 ], [ 19.26619190634344, 58.38633886962701 ], [ 19.26823155117371, 58.38585241010982 ], [ 19.2706609663437, 58.38532840887424 ], [ 19.27282995493917, 58.38476648963439 ], [ 19.27475668815572, 58.38452558461391 ], [ 19.2767619799933, 58.38403991639525 ], [ 19.27841211231795, 58.38377051602029 ], [ 19.28034699188993, 58.38343945099202 ], [ 19.28194411474046, 58.38315347273716 ], [ 19.28336941666154, 58.38303387939817 ], [ 19.28484268344284, 58.38322745256806 ], [ 19.28584997594869, 58.38337976997153 ], [ 19.28667693019955, 58.38343814641827 ], [ 19.28724026338163, 58.38325210028308 ], [ 19.28799207411619, 58.38254875823227 ], [ 19.28880794342794, 58.38162801924096 ], [ 19.29006205441739, 58.38064142990089 ], [ 19.29112198464122, 58.37976794054592 ], [ 19.29280311242931, 58.37894939732456 ], [ 19.29437094154997, 58.3781968172875 ], [ 19.29590569918475, 58.37728338200438 ], [ 19.29733337130069, 58.37649864455581 ], [ 19.29888039018617, 58.37571063183334 ], [ 19.30049447898159, 58.37508250454729 ], [ 19.30217674172156, 58.37445249288697 ], [ 19.30432253945957, 58.37349529403878 ], [ 19.30586642431675, 58.37285104424276 ], [ 19.30729440950988, 58.37224588858024 ], [ 19.3088786872591, 58.37149266962546 ], [ 19.31029039872183, 58.37089690964569 ], [ 19.31175233999175, 58.3702907712732 ], [ 19.31309128315922, 58.36965204547538 ], [ 19.31473716914383, 58.3690048862704 ], [ 19.31590457130012, 58.3683618486907 ], [ 19.31756638297954, 58.36787595284424 ], [ 19.31935376784586, 58.36744948422042 ], [ 19.32077383659308, 58.36728467693416 ], [ 19.3219039730387, 58.36712782283765 ], [ 19.32278364370618, 58.36703175774066 ], [ 19.3235826955989, 58.36664138149926 ], [ 19.32382093820624, 58.36594294530737 ], [ 19.32400265742919, 58.36519214991943 ], [ 19.32400937999198, 58.36440123956727 ], [ 19.32344415978553, 58.36404837751746 ], [ 19.32181021434221, 58.36343735655431 ], [ 19.3208968561243, 58.36302216842281 ], [ 19.31967848423687, 58.36246259971217 ], [ 19.31849960014027, 58.36195584861184 ], [ 19.31752905617459, 58.36130858526971 ], [ 19.31644186221734, 58.36069147316572 ], [ 19.31537634543482, 58.359947960888 ], [ 19.31412598932138, 58.35923646680606 ], [ 19.31272223317034, 58.35852916723132 ], [ 19.31098303130991, 58.35771423513644 ], [ 19.30878569402071, 58.35658835215131 ], [ 19.3075776797839, 58.355956507459 ], [ 19.3064427050693, 58.35502613316612 ], [ 19.30498939031466, 58.35398764881472 ], [ 19.30365441184641, 58.35310765084311 ], [ 19.30274104673515, 58.35234190890088 ], [ 19.30170859832899, 58.35140869297481 ], [ 19.30032485677485, 58.35020652059015 ], [ 19.29904127655907, 58.34932507403104 ], [ 19.29824765188988, 58.3483853092898 ], [ 19.2973641925905, 58.34757378881601 ], [ 19.29690866123018, 58.34676855231649 ], [ 19.29600422356874, 58.34626310022435 ], [ 19.29583294732472, 58.34556691253714 ], [ 19.29528099771778, 58.34447676935417 ], [ 19.29445462527772, 58.34337614041102 ], [ 19.29340272238482, 58.34258716190209 ], [ 19.292543002569, 58.34166713966928 ], [ 19.29137101701068, 58.34087243481359 ], [ 19.28970690947818, 58.33993837767038 ], [ 19.28759397603154, 58.33930405474787 ], [ 19.28557838361752, 58.33896356642901 ], [ 19.28290704179321, 58.3387307342655 ], [ 19.28051015016672, 58.33850835975683 ], [ 19.27848466713591, 58.33823991292764 ], [ 19.27622240132743, 58.33799583195627 ], [ 19.27396631770538, 58.33781444103393 ], [ 19.27248763061572, 58.33771975999328 ], [ 19.27064582672754, 58.3375809902346 ], [ 19.26934897448258, 58.33759815470913 ], [ 19.26728954068152, 58.33733045229349 ], [ 19.26558234625283, 58.33716999547405 ], [ 19.26346005899083, 58.33695784458416 ], [ 19.26090956139502, 58.33655955461624 ], [ 19.25844957042087, 58.33621268234107 ], [ 19.25559507955784, 58.33584945215267 ], [ 19.2533654432685, 58.33558612071609 ], [ 19.25134950071996, 58.33523612550895 ], [ 19.2497197724224, 58.33534292874698 ], [ 19.24756615074321, 58.33550874019672 ], [ 19.24600939317059, 58.33548773856223 ], [ 19.24458474712714, 58.33568330245078 ], [ 19.2443066320843, 58.33572223004326 ], [ 19.24283942200024, 58.33574370748048 ], [ 19.2412329040486, 58.33556225170839 ], [ 19.23992739839344, 58.33548949918072 ], [ 19.23888829971409, 58.33569710642135 ], [ 19.23779284889491, 58.33585230651835 ], [ 19.23588657542797, 58.33575071056044 ], [ 19.23399648361015, 58.33563966733151 ], [ 19.23328870505877, 58.3355642976699 ], [ 19.23239088000418, 58.33546706183073 ], [ 19.23145101316413, 58.33544282730105 ], [ 19.22988826542752, 58.33540381962024 ], [ 19.22977067878287, 58.33540247586606 ], [ 19.22786158519003, 58.33562430118619 ], [ 19.2259926149567, 58.33590792020656 ], [ 19.22404100803205, 58.33622067586946 ], [ 19.22187735390222, 58.33663790247961 ], [ 19.22128540970318, 58.33681095463358 ], [ 19.22043154858748, 58.33705838675044 ], [ 19.22004954712095, 58.33717191584397 ], [ 19.21860100699939, 58.33749810822538 ] ] ] ] } },
{ "type": "Feature", "properties": { "AREA": 114896961.25, "PERIMETER": 85850.615447833101, "SCNRSEIE_": 1481, "SCNRSEIE_I": 3929, "SNID_1": "920", "SNID_2": "0920", "SNID_3": "0920", "SNID_4": 920.0, "NAMN": "Fårö", "LAN": "Gotlands län", "NOT_": null, "KOMMENTAR": null, "SCNRSEIE_A": 203173686.014, "SCNRSEIE_P": 61674.258, "HECTARES": 11489.696125 }, "geometry": { "type": "MultiPolygon", "coordinates": [ [ [ [ 19.20826282793247, 57.98415169363652 ], [ 19.20770272753112, 57.98431045359175 ], [ 19.20769578317887, 57.98461614207483 ], [ 19.20788962680474, 57.98489848503783 ], [ 19.20857989971656, 57.98504174184937 ], [ 19.20953805543079, 57.9851778208306 ], [ 19.21006810771587, 57.98541521446164 ], [ 19.21065855815253, 57.98521968957358 ], [ 19.21065779849525, 57.98481087503936 ], [ 19.21039303417572, 57.98449449434624 ], [ 19.20955543777792, 57.98422490523822 ], [ 19.20873399815856, 57.9841031368757 ], [ 19.20826282793247, 57.98415169363652 ] ] ], [ [ [ 19.07745308359528, 57.9338027701287 ], [ 19.07662066756339, 57.93393652398301 ], [ 19.07583393260256, 57.9345722498459 ], [ 19.07567745907742, 57.9351962362415 ], [ 19.07660171598798, 57.93607092406423 ], [ 19.07747289032824, 57.93638541738994 ], [ 19.07821023166571, 57.93636641993584 ], [ 19.07914482918519, 57.93617162091655 ], [ 19.07954574311424, 57.93593666407823 ], [ 19.0793791512326, 57.93526709074038 ], [ 19.07880356347013, 57.93472037028288 ], [ 19.0784263366306, 57.9340562245185 ], [ 19.07745308359528, 57.9338027701287 ] ] ], [ [ [ 19.13749963264837, 57.91127471069333 ], [ 19.13784196220734, 57.91057386802306 ], [ 19.13889588953429, 57.90942305282351 ], [ 19.14087828473233, 57.90802320633049 ], [ 19.14214462967385, 57.90686677951072 ], [ 19.14310472746039, 57.90620808380427 ], [ 19.14333684719264, 57.90604923224424 ], [ 19.14452901078212, 57.90523167425156 ], [ 19.14616617181613, 57.90468542696771 ], [ 19.14940428969202, 57.9043171297035 ], [ 19.15149122452423, 57.90291435140833 ], [ 19.15535679433926, 57.9013567833423 ], [ 19.15764039374188, 57.90095954642629 ], [ 19.15873185547532, 57.90019841765742 ], [ 19.1597333698281, 57.89919705392708 ], [ 19.16297318753699, 57.89699985239552 ], [ 19.1637178426659, 57.89591539571614 ], [ 19.16428300138676, 57.89516813975122 ], [ 19.16668443071918, 57.8937567683238 ], [ 19.16899639257652, 57.89251844015184 ], [ 19.16937528796401, 57.89205913225953 ], [ 19.16955682909332, 57.89059420827684 ], [ 19.1697219769841, 57.89008216050988 ], [ 19.16947946856293, 57.88744241712521 ], [ 19.16940701181778, 57.88666710896489 ], [ 19.16892014120083, 57.88594771259328 ], [ 19.167769159649, 57.8849134575778 ], [ 19.166220162439, 57.88410987529463 ], [ 19.16438539903861, 57.88365528118221 ], [ 19.16352814425344, 57.88350725076942 ], [ 19.16233449092241, 57.88314348269169 ], [ 19.15781511543305, 57.88213980691696 ], [ 19.15521812171422, 57.8814221840745 ], [ 19.15323348032245, 57.88046372310615 ], [ 19.15322306280039, 57.88035168237668 ], [ 19.15255042495717, 57.87992016581661 ], [ 19.15207981347624, 57.87937100183733 ], [ 19.15169144761121, 57.87859503615485 ], [ 19.1518578352435, 57.87695982590935 ], [ 19.15178205962076, 57.87612170406534 ], [ 19.15108828536966, 57.87546161486566 ], [ 19.14977657951026, 57.87493462061583 ], [ 19.14813198041947, 57.87425015785082 ], [ 19.14789548546358, 57.87397335384163 ], [ 19.14791954597594, 57.87307419665752 ], [ 19.14809863414412, 57.87273253194551 ], [ 19.14868498932791, 57.87221390813463 ], [ 19.14886406621526, 57.87187224242301 ], [ 19.14869112020468, 57.871144503279 ], [ 19.14811056098827, 57.87054431286422 ], [ 19.14700724301035, 57.87001180222997 ], [ 19.14606603141127, 57.87009050199505 ], [ 19.14412540190911, 57.87075707718212 ], [ 19.14307194169707, 57.87078479702146 ], [ 19.14189181048849, 57.87053729798112 ], [ 19.14077281329656, 57.86983442795152 ], [ 19.14005615878501, 57.86890083585254 ], [ 19.13986120817152, 57.86677197368969 ], [ 19.14005071498462, 57.86654236208674 ], [ 19.14015935244473, 57.86541635514273 ], [ 19.14035382879062, 57.86524052353246 ], [ 19.14076245339932, 57.8639404021002 ], [ 19.14082278900565, 57.86343115104581 ], [ 19.14134686254791, 57.86224030631502 ], [ 19.14188415489305, 57.86121533759103 ], [ 19.14203422334474, 57.86053749851619 ], [ 19.1417978686839, 57.86026068122143 ], [ 19.14067961458031, 57.85956228778642 ], [ 19.14045035622954, 57.8593391929183 ], [ 19.13770383966699, 57.85812200106449 ], [ 19.1360826410707, 57.85765691923901 ], [ 19.13303267956162, 57.85773697309165 ], [ 19.13034641346741, 57.85831058981876 ], [ 19.1282533023126, 57.85805096023941 ], [ 19.12810829977899, 57.85803229593917 ], [ 19.1280987957758, 57.85792921546641 ], [ 19.12801247228723, 57.85697006370278 ], [ 19.128662227899, 57.8559961200966 ], [ 19.12882612968859, 57.85548865575156 ], [ 19.12929992775248, 57.85491466632928 ], [ 19.1293554552808, 57.85435163752918 ], [ 19.12982385682219, 57.85371938347146 ], [ 19.13032038914924, 57.85336942314479 ], [ 19.13077883831583, 57.85262960371759 ], [ 19.1309394230855, 57.85206381900682 ], [ 19.1307348023696, 57.84982288776778 ], [ 19.13038319753884, 57.84943675844822 ], [ 19.12987737947953, 57.84849758949487 ], [ 19.12919529522346, 57.84795389429716 ], [ 19.12864064503952, 57.8476269932753 ], [ 19.12712735625175, 57.84604032343224 ], [ 19.12686561635429, 57.8454856056775 ], [ 19.12612877559127, 57.84432335261382 ], [ 19.12568693387714, 57.84293323526352 ], [ 19.12497407688647, 57.84205338150859 ], [ 19.12383778842098, 57.84112620255987 ], [ 19.1228614019758, 57.84081480724728 ], [ 19.1212905846949, 57.84090980495874 ], [ 19.12089098251059, 57.84114488286003 ], [ 19.12052763221499, 57.84177435845947 ], [ 19.12031831244592, 57.84295688571855 ], [ 19.11925325427816, 57.84399555253378 ], [ 19.11807884931997, 57.84616020845018 ], [ 19.11732065301016, 57.84707852575843 ], [ 19.11601972814105, 57.84784478213886 ], [ 19.11457957323658, 57.84821931182697 ], [ 19.11195557040081, 57.8483416653951 ], [ 19.11040493560626, 57.8486606238957 ], [ 19.10827345237581, 57.84956075292303 ], [ 19.10696900965755, 57.85026860022239 ], [ 19.10482667926833, 57.85105214454141 ], [ 19.10432177466178, 57.85128990588666 ], [ 19.1018435751203, 57.85185750686961 ], [ 19.10054424844691, 57.85262355450197 ], [ 19.10035455779612, 57.85285310930799 ], [ 19.10051367432677, 57.85346445241665 ], [ 19.10131610352909, 57.85417588552489 ], [ 19.10156517145851, 57.85461866631336 ], [ 19.10157279266344, 57.85585391496961 ], [ 19.10122694487043, 57.85670300579785 ], [ 19.1004405953977, 57.85734340544469 ], [ 19.09849977497425, 57.85800928527242 ], [ 19.097808217454, 57.85853489313808 ], [ 19.09772317563783, 57.85875723420411 ], [ 19.09692326587387, 57.85922724630979 ], [ 19.09559779248107, 57.8597108865366 ], [ 19.09384483230901, 57.86015168527525 ], [ 19.09252418894303, 57.8606890770625 ], [ 19.09143737958598, 57.86150342532474 ], [ 19.09097841989842, 57.86224759291042 ], [ 19.09119873155496, 57.8635312366432 ], [ 19.09167352143893, 57.86413890400689 ], [ 19.09176018727234, 57.86508907091035 ], [ 19.09117842920243, 57.86566570412921 ], [ 19.08996308261753, 57.86620483029216 ], [ 19.08753451459114, 57.86615088073764 ], [ 19.08560670165751, 57.86580989543312 ], [ 19.08435536867709, 57.86595455739138 ], [ 19.08204741392501, 57.8672496249656 ], [ 19.08092920084813, 57.867723257797 ], [ 19.0785416662038, 57.86812181579101 ], [ 19.07834157617913, 57.86823929004502 ], [ 19.07838548733985, 57.86874580763371 ], [ 19.07895189893145, 57.86918044194262 ], [ 19.07898191614623, 57.870693633925 ], [ 19.07862719281203, 57.87261209051344 ], [ 19.07836584889203, 57.87323879482332 ], [ 19.0782450807313, 57.87425271794323 ], [ 19.07798541508663, 57.87487488529923 ], [ 19.07790491414509, 57.87549692353596 ], [ 19.07785974528731, 57.87583502431917 ], [ 19.07771540303946, 57.87656652826956 ], [ 19.07781496482507, 57.87886860083648 ], [ 19.07766042946211, 57.87948805528005 ], [ 19.07795542307512, 57.88043734481991 ], [ 19.07874243208995, 57.88216012605709 ], [ 19.07973736953744, 57.88387304583113 ], [ 19.08016502141161, 57.8850974418286 ], [ 19.08018534167962, 57.88650306273756 ], [ 19.08000343795705, 57.88684469237599 ], [ 19.07995410223249, 57.88746143459657 ], [ 19.07923275208115, 57.88882778766755 ], [ 19.07907120916096, 57.88939351397442 ], [ 19.07859127870839, 57.88991354225189 ], [ 19.07832662523126, 57.89048192657518 ], [ 19.07805985965836, 57.8910503646439 ], [ 19.07696863444963, 57.89180627849908 ], [ 19.07573462185692, 57.89217501705473 ], [ 19.07339445986824, 57.89195227056749 ], [ 19.07198581996649, 57.89176840354728 ], [ 19.07022325841833, 57.89186766569704 ], [ 19.06887062708871, 57.8920686744492 ], [ 19.0670719711644, 57.89200259993512 ], [ 19.06619986958448, 57.89168807571844 ], [ 19.06556863931371, 57.89170429198378 ], [ 19.06388535526566, 57.89174752003568 ], [ 19.06292836464369, 57.89165977529959 ], [ 19.06231213895147, 57.89184181047177 ], [ 19.06236810923953, 57.8924603307745 ], [ 19.06270677716838, 57.89273017073771 ], [ 19.0627627561581, 57.89334869071082 ], [ 19.06268269587165, 57.89362927662392 ], [ 19.06179452249646, 57.89432593298942 ], [ 19.06067771771491, 57.89480382481768 ], [ 19.05990969092098, 57.89566360537333 ], [ 19.05944966488287, 57.89640766642679 ], [ 19.05887175822045, 57.89703794386772 ], [ 19.05851691761827, 57.89777930467361 ], [ 19.05748689579472, 57.89926573765401 ], [ 19.05651034392189, 57.9001308367658 ], [ 19.05437933498434, 57.9010838826116 ], [ 19.05375804896331, 57.90121209334586 ], [ 19.05155823801654, 57.90138067777494 ], [ 19.05063933939721, 57.90174110393371 ], [ 19.04947163916296, 57.90165864075797 ], [ 19.04879667133487, 57.90116824628067 ], [ 19.04812002130053, 57.90068238385067 ], [ 19.04748862204821, 57.90069851183123 ], [ 19.04687741172557, 57.9009387413638 ], [ 19.04565770555006, 57.9014730307303 ], [ 19.04463036595807, 57.90177777918264 ], [ 19.04216305819303, 57.90251457440599 ], [ 19.04092558136383, 57.90282914213741 ], [ 19.04022919952208, 57.90329612869037 ], [ 19.03947057862026, 57.90426784431193 ], [ 19.03895966449114, 57.90445157000575 ], [ 19.03603251633025, 57.90474622248308 ], [ 19.03561948744811, 57.90486904231451 ], [ 19.03563287374026, 57.90621641596248 ], [ 19.03433019181175, 57.90698181323677 ], [ 19.03438843718377, 57.90765418844661 ], [ 19.03492477204043, 57.90775285547711 ], [ 19.03628785436545, 57.90765977243795 ], [ 19.03736093969141, 57.90786157017641 ], [ 19.03851874637381, 57.9078320898208 ], [ 19.040711046683, 57.90755162041817 ], [ 19.04187367887256, 57.9075758949659 ], [ 19.04220960655171, 57.90779195020117 ], [ 19.04227324436149, 57.90852258764424 ], [ 19.04105048183642, 57.90900299646721 ], [ 19.04114917929601, 57.91012357839026 ], [ 19.04146849566091, 57.91135084684682 ], [ 19.04191456274926, 57.9116180046282 ], [ 19.04394528231781, 57.91190764317494 ], [ 19.04440460841483, 57.91234516535948 ], [ 19.04433445899603, 57.91273779324883 ], [ 19.04404408107619, 57.91302822142878 ], [ 19.04409816285158, 57.91482379915276 ], [ 19.04362497693892, 57.91545132587606 ], [ 19.0435701515674, 57.91601427302869 ], [ 19.04338775883689, 57.91635585378922 ], [ 19.04280168055508, 57.91687843834315 ], [ 19.04286705510154, 57.91760453853441 ], [ 19.04371818673249, 57.91887664285208 ], [ 19.04426319904994, 57.92026436809151 ], [ 19.04549522931149, 57.92107750676622 ], [ 19.04586645444507, 57.92168349181733 ], [ 19.04603024568119, 57.92235317089595 ], [ 19.04703368842261, 57.92294750968497 ], [ 19.04726934485469, 57.92322002222847 ], [ 19.04729855916636, 57.92473770573698 ], [ 19.04703106572634, 57.92530608342238 ], [ 19.04718689801954, 57.92586365466587 ], [ 19.04794951796539, 57.92612720550605 ], [ 19.04899248165489, 57.92598826094165 ], [ 19.04949879116121, 57.92575070806582 ], [ 19.04988441531812, 57.92534552533854 ], [ 19.05042245769082, 57.92426707894396 ], [ 19.05102391801788, 57.92391477787254 ], [ 19.05186632378982, 57.92389324438084 ], [ 19.05344793736593, 57.92385280018027 ], [ 19.05416478640669, 57.92360984238059 ], [ 19.0560816587013, 57.92260839622735 ], [ 19.05699892140362, 57.92224798078018 ], [ 19.05845277521375, 57.92198612352081 ], [ 19.05936999787646, 57.92162569131316 ], [ 19.06010704999743, 57.92160680187292 ], [ 19.06054323760068, 57.92176184066409 ], [ 19.06122086594067, 57.92225211182205 ], [ 19.06204189977799, 57.92318345185592 ], [ 19.06387298697732, 57.92359021391581 ], [ 19.06465071249029, 57.92401949780818 ], [ 19.06576745710275, 57.92471860410045 ], [ 19.06623948595142, 57.92526803791855 ], [ 19.0664496232772, 57.92644415112167 ], [ 19.06585315408826, 57.92685030793294 ], [ 19.06590186945484, 57.92741061082867 ], [ 19.06624341503372, 57.92768486442386 ], [ 19.06708589636812, 57.92766322917119 ], [ 19.06760227670742, 57.92753765474179 ], [ 19.06850618891637, 57.92700678688875 ], [ 19.06903313574464, 57.92699773821073 ], [ 19.06947471828518, 57.92721101084557 ], [ 19.06953818685878, 57.9291186646924 ], [ 19.06915763167894, 57.92957768875874 ], [ 19.06900805106332, 57.93025539785411 ], [ 19.06907188214982, 57.93098153176917 ], [ 19.06941837147345, 57.93130955978346 ], [ 19.07016579398081, 57.93140265929876 ], [ 19.07088267540857, 57.9311596069854 ], [ 19.07115301841561, 57.93064950258683 ], [ 19.07166134919635, 57.93041180814664 ], [ 19.07250877926032, 57.93044391984713 ], [ 19.07258816545412, 57.93134036566051 ], [ 19.07222589248486, 57.93202355070265 ], [ 19.07132890714045, 57.93260817477859 ], [ 19.07141356634583, 57.93356288681746 ], [ 19.07219622017406, 57.93522742243423 ], [ 19.07275344526924, 57.93555002184888 ], [ 19.07359610539834, 57.93552834160535 ], [ 19.07399174895299, 57.93523513663903 ], [ 19.07414335933129, 57.93455736864627 ], [ 19.07414186709701, 57.93338038726837 ], [ 19.0747351524838, 57.93291587219334 ], [ 19.07605868334758, 57.93237864121322 ], [ 19.0773225574573, 57.93234608700177 ], [ 19.07797490160057, 57.93255390182842 ], [ 19.07831618023916, 57.93282363940376 ], [ 19.07962621362909, 57.93329752012021 ], [ 19.08078479047506, 57.93326764642617 ], [ 19.08261932555124, 57.93254645271284 ], [ 19.08325657645895, 57.93258840934734 ], [ 19.08638254252161, 57.93329387364945 ], [ 19.08683453670221, 57.93361913124775 ], [ 19.08678317627295, 57.93423592617718 ], [ 19.08599170660926, 57.93481793047212 ], [ 19.08577590678579, 57.93594662036803 ], [ 19.08585564078638, 57.93684305374671 ], [ 19.08615326627919, 57.93896928656773 ], [ 19.08712203371127, 57.94035040174213 ], [ 19.08735811041116, 57.94062283498474 ], [ 19.0874841712123, 57.94202571916018 ], [ 19.08721187449341, 57.94253591050185 ], [ 19.0873790600859, 57.94320995297936 ], [ 19.08859728920496, 57.94385234149596 ], [ 19.09010300005204, 57.94415035046213 ], [ 19.09169850956888, 57.94427530491855 ], [ 19.09259263002357, 57.94481372937955 ], [ 19.09331005658085, 57.94575205912087 ], [ 19.09371846378087, 57.94675229450981 ], [ 19.09507841846642, 57.94778629348772 ], [ 19.09641257658173, 57.94853792114584 ], [ 19.09751761420285, 57.94907084929756 ], [ 19.09775382877617, 57.94934326151762 ], [ 19.09760261259751, 57.95002105245082 ], [ 19.09672121777471, 57.9507761644773 ], [ 19.09661105594618, 57.95190213787007 ], [ 19.09523631131819, 57.95306086326949 ], [ 19.0947656535747, 57.95368851876272 ], [ 19.09459917390262, 57.9542004783267 ], [ 19.09409277483778, 57.95443821114475 ], [ 19.09211095680137, 57.95471411854291 ], [ 19.09087988805452, 57.9551368039165 ], [ 19.08825542491522, 57.95531695532953 ], [ 19.08711662921521, 57.95557099800192 ], [ 19.08467710368788, 57.9554632731618 ], [ 19.08187561281026, 57.95486168259504 ], [ 19.08067224832061, 57.95438506359758 ], [ 19.08022535526726, 57.9541180518346 ], [ 19.08013828635497, 57.95316340546455 ], [ 19.08115333880624, 57.95268799320252 ], [ 19.08099194319697, 57.95207668932033 ], [ 19.08052633656784, 57.95158104671268 ], [ 19.07935204947268, 57.95144509316026 ], [ 19.07791017709597, 57.95187308449427 ], [ 19.0770025924388, 57.95234570317182 ], [ 19.07688159953692, 57.95335961741348 ], [ 19.07583199171025, 57.95579907796922 ], [ 19.07479301681103, 57.95717354705058 ], [ 19.07485424188247, 57.95784583641014 ], [ 19.07587747412672, 57.95866408018226 ], [ 19.07655602337637, 57.95915425794622 ], [ 19.07778482813172, 57.95990879325638 ], [ 19.07814680397518, 57.96040262336683 ], [ 19.07828772288043, 57.96197134661284 ], [ 19.07904070115613, 57.96329968116564 ], [ 19.08033104624431, 57.96472647502258 ], [ 19.08113564561045, 57.9654380041671 ], [ 19.08390740165479, 57.96688497004576 ], [ 19.08489997435304, 57.96736251259625 ], [ 19.08655838140783, 57.96816428404637 ], [ 19.08714488770285, 57.96882300695601 ], [ 19.08738115961483, 57.96909543723179 ], [ 19.0885872198632, 57.9695719313841 ], [ 19.0893408206962, 57.96972317315327 ], [ 19.09088655909242, 57.97046940056148 ], [ 19.09214895599679, 57.9715598727432 ], [ 19.09484448796535, 57.97334102688492 ], [ 19.09518670164375, 57.97361519426856 ], [ 19.09739834549683, 57.97468104308346 ], [ 19.09938682817878, 57.97564032749865 ], [ 19.10121566456576, 57.97598825326126 ], [ 19.10221123990574, 57.97647008221811 ], [ 19.103371577711, 57.97761700788299 ], [ 19.10425430607477, 57.97804334775273 ], [ 19.10630453065732, 57.97849776865496 ], [ 19.1069785119174, 57.97892951155535 ], [ 19.1074601148395, 57.97959087344186 ], [ 19.10836568497395, 57.98024121712324 ], [ 19.11234606738969, 57.98215934187017 ], [ 19.11386392073011, 57.98256909278751 ], [ 19.11802713666097, 57.98302671734084 ], [ 19.12055506486678, 57.98290240857279 ], [ 19.1220151999973, 57.98257230470185 ], [ 19.12252286044068, 57.98246022204874 ], [ 19.12452669085935, 57.98240791236283 ], [ 19.12559170814173, 57.98249241035117 ], [ 19.1269577668735, 57.98240280971608 ], [ 19.1289375294326, 57.98206802999491 ], [ 19.13027780275601, 57.98170053061382 ], [ 19.13136726018627, 57.98088583424354 ], [ 19.13326702711562, 57.97971297385746 ], [ 19.13500446860401, 57.97904750006384 ], [ 19.13644460749815, 57.9786189133805 ], [ 19.13865909876462, 57.97856085561006 ], [ 19.13938869333873, 57.97865403293987 ], [ 19.1404780277767, 57.97879617016934 ], [ 19.14341365002413, 57.97967152703546 ], [ 19.14405179984274, 57.97971316898814 ], [ 19.14406222891724, 57.97982520900153 ], [ 19.14727489165972, 57.98142548974104 ], [ 19.14932272543116, 57.98300243243663 ], [ 19.1498051608095, 57.98366362483944 ], [ 19.15018927228043, 57.98438131383685 ], [ 19.15124634092166, 57.98553503948038 ], [ 19.15271491627921, 57.98656560735169 ], [ 19.15446528011323, 57.98719338896059 ], [ 19.15585739683202, 57.9873813325071 ], [ 19.15609431342099, 57.98765362762935 ], [ 19.15677239651952, 57.98814341353692 ], [ 19.15714119703657, 57.9886952623552 ], [ 19.15920539720214, 57.99043785218745 ], [ 19.15977263944222, 57.99087214406248 ], [ 19.16024197019829, 57.99136742118405 ], [ 19.16064020633264, 57.9922554281919 ], [ 19.16081364840763, 57.99297864935814 ], [ 19.16116158709537, 57.99330640931937 ], [ 19.16236186236377, 57.99372397910739 ], [ 19.16584310092473, 57.99475964692984 ], [ 19.17091501136675, 57.99586094574911 ], [ 19.1714584989376, 57.99601727611453 ], [ 19.17518256898015, 57.99625556603449 ], [ 19.17746678248465, 57.99692729674848 ], [ 19.1800967048911, 57.99792226572217 ], [ 19.18635669184086, 57.99927445643245 ], [ 19.18806595802901, 57.99945362268202 ], [ 19.18819973905098, 57.99943658529505 ], [ 19.18869392798275, 57.99938300157442 ], [ 19.19004097159337, 57.99906411155238 ], [ 19.19083253139728, 57.99848594835283 ], [ 19.19239015840733, 57.9970382628341 ], [ 19.19289350983566, 57.9967463076054 ], [ 19.1932519698471, 57.99606285822581 ], [ 19.19341509861314, 57.99555084142018 ], [ 19.19291602707693, 57.99472401518571 ], [ 19.19081302685396, 57.99371078566323 ], [ 19.18928327625235, 57.99318993393279 ], [ 19.18759540651577, 57.99303268264268 ], [ 19.18693587489981, 57.9929693605163 ], [ 19.18560662203411, 57.99233081648546 ], [ 19.1837591836809, 57.99063678474862 ], [ 19.18327940766826, 57.99003404378371 ], [ 19.18291730509632, 57.98841283969754 ], [ 19.18310208187964, 57.98812938666526 ], [ 19.18410615394905, 57.98754112284956 ], [ 19.18588356328437, 57.98732763852467 ], [ 19.18705430592314, 57.98729649781809 ], [ 19.18757111946809, 57.98728274759544 ], [ 19.18798243849333, 57.98715948653349 ], [ 19.18816674607954, 57.98687154518189 ], [ 19.18794712682096, 57.98564191251062 ], [ 19.18768546357909, 57.98508729499375 ], [ 19.18682397821564, 57.98485413532043 ], [ 19.18616669203255, 57.98467843584159 ], [ 19.18211682334538, 57.98433682582896 ], [ 19.1801813536782, 57.98399287758964 ], [ 19.17929253384197, 57.98351329923538 ], [ 19.17856997586432, 57.98257554744819 ], [ 19.17845069317953, 57.98128483648445 ], [ 19.17920707188292, 57.98031232365454 ], [ 19.1802088858074, 57.97972414761366 ], [ 19.18306153380099, 57.97970677288942 ], [ 19.18425822940037, 57.98022306625613 ], [ 19.18526555580082, 57.9806590246506 ], [ 19.18645468689501, 57.98093738934321 ], [ 19.18656267539655, 57.98096147246139 ], [ 19.18835031188614, 57.98085999204968 ], [ 19.19010579488446, 57.98041790108964 ], [ 19.1912606851291, 57.98033322817459 ], [ 19.19245238910082, 57.98063842467606 ], [ 19.19444072156559, 57.98154235784069 ], [ 19.19699281358439, 57.98169891479922 ], [ 19.19827735727891, 57.98188926401363 ], [ 19.19962366045292, 57.98157027945351 ], [ 19.2001297206367, 57.98133213029843 ], [ 19.20107879908278, 57.98130677724631 ], [ 19.20155216676982, 57.98146035829888 ], [ 19.20173316097889, 57.98151841931076 ], [ 19.2023134870194, 57.98206449485734 ], [ 19.20286497512623, 57.98232830025931 ], [ 19.20465262495485, 57.98222659032702 ], [ 19.20626080153708, 57.9824621160223 ], [ 19.20827551585772, 57.98252500127022 ], [ 19.20851832176543, 57.98285545190365 ], [ 19.20852895333093, 57.98296748443421 ], [ 19.20793320177717, 57.98337429804827 ], [ 19.20796509187446, 57.9837103958068 ], [ 19.20913577765618, 57.98379136798703 ], [ 19.21052591651605, 57.98397876768726 ], [ 19.21130669808891, 57.98440711711643 ], [ 19.21164321489435, 57.98574590716154 ], [ 19.21221311652281, 57.98617990281345 ], [ 19.21226123015834, 57.98668628761589 ], [ 19.21233874600296, 57.98752434363835 ], [ 19.21304399021832, 57.98829166052728 ], [ 19.21415750779471, 57.98888179627667 ], [ 19.21507587998051, 57.98964338733342 ], [ 19.21555961249983, 57.9903043157455 ], [ 19.21544799499103, 57.99137657224649 ], [ 19.21480551949593, 57.9924046622297 ], [ 19.21328504724077, 57.9931193365132 ], [ 19.21301076106428, 57.99357146577839 ], [ 19.21311004258425, 57.99463806510716 ], [ 19.21345847078159, 57.99496567662368 ], [ 19.21411061972953, 57.99517282649789 ], [ 19.21569511330638, 57.99513033072262 ], [ 19.21660743828195, 57.99471498858222 ], [ 19.21785711454275, 57.99451072666319 ], [ 19.21859554433617, 57.9944909025593 ], [ 19.21924470151001, 57.99464419429832 ], [ 19.22012619083313, 57.99501587760825 ], [ 19.22130239482269, 57.99515050828423 ], [ 19.22174059122699, 57.9953094560207 ], [ 19.22278403955467, 57.99629227043157 ], [ 19.2238975403717, 57.99687783472029 ], [ 19.22465738966665, 57.99708203585937 ], [ 19.22678913940457, 57.99725381138398 ], [ 19.22782271419743, 57.99700135498384 ], [ 19.22906170023519, 57.99668495281497 ], [ 19.23022214623604, 57.99665369581849 ], [ 19.23162570744341, 57.99695283087225 ], [ 19.23294008004127, 57.99742507922525 ], [ 19.23574007252642, 57.9979695553563 ], [ 19.23760864017949, 57.99870535189118 ], [ 19.23932884366831, 57.99899585526249 ], [ 19.24058411428596, 57.99884962470252 ], [ 19.24129597950784, 57.99855183729691 ], [ 19.24147475544435, 57.99821004938276 ], [ 19.24296794282272, 57.99608953863657 ], [ 19.24332543652377, 57.99540595825149 ], [ 19.2432200963459, 57.99428561862912 ], [ 19.24298247841603, 57.99401349372484 ], [ 19.24178085352448, 57.99359221424094 ], [ 19.24081559991882, 57.99345207205455 ], [ 19.23886837495836, 57.99299700051159 ], [ 19.23721662369792, 57.99231377897912 ], [ 19.23634786087295, 57.99205418740735 ], [ 19.23263459996125, 57.99192971851591 ], [ 19.22674715907339, 57.99118527668402 ], [ 19.22480065635746, 57.99073446755144 ], [ 19.22356773269676, 57.98998140191121 ], [ 19.22174856227477, 57.98862408845124 ], [ 19.21990218301056, 57.98811211115514 ], [ 19.21857253917226, 57.98747391576441 ], [ 19.21842097656739, 57.98697030969964 ], [ 19.21888986812964, 57.9863422176051 ], [ 19.21969092360174, 57.98587143159597 ], [ 19.2207207858389, 57.98556072262334 ], [ 19.22306144263775, 57.98460375676826 ], [ 19.22386451354561, 57.98413288861598 ], [ 19.22381749575292, 57.98361749054072 ], [ 19.22378118559833, 57.98323658602228 ], [ 19.22310018689752, 57.98274722277076 ], [ 19.22303100165247, 57.98202126289563 ], [ 19.22351210997703, 57.98150064777391 ], [ 19.22543231841058, 57.98055044654506 ], [ 19.22718773757084, 57.98011232956789 ], [ 19.22876943582396, 57.98006973467022 ], [ 19.22964509535223, 57.98038309970616 ], [ 19.23001281607964, 57.9809347833211 ], [ 19.23107800426414, 57.98101839517049 ], [ 19.23189159300572, 57.98065950794311 ], [ 19.23186504840724, 57.98038167392187 ], [ 19.23138975106055, 57.97983289524146 ], [ 19.23133835264941, 57.97927268876916 ], [ 19.23171305139323, 57.97907838534458 ], [ 19.23214422503344, 57.97885560158019 ], [ 19.23286647713555, 57.97866989386822 ], [ 19.23344769885134, 57.97809262491268 ], [ 19.23521875158706, 57.97782020304921 ], [ 19.23742774547394, 57.97657897424374 ], [ 19.2394639050313, 57.97574223004612 ], [ 19.24255172841975, 57.97487251856584 ], [ 19.24315420551006, 57.97451926459659 ], [ 19.24352738685442, 57.97400148640344 ], [ 19.24422241805351, 57.97353340366818 ], [ 19.24483044163053, 57.97323839692596 ], [ 19.24693377020018, 57.97312753756471 ], [ 19.25362913332409, 57.97238443432568 ], [ 19.2559432202553, 57.97226770510502 ], [ 19.25722982289692, 57.97245740166198 ], [ 19.25885216284635, 57.97286260134985 ], [ 19.26408261666963, 57.97339426734864 ], [ 19.26484780091372, 57.97365648530835 ], [ 19.26497483225824, 57.97387766739039 ], [ 19.26505353968683, 57.97471567971147 ], [ 19.26528081699947, 57.97488021863551 ], [ 19.26846006062579, 57.97496434576907 ], [ 19.27082204945437, 57.97422603270764 ], [ 19.27227633785978, 57.97396172387361 ], [ 19.27586073000199, 57.97386388301744 ], [ 19.27693143726357, 57.97400536456686 ], [ 19.27780735483529, 57.97431839503294 ], [ 19.28013851405781, 57.97549020387716 ], [ 19.28195042785015, 57.97673458545861 ], [ 19.28396447196444, 57.97679179191467 ], [ 19.28482399983322, 57.97693449643746 ], [ 19.28538730455276, 57.97731444274032 ], [ 19.28554708473884, 57.97787167337916 ], [ 19.28495795466429, 57.97833709017446 ], [ 19.28490475119882, 57.97890015283298 ], [ 19.28513171071788, 57.97906017395617 ], [ 19.28657328797621, 57.97975302822879 ], [ 19.288482067381, 57.97981304934302 ], [ 19.29193976266663, 57.97949359281324 ], [ 19.29626312692855, 57.97937940135751 ], [ 19.29732840181289, 57.97946245674594 ], [ 19.29927515618806, 57.97991215247675 ], [ 19.30027868165858, 57.98044616901815 ], [ 19.30153469442658, 57.98142252061061 ], [ 19.30190607014127, 57.98197840679381 ], [ 19.30204909656116, 57.98348857285978 ], [ 19.30275826764162, 57.98425531416285 ], [ 19.3036145301733, 57.98546729183744 ], [ 19.30410267797539, 57.98585372181936 ], [ 19.30430191137171, 57.98600998107715 ], [ 19.30495651136882, 57.98621660306077 ], [ 19.30611652586179, 57.98618465755488 ], [ 19.30803832428087, 57.98529153898831 ], [ 19.30854580817299, 57.98505290748335 ], [ 19.31105474905894, 57.98475908326665 ], [ 19.31694272841318, 57.98405289514832 ], [ 19.31774554782342, 57.9839588241615 ], [ 19.32223584122704, 57.9833853571412 ], [ 19.32990557500017, 57.98177109057649 ], [ 19.33154899452641, 57.98128070102977 ], [ 19.3335937416752, 57.98055000766167 ], [ 19.33634335286775, 57.97946272555702 ], [ 19.33772221653201, 57.97841349039845 ], [ 19.33841608146388, 57.97794490540691 ], [ 19.33859912803587, 57.977656759624 ], [ 19.33918224377329, 57.97713733364214 ], [ 19.33955086389958, 57.97656546183386 ], [ 19.33979560546244, 57.97583079466209 ], [ 19.33999177788042, 57.9756546054791 ], [ 19.34002566723439, 57.97492580244987 ], [ 19.34026101693818, 57.97407457803536 ], [ 19.3402001018721, 57.97126816836991 ], [ 19.34043905837874, 57.97047525108748 ], [ 19.34089666006021, 57.96973465794519 ], [ 19.34105756836387, 57.96922247484647 ], [ 19.34142608191285, 57.96865059822544 ], [ 19.34185370935629, 57.96762777769726 ], [ 19.34271074041494, 57.96665140936494 ], [ 19.34366162913431, 57.96555560310136 ], [ 19.34465709695795, 57.96491233769316 ], [ 19.34537802149718, 57.96472151906789 ], [ 19.34672520539781, 57.96438743773099 ], [ 19.348678760154, 57.96390164186506 ], [ 19.34957977163455, 57.96337329457472 ], [ 19.34975734745819, 57.96303136622507 ], [ 19.34989857709728, 57.96123022918847 ], [ 19.35025005381377, 57.96048806430107 ], [ 19.35024689473034, 57.95936490401343 ], [ 19.35000296166019, 57.95903473607772 ], [ 19.34918429773814, 57.95821289383188 ], [ 19.34628679379421, 57.95666723007115 ], [ 19.34400787462577, 57.95605678588019 ], [ 19.34240490956825, 57.95587228722005 ], [ 19.34102989704354, 57.95585665015366 ], [ 19.34031441975377, 57.95610121097947 ], [ 19.33867329315911, 57.95692415284869 ], [ 19.33829853061332, 57.95710980184558 ], [ 19.33768308562454, 57.95729764940209 ], [ 19.33503743848986, 57.95725437021578 ], [ 19.33129454243792, 57.95679669327438 ], [ 19.32512595311125, 57.95528290520394 ], [ 19.32484427325963, 57.95514693555243 ], [ 19.32357401859937, 57.95453963239495 ], [ 19.32310506571136, 57.95404491764901 ], [ 19.32263445779057, 57.95355474012814 ], [ 19.32172005265654, 57.95284770737261 ], [ 19.31908923082488, 57.9518511896992 ], [ 19.31730179883054, 57.9508357971904 ], [ 19.31616065968023, 57.94996875755569 ], [ 19.31344264530272, 57.94807595446576 ], [ 19.31075772432938, 57.94651915299108 ], [ 19.30908662309938, 57.94560827185301 ], [ 19.3065737024661, 57.94457680587121 ], [ 19.30358748869686, 57.94334716307378 ], [ 19.30261936805577, 57.94314468702086 ], [ 19.30082352415492, 57.94314021005899 ], [ 19.29968458438926, 57.9433961954739 ], [ 19.29822084428172, 57.94354878090151 ], [ 19.2965080954365, 57.9433128200114 ], [ 19.29497548228803, 57.94273492077082 ], [ 19.2931578982415, 57.94250628893112 ], [ 19.28596247279899, 57.94236222505673 ], [ 19.28511773008893, 57.94238537237947 ], [ 19.28441297659644, 57.94274164416477 ], [ 19.2843293484021, 57.94296857805341 ], [ 19.28365191619426, 57.94360714712494 ], [ 19.28315108593231, 57.94502263407768 ], [ 19.28286864960732, 57.94649054620575 ], [ 19.28294041994374, 57.9483441313906 ], [ 19.28275663014088, 57.94862772022753 ], [ 19.2820604723743, 57.94909606234271 ], [ 19.27982429270146, 57.95000190490105 ], [ 19.27775803357011, 57.95050319798758 ], [ 19.27424654588503, 57.95133147322879 ], [ 19.27027847982833, 57.95183064823364 ], [ 19.26209024063288, 57.95238619971432 ], [ 19.25350726332145, 57.95211178139732 ], [ 19.24894446028787, 57.9518985939716 ], [ 19.24810682392993, 57.95179999295173 ], [ 19.24434951425958, 57.95134915537155 ], [ 19.24091018717833, 57.95070989776012 ], [ 19.24042024602729, 57.95057937890869 ], [ 19.23689925917932, 57.94963671534743 ], [ 19.23144625546702, 57.94781608207425 ], [ 19.22804876985607, 57.94650144474513 ], [ 19.22714959548886, 57.94591016481453 ], [ 19.22697465599415, 57.94518256033463 ], [ 19.22715332222836, 57.94484079155277 ], [ 19.22738093805348, 57.94388219773688 ], [ 19.22728700481418, 57.93950430195202 ], [ 19.22655556887049, 57.93845473368012 ], [ 19.22544387268559, 57.93786916961662 ], [ 19.22436377270888, 57.93761520861186 ], [ 19.22380728556353, 57.93729323299607 ], [ 19.22272209878916, 57.93698548253703 ], [ 19.22166335100556, 57.93695556150678 ], [ 19.21981870785626, 57.93756676011429 ], [ 19.2163855973563, 57.93810828508993 ], [ 19.21269922157227, 57.93820723868967 ], [ 19.21013403100518, 57.93788067422161 ], [ 19.20712127993555, 57.93728749945729 ], [ 19.20471594977921, 57.93639495767985 ], [ 19.20305645651683, 57.93559473799807 ], [ 19.20168374545095, 57.93445436911988 ], [ 19.19998968108303, 57.93326417196096 ], [ 19.19759876661157, 57.93254183896322 ], [ 19.19691910624121, 57.93205231843964 ], [ 19.19667337484476, 57.93166352440536 ], [ 19.19607833042536, 57.93095159846489 ], [ 19.19526931254067, 57.93018697725421 ], [ 19.19416344814422, 57.92965490757847 ], [ 19.19265933991813, 57.92823491620352 ], [ 19.19146390000502, 57.92787144299099 ], [ 19.18998973419065, 57.92791074382477 ], [ 19.18925771332595, 57.92798416499139 ], [ 19.1858460142262, 57.92762576745234 ], [ 19.18436679381484, 57.9276112255926 ], [ 19.1823185305946, 57.92828120692398 ], [ 19.18154392633658, 57.92875556218403 ], [ 19.1800186670997, 57.92969014305464 ], [ 19.17831766916172, 57.93068777649991 ], [ 19.17712041672134, 57.93145187203963 ], [ 19.17614929173958, 57.93237618145556 ], [ 19.17616484649495, 57.93254199647077 ], [ 19.17557500250288, 57.93300691551521 ], [ 19.17539589763245, 57.93334861669513 ], [ 19.1743982051883, 57.93399057957976 ], [ 19.17243413169161, 57.934438019399 ], [ 19.16978521155998, 57.93433750069725 ], [ 19.16806865319911, 57.9340460160696 ], [ 19.16742080987381, 57.93389244820483 ], [ 19.16619943744853, 57.93325088197828 ], [ 19.16559659339928, 57.932426713319 ], [ 19.16446469613559, 57.93161204447341 ], [ 19.16374069617256, 57.93062035297406 ], [ 19.16339880639355, 57.93035085145259 ], [ 19.16282203597654, 57.92980452413093 ], [ 19.16191679888296, 57.92915456131747 ], [ 19.16153979487959, 57.9284861403387 ], [ 19.16050337495635, 57.92756109305768 ], [ 19.16056683724667, 57.92711015464968 ], [ 19.1608534584248, 57.92676563495002 ], [ 19.16074050915012, 57.92553314975299 ], [ 19.16027750268846, 57.92509612172123 ], [ 19.15938790531025, 57.92461195673784 ], [ 19.15686927043923, 57.92361370957973 ], [ 19.15630606193173, 57.92323322417765 ], [ 19.15576375053577, 57.92307681550385 ], [ 19.1546055896138, 57.92310736923826 ], [ 19.15408958950732, 57.92323329368542 ], [ 19.15319417146602, 57.92381848039021 ], [ 19.15068826048464, 57.92529070756982 ], [ 19.15006692029687, 57.92541939001119 ], [ 19.14815035565552, 57.92524073520529 ], [ 19.14738956503668, 57.92498221989501 ], [ 19.14659001959886, 57.92432937204291 ], [ 19.14593530160262, 57.92294041753399 ], [ 19.14542797579902, 57.92200133465796 ], [ 19.1449493798642, 57.92139394596474 ], [ 19.14456278569174, 57.92061791048137 ], [ 19.14394814638723, 57.91968164473646 ], [ 19.14355119055447, 57.91879356446466 ], [ 19.14280723399578, 57.91757766096021 ], [ 19.14203372591512, 57.91720264363018 ], [ 19.14119654256709, 57.91727855306858 ], [ 19.14038055608075, 57.91758302176267 ], [ 19.13878567240429, 57.91745418629657 ], [ 19.13780706468053, 57.91714293199247 ], [ 19.13710815727018, 57.91643347701545 ], [ 19.13674254959726, 57.91588149882819 ], [ 19.13612778289817, 57.91494071003039 ], [ 19.13598460057806, 57.91337206554323 ], [ 19.13710661385411, 57.91177022391511 ], [ 19.1373966377121, 57.91148407251775 ], [ 19.13749963264837, 57.91127471069333 ] ] ] ] } },
{ "type": "Feature", "properties": { "AREA": 68211820.364510059, "PERIMETER": 39259.41306462614, "SCNRSEIE_": 1539, "SCNRSEIE_I": 4043, "SNID_1": "916", "SNID_2": "0916", "SNID_3": "0916", "SNID_4": 916.0, "NAMN": "Fleringe", "LAN": "Gotlands län", "NOT_": null, "KOMMENTAR": null, "SCNRSEIE_A": 85359441.828999996, "SCNRSEIE_P": 40105.352, "HECTARES": 6821.1820364510104 }, "geometry": { "type": "MultiPolygon", "coordinates": [ [ [ [ 18.86677068069887, 57.83944793828579 ], [ 18.86318586715175, 57.84400856525794 ], [ 18.86085808550466, 57.84698450197554 ], [ 18.85724680387936, 57.84699506606577 ], [ 18.85436049113907, 57.84803026752974 ], [ 18.85227539839683, 57.84960313647193 ], [ 18.8507453663641, 57.85146371933031 ], [ 18.8490862720402, 57.85389325236095 ], [ 18.8450000714253, 57.85627320460797 ], [ 18.84119343152334, 57.85727622585092 ], [ 18.83518819446381, 57.85939635874361 ], [ 18.83156702122098, 57.86020596942665 ], [ 18.82759580758024, 57.8596582192717 ], [ 18.82425294277434, 57.86246001712268 ], [ 18.82146569991249, 57.86483071677071 ], [ 18.8175968507979, 57.86578956752244 ], [ 18.81412658216524, 57.86666579287546 ], [ 18.81498843270711, 57.86743267251703 ], [ 18.81681594515826, 57.8689255748823 ], [ 18.82430077238309, 57.87515331859625 ], [ 18.82740878391817, 57.87722652363744 ], [ 18.83170893546118, 57.87702522823478 ], [ 18.83649856192066, 57.87883350662779 ], [ 18.84330770168923, 57.87818555561596 ], [ 18.8449061906451, 57.87854258052414 ], [ 18.84551344662077, 57.87954323583055 ], [ 18.84435370744324, 57.88438647316546 ], [ 18.84238701845895, 57.89166571292087 ], [ 18.83662365209369, 57.89374402122566 ], [ 18.83340806369757, 57.89723469073117 ], [ 18.83286446728228, 57.89859525717673 ], [ 18.83462276963272, 57.90424917991185 ], [ 18.83645891799381, 57.90861651048583 ], [ 18.83973297572403, 57.91281470708001 ], [ 18.84341671376918, 57.91705693235725 ], [ 18.8472173981738, 57.91987678187927 ], [ 18.85309347498654, 57.92287134071701 ], [ 18.85799012814982, 57.9242630665746 ], [ 18.87150243385612, 57.92450357777334 ], [ 18.88570299046251, 57.92587593668902 ], [ 18.89376362050576, 57.92771061622344 ], [ 18.8961865163764, 57.92760675730447 ], [ 18.89830866762085, 57.92675550133512 ], [ 18.90244938417236, 57.92522610477593 ], [ 18.91048003333533, 57.92377222190269 ], [ 18.91942727252446, 57.92335549672891 ], [ 18.92208073962504, 57.9235779035617 ], [ 18.92377610766157, 57.9244347181161 ], [ 18.9268067081993, 57.92588760442045 ], [ 18.92848246788235, 57.92573859563267 ], [ 18.9356695349972, 57.92003627292124 ], [ 18.93899425220546, 57.91788786827217 ], [ 18.94981391020317, 57.91689267225117 ], [ 18.95763156804357, 57.91574649252313 ], [ 18.96029670576561, 57.91321855919544 ], [ 18.96206334765987, 57.91295902379687 ], [ 18.96837905077745, 57.91394288244445 ], [ 18.9724278623173, 57.91295249314832 ], [ 18.97603440570226, 57.91326678797991 ], [ 18.98919508148006, 57.91490508784184 ], [ 19.00300277143341, 57.91488156167911 ], [ 19.00458288320149, 57.91499449801152 ], [ 19.00834769524845, 57.91973332369183 ], [ 19.01027529450952, 57.92014290536628 ], [ 19.01225050472952, 57.91976060618808 ], [ 19.01871472806127, 57.91387394684504 ], [ 19.025977979161, 57.90750843389782 ], [ 19.02750159875974, 57.90680490368992 ], [ 19.02745340162509, 57.90607836385851 ], [ 19.02474048977734, 57.90518582402305 ], [ 19.02462647658673, 57.90032798059677 ], [ 19.02359378965442, 57.89595165160404 ], [ 19.02263985050728, 57.89377457733247 ], [ 19.02079622460869, 57.89202435178873 ], [ 19.0205293053295, 57.89186938865186 ], [ 19.02058102901267, 57.89146629136659 ], [ 19.01614840876233, 57.89150857383287 ], [ 19.01274248104982, 57.89079947489884 ], [ 19.00918741519714, 57.88992791161948 ], [ 18.99977198691298, 57.88758219910113 ], [ 18.98906216424127, 57.88491336053689 ], [ 18.98189926391164, 57.88345310876562 ], [ 18.96514449969139, 57.88007544594512 ], [ 18.94731728719861, 57.87642566949345 ], [ 18.94938212181475, 57.86967656999697 ], [ 18.9460870908304, 57.86911133028238 ], [ 18.94244429925842, 57.86888247217001 ], [ 18.93863467782996, 57.86857676428546 ], [ 18.93494666043636, 57.86789964472813 ], [ 18.9302932846379, 57.86527412810272 ], [ 18.92506986387033, 57.86260398019891 ], [ 18.92154783001301, 57.86057022194622 ], [ 18.91875073905513, 57.8582895560342 ], [ 18.91657772017471, 57.85652346579023 ], [ 18.91452282190657, 57.85490279271242 ], [ 18.91354004655629, 57.85105465392835 ], [ 18.90752002560592, 57.85078870596241 ], [ 18.89542728199594, 57.85025284310793 ], [ 18.89342336926826, 57.84763775861179 ], [ 18.88945975998959, 57.84241999225375 ], [ 18.88600790223989, 57.84222094199519 ], [ 18.88265824023885, 57.84176315725282 ], [ 18.87399012157738, 57.84133983102113 ], [ 18.86677068069887, 57.83944793828579 ] ] ] ] } },
{ "type": "Feature", "properties": { "AREA": 33650517.577077031, "PERIMETER": 26214.86659940163, "SCNRSEIE_": 1541, "SCNRSEIE_I": 4049, "SNID_1": "929", "SNID_2": "0929", "SNID_3": "0929", "SNID_4": 929.0, "NAMN": "Hall", "LAN": "Gotlands län", "NOT_": null, "KOMMENTAR": null, "SCNRSEIE_A": 39275402.232000001, "SCNRSEIE_P": 27708.346, "HECTARES": 3365.0517577076998 }, "geometry": { "type": "MultiPolygon", "coordinates": [ [ [ [ 18.77874305836002, 57.87310362855538 ], [ 18.77431850975145, 57.87333635082835 ], [ 18.77048977817792, 57.87339891485549 ], [ 18.76391751162155, 57.87316146872144 ], [ 18.75351346171954, 57.87276578127945 ], [ 18.74385083001248, 57.87269789049954 ], [ 18.73812044004468, 57.8725698966839 ], [ 18.73147890868806, 57.8791555240682 ], [ 18.72258133383512, 57.87647661533205 ], [ 18.71711774084884, 57.87483224141547 ], [ 18.71429335197274, 57.87900709210516 ], [ 18.7076244149272, 57.88223214068894 ], [ 18.70479976260493, 57.88063917445693 ], [ 18.69841934296136, 57.87749676981864 ], [ 18.69346074739445, 57.87285744482177 ], [ 18.69018203648037, 57.87349793571092 ], [ 18.66764669281657, 57.87762405329753 ], [ 18.65567575614382, 57.87977544988181 ], [ 18.62613186748588, 57.8851278689903 ], [ 18.62690465942547, 57.88577685384176 ], [ 18.62861383628476, 57.8871402500839 ], [ 18.63335176562439, 57.89034065651646 ], [ 18.6390164612754, 57.89287341453097 ], [ 18.65222800273011, 57.89759956329326 ], [ 18.66408955597656, 57.90270513402292 ], [ 18.67643436248285, 57.9081131344779 ], [ 18.68828458608177, 57.91362104417497 ], [ 18.69684707939942, 57.91934651931165 ], [ 18.6985848384929, 57.92059158901328 ], [ 18.71005645047753, 57.92131795173173 ], [ 18.71807256036052, 57.92273345538251 ], [ 18.72126214260852, 57.92500498964056 ], [ 18.72546706327737, 57.92729803003682 ], [ 18.73316781727071, 57.92854916626773 ], [ 18.73631468239334, 57.92820708780399 ], [ 18.74488645702592, 57.92523306429953 ], [ 18.75530939398048, 57.92096672426515 ], [ 18.75975440802947, 57.91403577074586 ], [ 18.76515201616812, 57.90577978565805 ], [ 18.76863922113982, 57.89771187267575 ], [ 18.77390851537319, 57.88917993291039 ], [ 18.77762848900431, 57.88254367516031 ], [ 18.78049533048715, 57.87661904252312 ], [ 18.78000328964595, 57.87556149859364 ], [ 18.77853794401481, 57.87435606618642 ], [ 18.77874305836002, 57.87310362855538 ] ] ] ] } },
{ "type": "Feature", "properties": { "AREA": 35287562.583519757, "PERIMETER": 32805.943509411882, "SCNRSEIE_": 1557, "SCNRSEIE_I": 4085, "SNID_1": "903", "SNID_2": "0903", "SNID_3": "0903", "SNID_4": 903.0, "NAMN": "Bunge", "LAN": "Gotlands län", "NOT_": null, "KOMMENTAR": null, "SCNRSEIE_A": 58315362.325999998, "SCNRSEIE_P": 35480.637, "HECTARES": 3528.7562583519798 }, "geometry": { "type": "MultiPolygon", "coordinates": [ [ [ [ 19.01879204736336, 57.82783856792674 ], [ 19.01649424016335, 57.82933893481137 ], [ 19.01264822459468, 57.83107146871789 ], [ 19.0085938093784, 57.83290357619503 ], [ 19.00412139107303, 57.83289967297166 ], [ 19.00060119164772, 57.83233249019389 ], [ 18.99739180518168, 57.83294346710471 ], [ 18.99357601097158, 57.83365038798511 ], [ 18.99027189788251, 57.8357909040668 ], [ 18.99158834332946, 57.83872733473418 ], [ 18.99098655048658, 57.84090327019273 ], [ 18.98904608496522, 57.8425152798192 ], [ 18.98878374817408, 57.84491180821872 ], [ 18.98860792452449, 57.84678500403007 ], [ 18.98720617589703, 57.84849128407894 ], [ 18.98359091328718, 57.85034746813937 ], [ 18.98045450948836, 57.85116272919105 ], [ 18.97778004703791, 57.85004816426166 ], [ 18.97448402055007, 57.84911979818214 ], [ 18.97160923529248, 57.85022931666087 ], [ 18.96323547754288, 57.85428791547162 ], [ 18.95740573286585, 57.85712382690545 ], [ 18.94596116958578, 57.86268605179753 ], [ 18.93958573630613, 57.86570074191465 ], [ 18.93494666043636, 57.86789964472813 ], [ 18.93863467782996, 57.86857676428546 ], [ 18.94244429925842, 57.86888247217001 ], [ 18.9460870908304, 57.86911133028238 ], [ 18.94938212181475, 57.86967656999697 ], [ 18.94731728719861, 57.87642566949345 ], [ 18.96514449969139, 57.88007544594512 ], [ 18.98189926391164, 57.88345310876562 ], [ 18.98906216424127, 57.88491336053689 ], [ 18.99977198691298, 57.88758219910113 ], [ 19.00918741519714, 57.88992791161948 ], [ 19.01274248104982, 57.89079947489884 ], [ 19.01614840876233, 57.89150857383287 ], [ 19.02058102901267, 57.89146629136659 ], [ 19.02072824181571, 57.89031897751499 ], [ 19.02055665876908, 57.88273123385974 ], [ 19.0223638666413, 57.88162523534097 ], [ 19.02787397600474, 57.88043421457252 ], [ 19.030023640214, 57.87825920175644 ], [ 19.02963953707535, 57.87057799984613 ], [ 19.03057983490105, 57.86921536898349 ], [ 19.03261439319374, 57.86821124521263 ], [ 19.03552127678956, 57.86753528706657 ], [ 19.04332010569275, 57.86707592394912 ], [ 19.05399824195736, 57.86638963748098 ], [ 19.0568940442825, 57.86559666078593 ], [ 19.0642218757518, 57.85844532510365 ], [ 19.06861774403232, 57.85114436210259 ], [ 19.08062803757694, 57.84699818485255 ], [ 19.08643472965317, 57.84321814107204 ], [ 19.08817886509373, 57.84127716145592 ], [ 19.09305535437193, 57.83230054852475 ], [ 19.09486114614409, 57.82494885144777 ], [ 19.09910872821279, 57.81853103047714 ], [ 19.09726862405649, 57.8151555131101 ], [ 19.09518241677319, 57.81424827398882 ], [ 19.08914504095238, 57.8137668925365 ], [ 19.08646267036998, 57.81444734153062 ], [ 19.08172052684212, 57.81933207279342 ], [ 19.07690225871708, 57.82617729828295 ], [ 19.06960230656489, 57.83316708646539 ], [ 19.06764298659284, 57.83366676133347 ], [ 19.06572995717475, 57.83337453930721 ], [ 19.06019482422812, 57.82710150897154 ], [ 19.05857474533414, 57.82557072862878 ], [ 19.05671568183157, 57.82605868129325 ], [ 19.05365158458591, 57.82868893961049 ], [ 19.05068848594722, 57.83338305597138 ], [ 19.04813170039571, 57.83623378389125 ], [ 19.04531542667109, 57.83657532107992 ], [ 19.04179678163634, 57.8360362383384 ], [ 19.03614245646237, 57.83384437473756 ], [ 19.02825110080871, 57.82847461998276 ], [ 19.02489439016063, 57.82615197697773 ], [ 19.02137986797265, 57.82847838815411 ], [ 19.01966428763862, 57.82831524330544 ], [ 19.01879204736336, 57.82783856792674 ] ] ] ] } },
{ "type": "Feature", "properties": { "AREA": 85548665.69540292, "PERIMETER": 45463.047864820139, "SCNRSEIE_": 1567, "SCNRSEIE_I": 4098, "SNID_1": "932", "SNID_2": "0932", "SNID_3": "0932", "SNID_4": 932.0, "NAMN": "Hangvar", "LAN": "Gotlands län", "NOT_": null, "KOMMENTAR": null, "SCNRSEIE_A": 89471611.363999993, "SCNRSEIE_P": 47601.885, "HECTARES": 8554.8665695402906 }, "geometry": { "type": "MultiPolygon", "coordinates": [ [ [ [ 18.67229538072675, 57.78444092553274 ], [ 18.67161951594766, 57.78220132264573 ], [ 18.66968685531858, 57.77563758633232 ], [ 18.66673894504054, 57.77286092305519 ], [ 18.66538405643864, 57.77092861332178 ], [ 18.66216691520465, 57.76848577057707 ], [ 18.64562789070379, 57.76764933348839 ], [ 18.64164491337672, 57.76908611005922 ], [ 18.63461539665414, 57.77295341206003 ], [ 18.62861452522879, 57.77620451585064 ], [ 18.62429054086516, 57.77854665221368 ], [ 18.61997324394077, 57.78030460100837 ], [ 18.61189599778984, 57.78362343148444 ], [ 18.60951840378796, 57.78709416358211 ], [ 18.60815489870104, 57.7890871804286 ], [ 18.60396278698211, 57.79506844006206 ], [ 18.60113579836987, 57.79911042116639 ], [ 18.59774643329483, 57.80399564657183 ], [ 18.59615780986252, 57.80630341476451 ], [ 18.59788541149396, 57.81044839201664 ], [ 18.59525777310847, 57.81202764852953 ], [ 18.59335855062493, 57.81506084242012 ], [ 18.59077440983681, 57.81781257830815 ], [ 18.58211600248094, 57.82066604999805 ], [ 18.57278789639945, 57.8237535445456 ], [ 18.5760210258463, 57.82924358280933 ], [ 18.58210112274066, 57.83957155720886 ], [ 18.58244064395813, 57.84012288671267 ], [ 18.5838981960702, 57.83944690772648 ], [ 18.58583247830835, 57.83897332958658 ], [ 18.5918501833875, 57.83902992889713 ], [ 18.59823583460004, 57.83992256854702 ], [ 18.61052585113683, 57.84395438013882 ], [ 18.61493573448923, 57.8516902328563 ], [ 18.61708467908467, 57.85526290027924 ], [ 18.61795330280562, 57.85883697139377 ], [ 18.61841635962013, 57.86628284821998 ], [ 18.62114274407447, 57.8742085412078 ], [ 18.62410523026866, 57.87823917124786 ], [ 18.62340530435926, 57.8820097324502 ], [ 18.62427801074912, 57.88389481497088 ], [ 18.62562285785538, 57.88470039092108 ], [ 18.62613186748588, 57.8851278689903 ], [ 18.65567575614382, 57.87977544988181 ], [ 18.66764669281657, 57.87762405329753 ], [ 18.69018203648037, 57.87349793571092 ], [ 18.69346074739445, 57.87285744482177 ], [ 18.69841934296136, 57.87749676981864 ], [ 18.70479976260493, 57.88063917445693 ], [ 18.7076244149272, 57.88223214068894 ], [ 18.71429335197274, 57.87900709210516 ], [ 18.71711774084884, 57.87483224141547 ], [ 18.72258133383512, 57.87647661533205 ], [ 18.73147890868806, 57.8791555240682 ], [ 18.73812044004468, 57.8725698966839 ], [ 18.74385083001248, 57.87269789049954 ], [ 18.75351346171954, 57.87276578127945 ], [ 18.76391751162155, 57.87316146872144 ], [ 18.77048977817792, 57.87339891485549 ], [ 18.77431850975145, 57.87333635082835 ], [ 18.77874305836002, 57.87310362855538 ], [ 18.77878459644367, 57.87284998549404 ], [ 18.77879196800077, 57.87212212133422 ], [ 18.77890452463337, 57.87042153698422 ], [ 18.77977368168835, 57.86808333384672 ], [ 18.78439771278949, 57.85957493931936 ], [ 18.78556626263308, 57.85536100608966 ], [ 18.78918681520288, 57.85145774585216 ], [ 18.79110046677252, 57.84790899437048 ], [ 18.78695006564502, 57.84580556114827 ], [ 18.78655473153515, 57.84469186550914 ], [ 18.78645148392737, 57.84323889999197 ], [ 18.7867458533308, 57.84170471740193 ], [ 18.78682393426678, 57.84169177433738 ], [ 18.78375167837742, 57.84056222712179 ], [ 18.78101015569104, 57.83951705811923 ], [ 18.77653425836516, 57.83893915258442 ], [ 18.77152044228249, 57.83878257113144 ], [ 18.76747963652362, 57.83865239103045 ], [ 18.76287505731645, 57.83850378587849 ], [ 18.75927592234461, 57.83836753823061 ], [ 18.75485388144689, 57.83684442284855 ], [ 18.75171376173514, 57.83611337908452 ], [ 18.74824936784477, 57.83850256880913 ], [ 18.74446248840235, 57.8368879909614 ], [ 18.7442805622987, 57.83307863301109 ], [ 18.73885777181438, 57.83554438065881 ], [ 18.73704722611757, 57.83318764659236 ], [ 18.73970818938536, 57.83147754066826 ], [ 18.73443820820929, 57.82960049900072 ], [ 18.73003514344413, 57.82823333296595 ], [ 18.72490015894588, 57.82663571135148 ], [ 18.72150548861874, 57.82661499022512 ], [ 18.71247269566939, 57.82618907790916 ], [ 18.7023318785124, 57.82244285526757 ], [ 18.70084496833989, 57.82062361156998 ], [ 18.69766043388301, 57.81672662262049 ], [ 18.68908726858949, 57.80858063433157 ], [ 18.68164770971862, 57.80392549778033 ], [ 18.67938003707259, 57.80009147516846 ], [ 18.6758127157566, 57.79566710842725 ], [ 18.67226573892515, 57.79074805764495 ], [ 18.67226932736128, 57.78861887282369 ], [ 18.67228151133215, 57.78675892749578 ], [ 18.67229538072675, 57.78444092553274 ] ] ] ] } },
{ "type": "Feature", "properties": { "AREA": 62859581.423007905, "PERIMETER": 48045.970310056982, "SCNRSEIE_": 1573, "SCNRSEIE_I": 4109, "SNID_1": "960", "SNID_2": "0960", "SNID_3": "0960", "SNID_4": 960.0, "NAMN": "Rute", "LAN": "Gotlands län", "NOT_": null, "KOMMENTAR": null, "SCNRSEIE_A": 106652088.169, "SCNRSEIE_P": 48653.138, "HECTARES": 6285.9581423007903 }, "geometry": { "type": "MultiPolygon", "coordinates": [ [ [ [ 18.86677068069887, 57.83944793828579 ], [ 18.87399012157738, 57.84133983102113 ], [ 18.88265824023885, 57.84176315725282 ], [ 18.88600790223989, 57.84222094199519 ], [ 18.88945975998959, 57.84241999225375 ], [ 18.89342336926826, 57.84763775861179 ], [ 18.89542728199594, 57.85025284310793 ], [ 18.90752002560592, 57.85078870596241 ], [ 18.91354004655629, 57.85105465392835 ], [ 18.91452282190657, 57.85490279271242 ], [ 18.91657772017471, 57.85652346579023 ], [ 18.91875073905513, 57.8582895560342 ], [ 18.92154783001301, 57.86057022194622 ], [ 18.92506986387033, 57.86260398019891 ], [ 18.9302932846379, 57.86527412810272 ], [ 18.93494666043636, 57.86789964472813 ], [ 18.93958573630613, 57.86570074191465 ], [ 18.94596116958578, 57.86268605179753 ], [ 18.95740573286585, 57.85712382690545 ], [ 18.96323547754288, 57.85428791547162 ], [ 18.97160923529248, 57.85022931666087 ], [ 18.97448402055007, 57.84911979818214 ], [ 18.97778004703791, 57.85004816426166 ], [ 18.98045450948836, 57.85116272919105 ], [ 18.98359091328718, 57.85034746813937 ], [ 18.98720617589703, 57.84849128407894 ], [ 18.98860792452449, 57.84678500403007 ], [ 18.98878374817408, 57.84491180821872 ], [ 18.98904608496522, 57.8425152798192 ], [ 18.99098655048658, 57.84090327019273 ], [ 18.99158834332946, 57.83872733473418 ], [ 18.99027189788251, 57.8357909040668 ], [ 18.99357601097158, 57.83365038798511 ], [ 18.99739180518168, 57.83294346710471 ], [ 19.00060119164772, 57.83233249019389 ], [ 19.00412139107303, 57.83289967297166 ], [ 19.0085938093784, 57.83290357619503 ], [ 19.01264822459468, 57.83107146871789 ], [ 19.01649424016335, 57.82933893481137 ], [ 19.01879204736336, 57.82783856792674 ], [ 19.0184073407824, 57.82762832151931 ], [ 19.01802572955049, 57.82731454015151 ], [ 19.01743496568424, 57.82502940742052 ], [ 19.01690884869026, 57.81760334437908 ], [ 19.0163889444205, 57.81175844043148 ], [ 19.01499815454655, 57.81145224454535 ], [ 19.01388382251444, 57.81198360429411 ], [ 19.01179980434122, 57.8150552201017 ], [ 19.01095990473224, 57.81507646302317 ], [ 19.0105610321378, 57.81266965019082 ], [ 19.01128147628207, 57.81130371641029 ], [ 19.01476605348895, 57.80713644438891 ], [ 19.01404510134316, 57.80603160155233 ], [ 19.01232281350679, 57.80540133544403 ], [ 19.00851634251042, 57.80537180962789 ], [ 19.00713930734713, 57.80388818185971 ], [ 19.00521562769022, 57.80079210465515 ], [ 19.00044226339155, 57.7962943873083 ], [ 18.99637243479556, 57.79403395571073 ], [ 18.99435403185643, 57.79385116536301 ], [ 18.99177851626463, 57.79441011469282 ], [ 18.99109153768187, 57.7938703360797 ], [ 18.99138469841514, 57.79089801309407 ], [ 18.99239435640304, 57.78346023357257 ], [ 18.99450756897483, 57.78072062393399 ], [ 18.9976293877229, 57.78026463966724 ], [ 19.00146081855894, 57.78079696900945 ], [ 19.00527883777199, 57.78250652727825 ], [ 19.00967711663178, 57.78487515960693 ], [ 19.01333847886039, 57.78462077849744 ], [ 19.01698983533456, 57.78557949345784 ], [ 19.02044953732543, 57.7866507873732 ], [ 19.02439556374017, 57.78600251609279 ], [ 19.02683892723831, 57.78359536767324 ], [ 19.02763574224533, 57.78026867826937 ], [ 19.02790744392761, 57.7784108868201 ], [ 19.02618478083704, 57.77530999920262 ], [ 19.02783235801643, 57.77341721547654 ], [ 19.03599683336197, 57.76880664763694 ], [ 19.03682331279756, 57.76733001024432 ], [ 19.03639048799227, 57.76436705026575 ], [ 19.03563459296266, 57.7630565669439 ], [ 19.03477975019041, 57.76195525565295 ], [ 19.03386109827256, 57.76108018837733 ], [ 19.03247213147361, 57.76077416397384 ], [ 19.02842835842677, 57.76142522103867 ], [ 19.02305966810795, 57.76003431444023 ], [ 19.0197222086862, 57.75595908532735 ], [ 19.01836451337038, 57.74805093700309 ], [ 19.01763984108202, 57.74461914222918 ], [ 19.01438272440954, 57.74047886392984 ], [ 19.01240905638381, 57.73963039290015 ], [ 19.01076211960308, 57.74000454173939 ], [ 19.00908954493786, 57.74768397507042 ], [ 19.01023340090547, 57.75282129698108 ], [ 19.00837428810175, 57.75593215550433 ], [ 19.00638374399331, 57.75927092280418 ], [ 19.00576135124964, 57.76344661047751 ], [ 19.00534622421906, 57.76559547862585 ], [ 19.00174477432141, 57.7716433200364 ], [ 18.99907158366702, 57.77755083617957 ], [ 18.99765249904857, 57.77843117019864 ], [ 18.99378472507532, 57.77862740770514 ], [ 18.99156246150894, 57.77306786847598 ], [ 18.9896411905369, 57.77282866916129 ], [ 18.9847760028845, 57.77506228118516 ], [ 18.98355909353682, 57.77441896628585 ], [ 18.98175337873888, 57.7687949192105 ], [ 18.98018027386074, 57.76887928228982 ], [ 18.97713930528561, 57.77427439273035 ], [ 18.96592578023388, 57.77911885488183 ], [ 18.95910196340676, 57.78553320220351 ], [ 18.95516699275817, 57.78844325855488 ], [ 18.95318813194772, 57.78870806481735 ], [ 18.95172265641163, 57.78733388738308 ], [ 18.95096154453464, 57.78516055276202 ], [ 18.95044738156764, 57.78365353895136 ], [ 18.94591965171941, 57.78465665012089 ], [ 18.94216531272662, 57.78505515388301 ], [ 18.93174835035559, 57.78619308698809 ], [ 18.92663486464756, 57.78819239624324 ], [ 18.91639383089467, 57.79219530352543 ], [ 18.91122893682398, 57.79425363183921 ], [ 18.90348151891616, 57.79690942843352 ], [ 18.9000390478958, 57.79760452602844 ], [ 18.89567686939636, 57.79834432754849 ], [ 18.89138841993416, 57.79953144391819 ], [ 18.88812393047562, 57.80017245754368 ], [ 18.8829279319811, 57.79990910246052 ], [ 18.88233496205777, 57.80175056258484 ], [ 18.8814693418096, 57.80368979851409 ], [ 18.88095149314157, 57.8059842989555 ], [ 18.87918320033253, 57.80913574717469 ], [ 18.87773762327309, 57.81076554216705 ], [ 18.87559252066252, 57.81285693940706 ], [ 18.87277338425774, 57.81491967503032 ], [ 18.87019079834595, 57.81808619056668 ], [ 18.86929612844454, 57.81986869571693 ], [ 18.86796676348006, 57.82255569546339 ], [ 18.86736599579624, 57.82445687222585 ], [ 18.86665844487563, 57.82628874565611 ], [ 18.86739272959338, 57.83017921112438 ], [ 18.8687943817548, 57.8331999773533 ], [ 18.86903397705488, 57.83532794572834 ], [ 18.86794215270836, 57.83732184564029 ], [ 18.86677068069887, 57.83944793828579 ] ] ] ] } },
{ "type": "Feature", "properties": { "AREA": 106196813.23137952, "PERIMETER": 61880.033904413503, "SCNRSEIE_": 1575, "SCNRSEIE_I": 4111, "SNID_1": "951", "SNID_2": "0951", "SNID_3": "0951", "SNID_4": 951.0, "NAMN": "Lärbro", "LAN": "Gotlands län", "NOT_": null, "KOMMENTAR": null, "SCNRSEIE_A": 111806811.99699999, "SCNRSEIE_P": 63550.569, "HECTARES": 10619.681323137949 }, "geometry": { "type": "MultiPolygon", "coordinates": [ [ [ [ 18.67229538072675, 57.78444092553274 ], [ 18.67228151133215, 57.78675892749578 ], [ 18.67226932736128, 57.78861887282369 ], [ 18.67226573892515, 57.79074805764495 ], [ 18.6758127157566, 57.79566710842725 ], [ 18.67938003707259, 57.80009147516846 ], [ 18.68164770971862, 57.80392549778033 ], [ 18.68908726858949, 57.80858063433157 ], [ 18.69766043388301, 57.81672662262049 ], [ 18.70084496833989, 57.82062361156998 ], [ 18.7023318785124, 57.82244285526757 ], [ 18.71247269566939, 57.82618907790916 ], [ 18.72150548861874, 57.82661499022512 ], [ 18.72490015894588, 57.82663571135148 ], [ 18.73003514344413, 57.82823333296595 ], [ 18.73443820820929, 57.82960049900072 ], [ 18.73970818938536, 57.83147754066826 ], [ 18.73704722611757, 57.83318764659236 ], [ 18.73885777181438, 57.83554438065881 ], [ 18.7442805622987, 57.83307863301109 ], [ 18.74446248840235, 57.8368879909614 ], [ 18.74824936784477, 57.83850256880913 ], [ 18.75171376173514, 57.83611337908452 ], [ 18.75485388144689, 57.83684442284855 ], [ 18.75927592234461, 57.83836753823061 ], [ 18.76287505731645, 57.83850378587849 ], [ 18.76747963652362, 57.83865239103045 ], [ 18.77152044228249, 57.83878257113144 ], [ 18.77653425836516, 57.83893915258442 ], [ 18.78101015569104, 57.83951705811923 ], [ 18.78375167837742, 57.84056222712179 ], [ 18.78682393426678, 57.84169177433738 ], [ 18.78737737040726, 57.8416000325132 ], [ 18.78895614665222, 57.84133830667509 ], [ 18.79027205569118, 57.84075034237815 ], [ 18.79154841200147, 57.83663261219447 ], [ 18.79336812346254, 57.82789330025551 ], [ 18.79522380981865, 57.82752613798527 ], [ 18.79961392246497, 57.82827602704381 ], [ 18.80125666302822, 57.82919851165263 ], [ 18.80078442895579, 57.83203063297425 ], [ 18.79779930761791, 57.83543415411189 ], [ 18.79994811982627, 57.83879733717017 ], [ 18.80536181340018, 57.84677293900411 ], [ 18.80737908685053, 57.85278939283158 ], [ 18.80917715860824, 57.85353741963655 ], [ 18.8150181692886, 57.85628284179531 ], [ 18.81671903359504, 57.85949468667143 ], [ 18.8164063466272, 57.86079580283554 ], [ 18.81522068888923, 57.86193795003238 ], [ 18.81445629275412, 57.86307907893124 ], [ 18.81370083089828, 57.8643277982805 ], [ 18.81324178654857, 57.86529098260795 ], [ 18.8133072575136, 57.86587338894208 ], [ 18.81351328767233, 57.86612005596419 ], [ 18.81412658216524, 57.86666579287546 ], [ 18.8175968507979, 57.86578956752244 ], [ 18.82146569991249, 57.86483071677071 ], [ 18.82425294277434, 57.86246001712268 ], [ 18.82759580758024, 57.8596582192717 ], [ 18.83156702122098, 57.86020596942665 ], [ 18.83518819446381, 57.85939635874361 ], [ 18.84119343152334, 57.85727622585092 ], [ 18.8450000714253, 57.85627320460797 ], [ 18.8490862720402, 57.85389325236095 ], [ 18.8507453663641, 57.85146371933031 ], [ 18.85227539839683, 57.84960313647193 ], [ 18.85436049113907, 57.84803026752974 ], [ 18.85724680387936, 57.84699506606577 ], [ 18.86085808550466, 57.84698450197554 ], [ 18.86318586715175, 57.84400856525794 ], [ 18.86677068069887, 57.83944793828579 ], [ 18.86794215270836, 57.83732184564029 ], [ 18.86903397705488, 57.83532794572834 ], [ 18.8687943817548, 57.8331999773533 ], [ 18.86739272959338, 57.83017921112438 ], [ 18.86665844487563, 57.82628874565611 ], [ 18.86736599579624, 57.82445687222585 ], [ 18.86796676348006, 57.82255569546339 ], [ 18.86929612844454, 57.81986869571693 ], [ 18.87019079834595, 57.81808619056668 ], [ 18.87277338425774, 57.81491967503032 ], [ 18.87559252066252, 57.81285693940706 ], [ 18.87773762327309, 57.81076554216705 ], [ 18.87918320033253, 57.80913574717469 ], [ 18.88095149314157, 57.8059842989555 ], [ 18.8814693418096, 57.80368979851409 ], [ 18.88233496205777, 57.80175056258484 ], [ 18.8829279319811, 57.79990910246052 ], [ 18.87650260150524, 57.79958313918546 ], [ 18.86867427768027, 57.79614291286462 ], [ 18.85818472160886, 57.79155357652083 ], [ 18.85994426845318, 57.78900903614565 ], [ 18.86815678116007, 57.78912078639991 ], [ 18.86760880955681, 57.79158666930338 ], [ 18.88739306726831, 57.79281410850133 ], [ 18.88727225753373, 57.79028792701291 ], [ 18.88569458174311, 57.78712337507694 ], [ 18.87932882037559, 57.78778112515439 ], [ 18.87549102999724, 57.78468474799219 ], [ 18.87219956845876, 57.78348417829601 ], [ 18.86879483853276, 57.78359798821668 ], [ 18.86546191072931, 57.7841636280702 ], [ 18.86146157600488, 57.78089116183922 ], [ 18.86967534460819, 57.77756624799084 ], [ 18.8682133006162, 57.77479845238935 ], [ 18.86729425270252, 57.77305528769106 ], [ 18.86516106023107, 57.76883481229045 ], [ 18.861222736205, 57.76637391105005 ], [ 18.8555014450999, 57.76279677394658 ], [ 18.85222382710882, 57.76075538608452 ], [ 18.85539211686885, 57.75900809893603 ], [ 18.85859696946706, 57.75961364879139 ], [ 18.86204616950162, 57.75990333488 ], [ 18.86331418423881, 57.75603638359447 ], [ 18.86490440383902, 57.75126330840595 ], [ 18.86955897564205, 57.74433613189088 ], [ 18.86607967110442, 57.7430277790012 ], [ 18.86679779180523, 57.74098895811102 ], [ 18.86463466865457, 57.73887602048846 ], [ 18.8646709798508, 57.73530385543437 ], [ 18.86471758462915, 57.73249965957773 ], [ 18.86478122233356, 57.72877856815801 ], [ 18.8638917287995, 57.72614974101926 ], [ 18.86271643861055, 57.72266973455543 ], [ 18.86156929292736, 57.72193621867192 ], [ 18.86069746733452, 57.72222440279153 ], [ 18.85813907014445, 57.7231486236813 ], [ 18.8558023303769, 57.72291746222454 ], [ 18.85366461231351, 57.72245685853756 ], [ 18.85179889291739, 57.7228341938121 ], [ 18.85011829206666, 57.7256148279704 ], [ 18.84282024921909, 57.72729950845542 ], [ 18.83794758496601, 57.72867412184932 ], [ 18.83458732550528, 57.73307597008091 ], [ 18.83026973703873, 57.73970171154325 ], [ 18.82652955191775, 57.74360029088329 ], [ 18.82609223727874, 57.74641377758914 ], [ 18.82477581667868, 57.74694828541649 ], [ 18.82357163533335, 57.74641099183309 ], [ 18.82310130256685, 57.74137311677421 ], [ 18.81981648721001, 57.74671605814773 ], [ 18.81604897667783, 57.74707521064521 ], [ 18.81451027790456, 57.74615048486575 ], [ 18.81389395609337, 57.74439526106761 ], [ 18.81234191246393, 57.73946391934862 ], [ 18.81107924483245, 57.7394310110681 ], [ 18.80882440685093, 57.74161374695931 ], [ 18.80736227739469, 57.74181013370131 ], [ 18.80571005134999, 57.74072628482763 ], [ 18.80418381452649, 57.73852540660535 ], [ 18.80274810332903, 57.73579230872967 ], [ 18.80278032858194, 57.73560040999523 ], [ 18.79683094808164, 57.73639942218859 ], [ 18.79080733216258, 57.73729623389434 ], [ 18.79014298365427, 57.74019125100872 ], [ 18.78549967416199, 57.74021077297631 ], [ 18.78076833076522, 57.74192124097252 ], [ 18.771098842142, 57.74406164612907 ], [ 18.75168804143265, 57.74778490399632 ], [ 18.75337395415418, 57.74947953145391 ], [ 18.75684209999681, 57.75025669456748 ], [ 18.75890682095888, 57.7549161679814 ], [ 18.76029520382385, 57.75913317173335 ], [ 18.7564222632981, 57.76190511456905 ], [ 18.74857540483331, 57.76563633683946 ], [ 18.74323466581107, 57.76769181921319 ], [ 18.73521853050173, 57.76798977628501 ], [ 18.73527309641634, 57.77019404826746 ], [ 18.73461375891139, 57.77269325508316 ], [ 18.73373088295005, 57.77596131320632 ], [ 18.73296483957442, 57.77898856883956 ], [ 18.73250484243936, 57.78080949459288 ], [ 18.73103893841833, 57.783686686103 ], [ 18.72408485999625, 57.78340680992626 ], [ 18.71632932672702, 57.78309564775448 ], [ 18.70279578662612, 57.78256136616407 ], [ 18.69623272053711, 57.78230246839401 ], [ 18.68538784209335, 57.78350166445331 ], [ 18.67229538072675, 57.78444092553274 ] ] ] ] } },
{ "type": "Feature", "properties": { "AREA": 55161411.917893291, "PERIMETER": 39812.82149743256, "SCNRSEIE_": 1590, "SCNRSEIE_I": 4132, "SNID_1": "966", "SNID_2": "0966", "SNID_3": "0966", "SNID_4": 966.0, "NAMN": "Stenkyrka", "LAN": "Gotlands län", "NOT_": null, "KOMMENTAR": null, "SCNRSEIE_A": 58672838.169, "SCNRSEIE_P": 42860.347, "HECTARES": 5516.1411917893302 }, "geometry": { "type": "MultiPolygon", "coordinates": [ [ [ [ 18.57152899309212, 57.76519694424793 ], [ 18.57202154431191, 57.76012414318014 ], [ 18.57476391344146, 57.75903563579453 ], [ 18.57789450750029, 57.7569010045349 ], [ 18.57736939703106, 57.75339101563961 ], [ 18.57552009120774, 57.75073825034259 ], [ 18.56393589956687, 57.74704114745916 ], [ 18.56465215932223, 57.74527833374115 ], [ 18.5628532980005, 57.74333222206121 ], [ 18.56088394351245, 57.74173568026925 ], [ 18.55349622916962, 57.74433060152854 ], [ 18.54591658149301, 57.74684396544172 ], [ 18.54147486267631, 57.74601024654938 ], [ 18.54049256565144, 57.74896444971199 ], [ 18.53945311708574, 57.75208159119369 ], [ 18.54052037502197, 57.75489270943658 ], [ 18.54160923611251, 57.75704313036704 ], [ 18.5395869419019, 57.76372537898019 ], [ 18.55004205199515, 57.76464018019924 ], [ 18.55464626044756, 57.76531287955524 ], [ 18.55327153736015, 57.76710347126616 ], [ 18.55171579721136, 57.76892033661142 ], [ 18.55084834492442, 57.77094687472193 ], [ 18.54954724104645, 57.77293787071485 ], [ 18.53940883869867, 57.77207455599576 ], [ 18.51940786868916, 57.77030368106514 ], [ 18.51523785249211, 57.76993035122025 ], [ 18.51050771666355, 57.7695103648979 ], [ 18.50357057394231, 57.76891271435075 ], [ 18.49919287565294, 57.76853870725249 ], [ 18.49401355172869, 57.76809180738568 ], [ 18.48803658462998, 57.76748641177139 ], [ 18.47925934669639, 57.77379381460104 ], [ 18.47272482822637, 57.77843190937416 ], [ 18.46831762791819, 57.77661125302942 ], [ 18.46377936817676, 57.78135072937749 ], [ 18.46459666787547, 57.78326039816393 ], [ 18.45963682375124, 57.78496776493782 ], [ 18.46426679517544, 57.78686500404459 ], [ 18.46774428123946, 57.78606881753203 ], [ 18.4688994577145, 57.788249859902 ], [ 18.47174466648844, 57.79070978274846 ], [ 18.47634463317559, 57.79087337263974 ], [ 18.46156966452303, 57.8041236933177 ], [ 18.45376157749665, 57.81111655684013 ], [ 18.45379118174922, 57.81114935805957 ], [ 18.45438220553064, 57.81186462127518 ], [ 18.45551623517439, 57.81309852143595 ], [ 18.45750940108303, 57.81479951950833 ], [ 18.46236603180892, 57.81835387031464 ], [ 18.46749754274479, 57.82059976131934 ], [ 18.47865671841684, 57.82443427112121 ], [ 18.49129678033921, 57.82867663817947 ], [ 18.50210778514951, 57.83026179316228 ], [ 18.50669439438233, 57.82944555411844 ], [ 18.51483787499417, 57.82487018102082 ], [ 18.51653571958539, 57.82505847220805 ], [ 18.51925622806488, 57.82809942679482 ], [ 18.52745701524033, 57.82832791989777 ], [ 18.53166659503102, 57.82944123155561 ], [ 18.54036178462799, 57.83529963979744 ], [ 18.55020903536553, 57.84076425449502 ], [ 18.55645199932185, 57.84266818640576 ], [ 18.56422511824436, 57.84386481639479 ], [ 18.57085728810836, 57.84357668124773 ], [ 18.57884036746071, 57.84157881299893 ], [ 18.58172284677408, 57.84050964042775 ], [ 18.58227182544695, 57.8402011781399 ], [ 18.58244064395813, 57.84012288671267 ], [ 18.58210112274066, 57.83957155720886 ], [ 18.5760210258463, 57.82924358280933 ], [ 18.57278789639945, 57.8237535445456 ], [ 18.58211600248094, 57.82066604999805 ], [ 18.59077440983681, 57.81781257830815 ], [ 18.59335855062493, 57.81506084242012 ], [ 18.59525777310847, 57.81202764852953 ], [ 18.59788541149396, 57.81044839201664 ], [ 18.59615780986252, 57.80630341476451 ], [ 18.59774643329483, 57.80399564657183 ], [ 18.60113579836987, 57.79911042116639 ], [ 18.60396278698211, 57.79506844006206 ], [ 18.60815489870104, 57.7890871804286 ], [ 18.59491653676385, 57.78619474702162 ], [ 18.58795585150471, 57.78407048874055 ], [ 18.58230532847929, 57.78235279134369 ], [ 18.57909517745189, 57.78133611722485 ], [ 18.57327396026944, 57.77949158512332 ], [ 18.56880446453796, 57.7771727029295 ], [ 18.56450054457648, 57.77520035040135 ], [ 18.56520642449124, 57.77343319031974 ], [ 18.56943822439516, 57.77174197097725 ], [ 18.57152899309212, 57.76519694424793 ] ] ] ] } },
{ "type": "Feature", "properties": { "AREA": 23502086.175243378, "PERIMETER": 26757.97552082318, "SCNRSEIE_": 1606, "SCNRSEIE_I": 4175, "SNID_1": "949", "SNID_2": "0949", "SNID_3": "0949", "SNID_4": 949.0, "NAMN": "Lummelunda", "LAN": "Gotlands län", "NOT_": null, "KOMMENTAR": null, "SCNRSEIE_A": 28455817.177000001, "SCNRSEIE_P": 30225.547, "HECTARES": 2350.2086175243398 }, "geometry": { "type": "MultiPolygon", "coordinates": [ [ [ [ 18.45569086881769, 57.73281036184216 ], [ 18.45133776179078, 57.73146867206427 ], [ 18.43494917630182, 57.72703561259617 ], [ 18.43125606362546, 57.72951069749599 ], [ 18.42775001552039, 57.72982142196636 ], [ 18.42305504374598, 57.73020594549651 ], [ 18.4198832194648, 57.72930134221582 ], [ 18.41627274596502, 57.72900759675908 ], [ 18.4108776195357, 57.7298732515252 ], [ 18.4073705390208, 57.73186766013299 ], [ 18.40409691835388, 57.73255465609405 ], [ 18.39867702393529, 57.73367191437647 ], [ 18.39680572647374, 57.73410089143736 ], [ 18.39768575153115, 57.73521927573753 ], [ 18.39933505903941, 57.73714374250998 ], [ 18.40126183249244, 57.73942181253437 ], [ 18.40822681405238, 57.74799214299669 ], [ 18.41286644926398, 57.7543283820089 ], [ 18.41706735166608, 57.76294615108345 ], [ 18.42201873170198, 57.77191659525704 ], [ 18.42642956601336, 57.77965842327593 ], [ 18.43122620727799, 57.78666451619529 ], [ 18.43742222889059, 57.79299463510948 ], [ 18.44370423775929, 57.79978080681759 ], [ 18.45007384082488, 57.80704095319905 ], [ 18.4520327096049, 57.80920087063337 ], [ 18.45376157749665, 57.81111655684013 ], [ 18.46156966452303, 57.8041236933177 ], [ 18.47634463317559, 57.79087337263974 ], [ 18.47174466648844, 57.79070978274846 ], [ 18.4688994577145, 57.788249859902 ], [ 18.46774428123946, 57.78606881753203 ], [ 18.46426679517544, 57.78686500404459 ], [ 18.45963682375124, 57.78496776493782 ], [ 18.46459666787547, 57.78326039816393 ], [ 18.46377936817676, 57.78135072937749 ], [ 18.46831762791819, 57.77661125302942 ], [ 18.47272482822637, 57.77843190937416 ], [ 18.47925934669639, 57.77379381460104 ], [ 18.48803658462998, 57.76748641177139 ], [ 18.48784409680378, 57.75916317605658 ], [ 18.48199417561399, 57.75866262557118 ], [ 18.47826370065026, 57.75875486578405 ], [ 18.47718305189222, 57.76210136832967 ], [ 18.47110062217529, 57.76161410909501 ], [ 18.45815421416433, 57.75888107917064 ], [ 18.45788427015205, 57.75557203042962 ], [ 18.45702705766472, 57.74564595086888 ], [ 18.45670976102793, 57.74200099541768 ], [ 18.45612751912264, 57.73677164972761 ], [ 18.46110447704421, 57.73658661553221 ], [ 18.46087585527431, 57.73418395811833 ], [ 18.45569086881769, 57.73281036184216 ] ] ] ] } },
{ "type": "Feature", "properties": { "AREA": 39326640.058131784, "PERIMETER": 36623.602075706738, "SCNRSEIE_": 1609, "SCNRSEIE_I": 4180, "SNID_1": "937", "SNID_2": "0937", "SNID_3": "0937", "SNID_4": 937.0, "NAMN": "Hellvi", "LAN": "Gotlands län", "NOT_": null, "KOMMENTAR": null, "SCNRSEIE_A": 71501245.807999998, "SCNRSEIE_P": 46775.207, "HECTARES": 3932.6640058131802 }, "geometry": { "type": "MultiPolygon", "coordinates": [ [ [ [ 18.86156929292736, 57.72193621867192 ], [ 18.86271643861055, 57.72266973455543 ], [ 18.8638917287995, 57.72614974101926 ], [ 18.86478122233356, 57.72877856815801 ], [ 18.86471758462915, 57.73249965957773 ], [ 18.8646709798508, 57.73530385543437 ], [ 18.86463466865457, 57.73887602048846 ], [ 18.86679779180523, 57.74098895811102 ], [ 18.86607967110442, 57.7430277790012 ], [ 18.86955897564205, 57.74433613189088 ], [ 18.86490440383902, 57.75126330840595 ], [ 18.86331418423881, 57.75603638359447 ], [ 18.86204616950162, 57.75990333488 ], [ 18.85859696946706, 57.75961364879139 ], [ 18.85539211686885, 57.75900809893603 ], [ 18.85222382710882, 57.76075538608452 ], [ 18.8555014450999, 57.76279677394658 ], [ 18.861222736205, 57.76637391105005 ], [ 18.86516106023107, 57.76883481229045 ], [ 18.86729425270252, 57.77305528769106 ], [ 18.8682133006162, 57.77479845238935 ], [ 18.86967534460819, 57.77756624799084 ], [ 18.86146157600488, 57.78089116183922 ], [ 18.86546191072931, 57.7841636280702 ], [ 18.86879483853276, 57.78359798821668 ], [ 18.87219956845876, 57.78348417829601 ], [ 18.87549102999724, 57.78468474799219 ], [ 18.87932882037559, 57.78778112515439 ], [ 18.88569458174311, 57.78712337507694 ], [ 18.88727225753373, 57.79028792701291 ], [ 18.88739306726831, 57.79281410850133 ], [ 18.86760880955681, 57.79158666930338 ], [ 18.86815678116007, 57.78912078639991 ], [ 18.85994426845318, 57.78900903614565 ], [ 18.85818472160886, 57.79155357652083 ], [ 18.86867427768027, 57.79614291286462 ], [ 18.87650260150524, 57.79958313918546 ], [ 18.8829279319811, 57.79990910246052 ], [ 18.88812393047562, 57.80017245754368 ], [ 18.89138841993416, 57.79953144391819 ], [ 18.89567686939636, 57.79834432754849 ], [ 18.9000390478958, 57.79760452602844 ], [ 18.90348151891616, 57.79690942843352 ], [ 18.91122893682398, 57.79425363183921 ], [ 18.91639383089467, 57.79219530352543 ], [ 18.92663486464756, 57.78819239624324 ], [ 18.93174835035559, 57.78619308698809 ], [ 18.94216531272662, 57.78505515388301 ], [ 18.94591965171941, 57.78465665012089 ], [ 18.95044738156764, 57.78365353895136 ], [ 18.95032931264789, 57.78330745944336 ], [ 18.95010724892191, 57.78288171266153 ], [ 18.95025118354981, 57.77912259333975 ], [ 18.95153607330944, 57.76972876616004 ], [ 18.95413770512243, 57.76214401761072 ], [ 18.95523800253414, 57.7575974032496 ], [ 18.95440912452417, 57.75637814171923 ], [ 18.95140470147851, 57.7556531861125 ], [ 18.95127971186413, 57.75286208306065 ], [ 18.95120984521483, 57.744130790059 ], [ 18.95141962142623, 57.73939069098056 ], [ 18.95302080837958, 57.73829070744455 ], [ 18.95677654047337, 57.73781991915833 ], [ 18.95631590814234, 57.73271913045898 ], [ 18.95608198262896, 57.73118858084516 ], [ 18.95591395228217, 57.7298360834402 ], [ 18.95690150928888, 57.72844583508863 ], [ 18.95862018195646, 57.72773816877218 ], [ 18.95900751027599, 57.72717147109955 ], [ 18.95761072167822, 57.72694570946582 ], [ 18.95622446992921, 57.72664779326199 ], [ 18.95484876312637, 57.72627772274584 ], [ 18.95329384120136, 57.72539098646804 ], [ 18.94944136965341, 57.72434569377739 ], [ 18.94639231053313, 57.72307370563932 ], [ 18.94394177757179, 57.72250557405773 ], [ 18.94208169967503, 57.72293802288573 ], [ 18.93729355140988, 57.72640783901099 ], [ 18.93712948132651, 57.72878382400922 ], [ 18.93692314632493, 57.72989403009462 ], [ 18.93522126441929, 57.73099629880736 ], [ 18.93285035977897, 57.73154904694789 ], [ 18.9241654592, 57.73055939114845 ], [ 18.91838798414745, 57.72938986532802 ], [ 18.91566011857084, 57.72793854208057 ], [ 18.91399484876877, 57.72614661461434 ], [ 18.91095040074348, 57.71844977476471 ], [ 18.91301580178524, 57.71649436589377 ], [ 18.91265377759479, 57.71325086983025 ], [ 18.91137568531382, 57.7128330206649 ], [ 18.90982861665102, 57.71319442301755 ], [ 18.90264224573211, 57.71278651857922 ], [ 18.90006876498538, 57.71351432561478 ], [ 18.89797214550201, 57.71491324373992 ], [ 18.89492034128777, 57.71869834879325 ], [ 18.8907122555425, 57.72547641190405 ], [ 18.88485769074576, 57.73187210363673 ], [ 18.88223290347045, 57.73498162416467 ], [ 18.87968497190943, 57.73464821135836 ], [ 18.87738640613859, 57.7332934665366 ], [ 18.87352825368681, 57.72700815456945 ], [ 18.86872216736191, 57.72141052580413 ], [ 18.86658968388664, 57.72101290296785 ], [ 18.86399379311759, 57.72129128264969 ], [ 18.8618409873425, 57.72184640725879 ], [ 18.86156929292736, 57.72193621867192 ] ] ] ] } },
{ "type": "Feature", "properties": { "AREA": 41423651.747971058, "PERIMETER": 29811.704862848339, "SCNRSEIE_": 1618, "SCNRSEIE_I": 4193, "SNID_1": "969", "SNID_2": "0969", "SNID_3": "0969", "SNID_4": 969.0, "NAMN": "Tingstäde", "LAN": "Gotlands län", "NOT_": null, "KOMMENTAR": null, "SCNRSEIE_A": 41138694.493000001, "SCNRSEIE_P": 31847.478, "HECTARES": 4142.3651747971098 }, "geometry": { "type": "MultiPolygon", "coordinates": [ [ [ [ 18.57552009120774, 57.75073825034259 ], [ 18.57736939703106, 57.75339101563961 ], [ 18.57789450750029, 57.7569010045349 ], [ 18.57476391344146, 57.75903563579453 ], [ 18.57202154431191, 57.76012414318014 ], [ 18.57152899309212, 57.76519694424793 ], [ 18.56943822439516, 57.77174197097725 ], [ 18.56520642449124, 57.77343319031974 ], [ 18.56450054457648, 57.77520035040135 ], [ 18.56880446453796, 57.7771727029295 ], [ 18.57327396026944, 57.77949158512332 ], [ 18.57909517745189, 57.78133611722485 ], [ 18.58230532847929, 57.78235279134369 ], [ 18.58795585150471, 57.78407048874055 ], [ 18.59491653676385, 57.78619474702162 ], [ 18.60815489870104, 57.7890871804286 ], [ 18.60951840378796, 57.78709416358211 ], [ 18.61189599778984, 57.78362343148444 ], [ 18.61997324394077, 57.78030460100837 ], [ 18.62429054086516, 57.77854665221368 ], [ 18.62861452522879, 57.77620451585064 ], [ 18.63461539665414, 57.77295341206003 ], [ 18.64164491337672, 57.76908611005922 ], [ 18.64562789070379, 57.76764933348839 ], [ 18.66216691520465, 57.76848577057707 ], [ 18.66538405643864, 57.77092861332178 ], [ 18.67477454465177, 57.76542494716378 ], [ 18.67638900123458, 57.76238776569107 ], [ 18.67862708986805, 57.75818659799033 ], [ 18.68024025727694, 57.75439936678267 ], [ 18.67369525188776, 57.75279148706407 ], [ 18.67506550107216, 57.74588344308307 ], [ 18.67200206391349, 57.74101185875765 ], [ 18.6697198667679, 57.73732627575766 ], [ 18.66638915730051, 57.7280604088121 ], [ 18.66010138452402, 57.72637692175468 ], [ 18.64383196809328, 57.72425875193237 ], [ 18.6337136569059, 57.72133199118228 ], [ 18.6254966124814, 57.71873495651862 ], [ 18.62288833582001, 57.71706374616321 ], [ 18.62064049409264, 57.71562695755281 ], [ 18.61830851006673, 57.71415615491965 ], [ 18.61446826169885, 57.71304213109336 ], [ 18.60836182560497, 57.71191980537569 ], [ 18.60425691487637, 57.71084727459569 ], [ 18.59669302926829, 57.71092446340089 ], [ 18.58511478183922, 57.71022677244994 ], [ 18.57950243341601, 57.71110025254929 ], [ 18.57591235242325, 57.7106578967987 ], [ 18.57219742193159, 57.71022705844365 ], [ 18.56901892526224, 57.71229078535357 ], [ 18.56516202710677, 57.71377186498022 ], [ 18.56629924285474, 57.71818034059589 ], [ 18.56284255763624, 57.71960768952131 ], [ 18.55766454504093, 57.71954068772867 ], [ 18.55762993572953, 57.72135154372607 ], [ 18.56138342976834, 57.72321475454775 ], [ 18.55409600946578, 57.72384484119677 ], [ 18.55481086130325, 57.72607514387399 ], [ 18.55660086728114, 57.73134985597458 ], [ 18.55744476165226, 57.73383778813284 ], [ 18.55818861437148, 57.73611236419025 ], [ 18.56198482893908, 57.73592197055766 ], [ 18.5676585037803, 57.73607234830105 ], [ 18.56624404329655, 57.73798067763538 ], [ 18.56953444354101, 57.73955280191301 ], [ 18.57257186676814, 57.74064082289699 ], [ 18.57600126328082, 57.7409476682501 ], [ 18.5799001365369, 57.73932612123924 ], [ 18.58341752586547, 57.73924900834881 ], [ 18.58558133595043, 57.74451515823076 ], [ 18.58258750043364, 57.74578462472147 ], [ 18.57897867968518, 57.74711689986412 ], [ 18.57552009120774, 57.75073825034259 ] ] ] ] } },
{ "type": "Feature", "properties": { "AREA": 52592793.292725563, "PERIMETER": 37738.118187842992, "SCNRSEIE_": 1620, "SCNRSEIE_I": 4195, "SNID_1": "957", "SNID_2": "0957", "SNID_3": "0957", "SNID_4": 957.0, "NAMN": "Othem", "LAN": "Gotlands län", "NOT_": "83", "KOMMENTAR": "Slite gammal köping i i Othems socken", "SCNRSEIE_A": 82990903.9, "SCNRSEIE_P": 53413.413, "HECTARES": 5259.2793292725601 }, "geometry": { "type": "MultiPolygon", "coordinates": [ [ [ [ 18.80299904655843, 57.69294699382211 ], [ 18.79944752485, 57.69426881428925 ], [ 18.79618114119022, 57.69488136569855 ], [ 18.78769094452, 57.69556695561892 ], [ 18.77932169676691, 57.69586278297432 ], [ 18.78102080999095, 57.70013508657883 ], [ 18.77528663598262, 57.7004764573633 ], [ 18.77362127257351, 57.70242461512919 ], [ 18.77110096408468, 57.7053631491195 ], [ 18.76859929460295, 57.70827863469971 ], [ 18.76714133273623, 57.71000171272127 ], [ 18.76530834037203, 57.71216930905419 ], [ 18.75910717318827, 57.71213457886968 ], [ 18.75193389059155, 57.71209064650888 ], [ 18.74164573435774, 57.71203324965448 ], [ 18.72778485201352, 57.7119048335251 ], [ 18.72600167661191, 57.70839293784615 ], [ 18.72503735078054, 57.70647469973228 ], [ 18.72319120846909, 57.70331903173948 ], [ 18.72093965784078, 57.70106655436224 ], [ 18.71879313625195, 57.69896885627143 ], [ 18.71284684643945, 57.69980632923139 ], [ 18.70689602061436, 57.70305579263134 ], [ 18.70162927981508, 57.70907882376615 ], [ 18.69871008763845, 57.71172387552466 ], [ 18.69572982473745, 57.7144242458946 ], [ 18.68615659230582, 57.71301639360011 ], [ 18.67516356725893, 57.7134368208535 ], [ 18.66782137026089, 57.71539977613371 ], [ 18.66359661362685, 57.72135261363316 ], [ 18.66010138452402, 57.72637692175468 ], [ 18.66638915730051, 57.7280604088121 ], [ 18.6697198667679, 57.73732627575766 ], [ 18.67200206391349, 57.74101185875765 ], [ 18.67506550107216, 57.74588344308307 ], [ 18.67369525188776, 57.75279148706407 ], [ 18.68024025727694, 57.75439936678267 ], [ 18.67862708986805, 57.75818659799033 ], [ 18.67638900123458, 57.76238776569107 ], [ 18.67477454465177, 57.76542494716378 ], [ 18.66538405643864, 57.77092861332178 ], [ 18.66673894504054, 57.77286092305519 ], [ 18.66968685531858, 57.77563758633232 ], [ 18.67161951594766, 57.78220132264573 ], [ 18.67229538072675, 57.78444092553274 ], [ 18.68538784209335, 57.78350166445331 ], [ 18.69623272053711, 57.78230246839401 ], [ 18.70279578662612, 57.78256136616407 ], [ 18.71632932672702, 57.78309564775448 ], [ 18.72408485999625, 57.78340680992626 ], [ 18.73103893841833, 57.783686686103 ], [ 18.73250484243936, 57.78080949459288 ], [ 18.73296483957442, 57.77898856883956 ], [ 18.73373088295005, 57.77596131320632 ], [ 18.73461375891139, 57.77269325508316 ], [ 18.73527309641634, 57.77019404826746 ], [ 18.73521853050173, 57.76798977628501 ], [ 18.74323466581107, 57.76769181921319 ], [ 18.74857540483331, 57.76563633683946 ], [ 18.7564222632981, 57.76190511456905 ], [ 18.76029520382385, 57.75913317173335 ], [ 18.75890682095888, 57.7549161679814 ], [ 18.75684209999681, 57.75025669456748 ], [ 18.75337395415418, 57.74947953145391 ], [ 18.75168804143265, 57.74778490399632 ], [ 18.771098842142, 57.74406164612907 ], [ 18.78076833076522, 57.74192124097252 ], [ 18.78549967416199, 57.74021077297631 ], [ 18.79014298365427, 57.74019125100872 ], [ 18.79080733216258, 57.73729623389434 ], [ 18.79683094808164, 57.73639942218859 ], [ 18.80278032858194, 57.73560040999523 ], [ 18.80290562951389, 57.7348542356931 ], [ 18.80270633132635, 57.73264887181884 ], [ 18.80159217934641, 57.72466144914512 ], [ 18.80140328049013, 57.72197069598133 ], [ 18.80432118599859, 57.71786773978329 ], [ 18.80774882591995, 57.714049089441 ], [ 18.80985270229241, 57.71006411733796 ], [ 18.81278917218403, 57.70216020043549 ], [ 18.8103114709602, 57.69980233138982 ], [ 18.80619456090012, 57.70095117628086 ], [ 18.80476644367263, 57.69991592660462 ], [ 18.80394735624318, 57.69751861295676 ], [ 18.80335244799257, 57.69499020549046 ], [ 18.8030445061316, 57.69349715436997 ], [ 18.80299904655843, 57.69294699382211 ] ] ] ] } },
{ "type": "Feature", "properties": { "AREA": 27323837.354862213, "PERIMETER": 30329.32116514173, "SCNRSEIE_": 1626, "SCNRSEIE_I": 4203, "SNID_1": "952", "SNID_2": "0952", "SNID_3": "0952", "SNID_4": 952.0, "NAMN": "Martebo", "LAN": "Gotlands län", "NOT_": null, "KOMMENTAR": null, "SCNRSEIE_A": 27063020.706, "SCNRSEIE_P": 35681.965, "HECTARES": 2732.3837354862198 }, "geometry": { "type": "MultiPolygon", "coordinates": [ [ [ [ 18.45569086881769, 57.73281036184216 ], [ 18.46087585527431, 57.73418395811833 ], [ 18.46110447704421, 57.73658661553221 ], [ 18.45612751912264, 57.73677164972761 ], [ 18.45670976102793, 57.74200099541768 ], [ 18.45702705766472, 57.74564595086888 ], [ 18.45788427015205, 57.75557203042962 ], [ 18.45815421416433, 57.75888107917064 ], [ 18.47110062217529, 57.76161410909501 ], [ 18.47718305189222, 57.76210136832967 ], [ 18.47826370065026, 57.75875486578405 ], [ 18.48199417561399, 57.75866262557118 ], [ 18.48784409680378, 57.75916317605658 ], [ 18.48803658462998, 57.76748641177139 ], [ 18.49401355172869, 57.76809180738568 ], [ 18.49919287565294, 57.76853870725249 ], [ 18.50357057394231, 57.76891271435075 ], [ 18.51050771666355, 57.7695103648979 ], [ 18.51523785249211, 57.76993035122025 ], [ 18.51940786868916, 57.77030368106514 ], [ 18.53940883869867, 57.77207455599576 ], [ 18.54954724104645, 57.77293787071485 ], [ 18.55084834492442, 57.77094687472193 ], [ 18.55171579721136, 57.76892033661142 ], [ 18.55327153736015, 57.76710347126616 ], [ 18.55464626044756, 57.76531287955524 ], [ 18.55004205199515, 57.76464018019924 ], [ 18.5395869419019, 57.76372537898019 ], [ 18.54160923611251, 57.75704313036704 ], [ 18.54052037502197, 57.75489270943658 ], [ 18.53945311708574, 57.75208159119369 ], [ 18.54049256565144, 57.74896444971199 ], [ 18.54147486267631, 57.74601024654938 ], [ 18.54591658149301, 57.74684396544172 ], [ 18.55349622916962, 57.74433060152854 ], [ 18.56088394351245, 57.74173568026925 ], [ 18.5628532980005, 57.74333222206121 ], [ 18.56465215932223, 57.74527833374115 ], [ 18.56393589956687, 57.74704114745916 ], [ 18.57552009120774, 57.75073825034259 ], [ 18.57897867968518, 57.74711689986412 ], [ 18.58258750043364, 57.74578462472147 ], [ 18.58558133595043, 57.74451515823076 ], [ 18.58341752586547, 57.73924900834881 ], [ 18.5799001365369, 57.73932612123924 ], [ 18.57600126328082, 57.7409476682501 ], [ 18.57257186676814, 57.74064082289699 ], [ 18.56953444354101, 57.73955280191301 ], [ 18.56624404329655, 57.73798067763538 ], [ 18.5676585037803, 57.73607234830105 ], [ 18.56198482893908, 57.73592197055766 ], [ 18.55818861437148, 57.73611236419025 ], [ 18.55744476165226, 57.73383778813284 ], [ 18.55660086728114, 57.73134985597458 ], [ 18.55481086130325, 57.72607514387399 ], [ 18.55114067461005, 57.72663983793788 ], [ 18.54208383756331, 57.72805765279798 ], [ 18.53086305425508, 57.7297954187497 ], [ 18.53179871874312, 57.72030252129225 ], [ 18.52539155228959, 57.72010344676247 ], [ 18.51606803682766, 57.71982726683149 ], [ 18.50929606408266, 57.71957238919209 ], [ 18.50737185251226, 57.72562762957506 ], [ 18.49786138283196, 57.72465793168639 ], [ 18.49103026721106, 57.72772248634639 ], [ 18.48684491712447, 57.72818825168773 ], [ 18.48114222838316, 57.72547952848281 ], [ 18.47078592761325, 57.72061809864405 ], [ 18.46532334728463, 57.72279007713217 ], [ 18.46098483532839, 57.72725128172468 ], [ 18.45569086881769, 57.73281036184216 ] ] ] ] } },
{ "type": "Feature", "properties": { "AREA": 39572857.259861469, "PERIMETER": 31503.77742103978, "SCNRSEIE_": 1641, "SCNRSEIE_I": 4237, "SNID_1": "978", "SNID_2": "0978", "SNID_3": "0978", "SNID_4": 978.0, "NAMN": "Väskinde", "LAN": "Gotlands län", "NOT_": null, "KOMMENTAR": null, "SCNRSEIE_A": 41428462.46, "SCNRSEIE_P": 32247.535, "HECTARES": 3957.2857259861498 }, "geometry": { "type": "MultiPolygon", "coordinates": [ [ [ [ 18.40490590174545, 57.66044209075508 ], [ 18.40034459391902, 57.66133268322174 ], [ 18.3967226957499, 57.66096934566354 ], [ 18.39365080750079, 57.65810835880692 ], [ 18.39313162790478, 57.65596759359918 ], [ 18.38999748297307, 57.65457643023608 ], [ 18.38027241937305, 57.66076179280979 ], [ 18.37462269092443, 57.66459109104156 ], [ 18.38161642382074, 57.67123528490191 ], [ 18.39309596457391, 57.66782107594279 ], [ 18.40287551005568, 57.67778477122958 ], [ 18.39114989892962, 57.68130817881843 ], [ 18.38589562694276, 57.67657367780465 ], [ 18.37568523328368, 57.6759641102592 ], [ 18.37224509806377, 57.67678397739805 ], [ 18.36517721793231, 57.67847224153572 ], [ 18.35739997544019, 57.68257272020586 ], [ 18.35246577077571, 57.68550614575852 ], [ 18.3499998696672, 57.6877183722082 ], [ 18.35064692342837, 57.68790974133277 ], [ 18.35266986578291, 57.68853375376177 ], [ 18.35528835984023, 57.69023263808953 ], [ 18.35142228460838, 57.69035539049518 ], [ 18.35114682102217, 57.69097175226894 ], [ 18.35433269676514, 57.69286584370118 ], [ 18.36036347485575, 57.69608578933328 ], [ 18.36326928898368, 57.69899137864055 ], [ 18.36797746753136, 57.70555231184365 ], [ 18.37282545192616, 57.70955916545642 ], [ 18.37454452641681, 57.71203046066397 ], [ 18.37624199074133, 57.71443031184537 ], [ 18.38142626154411, 57.71817851212998 ], [ 18.38964767916094, 57.72542171848709 ], [ 18.39497628082825, 57.73185228694449 ], [ 18.39655885082348, 57.73378713446648 ], [ 18.39680572647374, 57.73410089143736 ], [ 18.39867702393529, 57.73367191437647 ], [ 18.40409691835388, 57.73255465609405 ], [ 18.4073705390208, 57.73186766013299 ], [ 18.4108776195357, 57.7298732515252 ], [ 18.41627274596502, 57.72900759675908 ], [ 18.4198832194648, 57.72930134221582 ], [ 18.42305504374598, 57.73020594549651 ], [ 18.42775001552039, 57.72982142196636 ], [ 18.43125606362546, 57.72951069749599 ], [ 18.43494917630182, 57.72703561259617 ], [ 18.45133776179078, 57.73146867206427 ], [ 18.45569086881769, 57.73281036184216 ], [ 18.46098483532839, 57.72725128172468 ], [ 18.46532334728463, 57.72279007713217 ], [ 18.47078592761325, 57.72061809864405 ], [ 18.479603643431, 57.71478180573733 ], [ 18.48697748162429, 57.70948752964829 ], [ 18.47874768801064, 57.70314441043752 ], [ 18.46853897903545, 57.69680201240598 ], [ 18.46120700271231, 57.69100938190521 ], [ 18.45182840812938, 57.68365567735129 ], [ 18.44754406038306, 57.67968942090782 ], [ 18.44953029728913, 57.67795018297868 ], [ 18.4420705485135, 57.67278346551016 ], [ 18.43684129307696, 57.67095653802044 ], [ 18.42818009805625, 57.67107351732197 ], [ 18.42800196631299, 57.66645996590188 ], [ 18.42298703104033, 57.66752500220132 ], [ 18.42112175571108, 57.66440610052331 ], [ 18.41384622885748, 57.66238247838189 ], [ 18.41083634183238, 57.66154624359144 ], [ 18.40490590174545, 57.66044209075508 ] ] ] ] } },
{ "type": "Feature", "properties": { "AREA": 42825556.69895196, "PERIMETER": 27320.99624414304, "SCNRSEIE_": 1643, "SCNRSEIE_I": 4240, "SNID_1": "936", "SNID_2": "0936", "SNID_3": "0936", "SNID_4": 936.0, "NAMN": "Hejnum", "LAN": "Gotlands län", "NOT_": null, "KOMMENTAR": null, "SCNRSEIE_A": 42863357.05, "SCNRSEIE_P": 27787.368, "HECTARES": 4282.5556698951996 }, "geometry": { "type": "MultiPolygon", "coordinates": [ [ [ [ 18.69301913128614, 57.6625165716244 ], [ 18.67626641148893, 57.66370505200353 ], [ 18.65394597691897, 57.66402117630923 ], [ 18.64922560476023, 57.66410943584052 ], [ 18.65035119690278, 57.66208078270575 ], [ 18.63274929549854, 57.66076858924481 ], [ 18.62632686276672, 57.66027421035945 ], [ 18.61993626515742, 57.6597832089841 ], [ 18.61586584937637, 57.66260477668679 ], [ 18.61717843355265, 57.66459239292158 ], [ 18.61725862243335, 57.66773932955624 ], [ 18.61245781784271, 57.66858258570529 ], [ 18.60907563568571, 57.6687743946223 ], [ 18.60402663680111, 57.669065896544 ], [ 18.59286122562641, 57.67087103274634 ], [ 18.58069966692015, 57.67279144426568 ], [ 18.57607859850662, 57.67320719213939 ], [ 18.57756262151632, 57.67875329178585 ], [ 18.57901780041323, 57.68402608035424 ], [ 18.57975365628712, 57.68668703949772 ], [ 18.58140108560807, 57.68898202063811 ], [ 18.58521522011087, 57.69429281342816 ], [ 18.58705295759244, 57.6970373385331 ], [ 18.589845050911, 57.70114422189379 ], [ 18.59202599099035, 57.70343182446294 ], [ 18.59290605125013, 57.70571221165099 ], [ 18.58741725671666, 57.7084876108465 ], [ 18.58511478183922, 57.71022677244994 ], [ 18.59669302926829, 57.71092446340089 ], [ 18.60425691487637, 57.71084727459569 ], [ 18.60836182560497, 57.71191980537569 ], [ 18.61446826169885, 57.71304213109336 ], [ 18.61830851006673, 57.71415615491965 ], [ 18.62064049409264, 57.71562695755281 ], [ 18.62288833582001, 57.71706374616321 ], [ 18.6254966124814, 57.71873495651862 ], [ 18.6337136569059, 57.72133199118228 ], [ 18.64383196809328, 57.72425875193237 ], [ 18.66010138452402, 57.72637692175468 ], [ 18.66359661362685, 57.72135261363316 ], [ 18.66782137026089, 57.71539977613371 ], [ 18.67516356725893, 57.7134368208535 ], [ 18.68615659230582, 57.71301639360011 ], [ 18.69572982473745, 57.7144242458946 ], [ 18.69871008763845, 57.71172387552466 ], [ 18.70162927981508, 57.70907882376615 ], [ 18.70689602061436, 57.70305579263134 ], [ 18.71284684643945, 57.69980632923139 ], [ 18.71256479407214, 57.69754438832896 ], [ 18.71218161734894, 57.69344310601156 ], [ 18.71210510587074, 57.69144148635562 ], [ 18.71135936854045, 57.6818414365307 ], [ 18.71113690655736, 57.67924577804671 ], [ 18.71091332586721, 57.67660963173756 ], [ 18.71044165212356, 57.67048003338999 ], [ 18.70472634363345, 57.66924570786178 ], [ 18.70189107381123, 57.66769802726854 ], [ 18.69944666808977, 57.66624027077078 ], [ 18.69654021769808, 57.66484684531462 ], [ 18.69301913128614, 57.6625165716244 ] ] ] ] } },
{ "type": "Feature", "properties": { "AREA": 32869612.908189539, "PERIMETER": 30240.803972653928, "SCNRSEIE_": 1644, "SCNRSEIE_I": 4242, "SNID_1": "948", "SNID_2": "0948", "SNID_3": "0948", "SNID_4": 948.0, "NAMN": "Lokrume", "LAN": "Gotlands län", "NOT_": null, "KOMMENTAR": null, "SCNRSEIE_A": 32860113.36, "SCNRSEIE_P": 32188.035, "HECTARES": 3286.9612908189501 }, "geometry": { "type": "MultiPolygon", "coordinates": [ [ [ [ 18.58511478183922, 57.71022677244994 ], [ 18.58741725671666, 57.7084876108465 ], [ 18.59290605125013, 57.70571221165099 ], [ 18.59202599099035, 57.70343182446294 ], [ 18.589845050911, 57.70114422189379 ], [ 18.58705295759244, 57.6970373385331 ], [ 18.58521522011087, 57.69429281342816 ], [ 18.58140108560807, 57.68898202063811 ], [ 18.57975365628712, 57.68668703949772 ], [ 18.57901780041323, 57.68402608035424 ], [ 18.57756262151632, 57.67875329178585 ], [ 18.57607859850662, 57.67320719213939 ], [ 18.57228873985546, 57.67259387697292 ], [ 18.56953276523609, 57.67113598905233 ], [ 18.56500767852128, 57.66798730596997 ], [ 18.55738352614764, 57.66668011873242 ], [ 18.5538336974314, 57.66609706455208 ], [ 18.54622809127101, 57.66477533321009 ], [ 18.53782077020609, 57.66331783161491 ], [ 18.53986535481955, 57.66139166935535 ], [ 18.52632636960832, 57.66144559407922 ], [ 18.5194607337236, 57.65954044801965 ], [ 18.51631298470295, 57.66087461338199 ], [ 18.51228614516408, 57.66045326509012 ], [ 18.50812257908493, 57.66199312350332 ], [ 18.50856923517596, 57.66644814161804 ], [ 18.50930011345567, 57.66855255001542 ], [ 18.50998363691456, 57.67063999653775 ], [ 18.51057816124696, 57.67245991387748 ], [ 18.51140344849291, 57.67495749597189 ], [ 18.51232779737787, 57.67771357681136 ], [ 18.51400842230384, 57.68270815570956 ], [ 18.51405786195667, 57.68626437366268 ], [ 18.51410951581654, 57.69111423029555 ], [ 18.51248861857135, 57.69497124676458 ], [ 18.50632232942613, 57.69562852198014 ], [ 18.50314745160492, 57.69436223089212 ], [ 18.50015568985719, 57.69242275281868 ], [ 18.49586091852982, 57.69052438976793 ], [ 18.49161278769609, 57.68978812873649 ], [ 18.48760748459184, 57.69403303037959 ], [ 18.4844661351149, 57.69727430307477 ], [ 18.4872682017925, 57.69910220888946 ], [ 18.48737831951321, 57.70191528816754 ], [ 18.48221266009955, 57.6995902177993 ], [ 18.47874768801064, 57.70314441043752 ], [ 18.48697748162429, 57.70948752964829 ], [ 18.479603643431, 57.71478180573733 ], [ 18.47078592761325, 57.72061809864405 ], [ 18.48114222838316, 57.72547952848281 ], [ 18.48684491712447, 57.72818825168773 ], [ 18.49103026721106, 57.72772248634639 ], [ 18.49786138283196, 57.72465793168639 ], [ 18.50737185251226, 57.72562762957506 ], [ 18.50929606408266, 57.71957238919209 ], [ 18.51606803682766, 57.71982726683149 ], [ 18.52539155228959, 57.72010344676247 ], [ 18.53179871874312, 57.72030252129225 ], [ 18.53086305425508, 57.7297954187497 ], [ 18.54208383756331, 57.72805765279798 ], [ 18.55114067461005, 57.72663983793788 ], [ 18.55481086130325, 57.72607514387399 ], [ 18.55409600946578, 57.72384484119677 ], [ 18.56138342976834, 57.72321475454775 ], [ 18.55762993572953, 57.72135154372607 ], [ 18.55766454504093, 57.71954068772867 ], [ 18.56284255763624, 57.71960768952131 ], [ 18.56629924285474, 57.71818034059589 ], [ 18.56516202710677, 57.71377186498022 ], [ 18.56901892526224, 57.71229078535357 ], [ 18.57219742193159, 57.71022705844365 ], [ 18.57591235242325, 57.7106578967987 ], [ 18.57950243341601, 57.71110025254929 ], [ 18.58511478183922, 57.71022677244994 ] ] ] ] } },
{ "type": "Feature", "properties": { "AREA": 37587570.839050755, "PERIMETER": 36386.724178264187, "SCNRSEIE_": 1649, "SCNRSEIE_I": 4249, "SNID_1": "901", "SNID_2": "0901", "SNID_3": "0901", "SNID_4": 901.0, "NAMN": "Boge", "LAN": "Gotlands län", "NOT_": null, "KOMMENTAR": null, "SCNRSEIE_A": 57352669.438000008, "SCNRSEIE_P": 42620.917, "HECTARES": 3758.75708390508 }, "geometry": { "type": "MultiPolygon", "coordinates": [ [ [ [ 18.72634361272795, 57.63546740140099 ], [ 18.73301542887777, 57.63581619133213 ], [ 18.73644487491824, 57.63570976426633 ], [ 18.74709177458123, 57.63531867531722 ], [ 18.74766476562824, 57.64079457326652 ], [ 18.742807876808, 57.64239431665441 ], [ 18.73595848503585, 57.64165041237316 ], [ 18.72968460180856, 57.64097817605059 ], [ 18.7321085052704, 57.64606087715592 ], [ 18.73550894142018, 57.65340284360801 ], [ 18.73952673041708, 57.65275262228863 ], [ 18.74093479498316, 57.65630905970738 ], [ 18.74236387702128, 57.6586701243412 ], [ 18.73534259699843, 57.66069265216328 ], [ 18.72987791210434, 57.66029812896087 ], [ 18.72340669403299, 57.66051941197697 ], [ 18.72281021014055, 57.66702403620965 ], [ 18.72248432999601, 57.6705847053351 ], [ 18.71783945412956, 57.67094331672141 ], [ 18.71413526067751, 57.67071139930832 ], [ 18.71044165212356, 57.67048003338999 ], [ 18.71091332586721, 57.67660963173756 ], [ 18.71113690655736, 57.67924577804671 ], [ 18.71135936854045, 57.6818414365307 ], [ 18.71210510587074, 57.69144148635562 ], [ 18.71218161734894, 57.69344310601156 ], [ 18.71256479407214, 57.69754438832896 ], [ 18.71284684643945, 57.69980632923139 ], [ 18.71879313625195, 57.69896885627143 ], [ 18.72093965784078, 57.70106655436224 ], [ 18.72319120846909, 57.70331903173948 ], [ 18.72503735078054, 57.70647469973228 ], [ 18.72600167661191, 57.70839293784615 ], [ 18.72778485201352, 57.7119048335251 ], [ 18.74164573435774, 57.71203324965448 ], [ 18.75193389059155, 57.71209064650888 ], [ 18.75910717318827, 57.71213457886968 ], [ 18.76530834037203, 57.71216930905419 ], [ 18.76714133273623, 57.71000171272127 ], [ 18.76859929460295, 57.70827863469971 ], [ 18.77110096408468, 57.7053631491195 ], [ 18.77362127257351, 57.70242461512919 ], [ 18.77528663598262, 57.7004764573633 ], [ 18.78102080999095, 57.70013508657883 ], [ 18.77932169676691, 57.69586278297432 ], [ 18.78769094452, 57.69556695561892 ], [ 18.79618114119022, 57.69488136569855 ], [ 18.79944752485, 57.69426881428925 ], [ 18.80299904655843, 57.69294699382211 ], [ 18.80295708093108, 57.69243909985041 ], [ 18.80384864718255, 57.69023483102666 ], [ 18.80688381332781, 57.68271500750032 ], [ 18.8075532720977, 57.67742542636647 ], [ 18.80586593002815, 57.67567761991778 ], [ 18.80108475816023, 57.67077780611248 ], [ 18.80268233105582, 57.66799080746143 ], [ 18.80498833085826, 57.66525885564223 ], [ 18.80309669824516, 57.66102725567671 ], [ 18.79935818853563, 57.65349727475863 ], [ 18.7994298719415, 57.65212998692432 ], [ 18.79803813980786, 57.65171372964845 ], [ 18.79489979538939, 57.65328832546472 ], [ 18.79258674326347, 57.65165398024027 ], [ 18.79018045255257, 57.65316623714239 ], [ 18.78805208298194, 57.65275827466394 ], [ 18.78555538614039, 57.65112813767345 ], [ 18.7812225837207, 57.64835528566464 ], [ 18.77787693423403, 57.64842500751877 ], [ 18.77592095196928, 57.64745578067243 ], [ 18.77424900395859, 57.64462913732097 ], [ 18.77286983516409, 57.63697115731088 ], [ 18.77307746910018, 57.63253713415761 ], [ 18.77596991275152, 57.63185826924591 ], [ 18.77659909617386, 57.63033415288265 ], [ 18.77623808243755, 57.62837512340522 ], [ 18.77107051705666, 57.62641218301123 ], [ 18.76983396833444, 57.62397955810047 ], [ 18.76870478609102, 57.62245179637917 ], [ 18.76740776958601, 57.62071234198781 ], [ 18.76733152124628, 57.62060917036575 ], [ 18.76404390629738, 57.61931773338095 ], [ 18.75896059974622, 57.62037995916948 ], [ 18.75439375268149, 57.62133559058248 ], [ 18.74921101011022, 57.62239075675097 ], [ 18.74290109669241, 57.62296885131451 ], [ 18.73838644281545, 57.62336121818215 ], [ 18.73449008156481, 57.62342463406792 ], [ 18.73008677036213, 57.62398025430587 ], [ 18.73120536711599, 57.62661035271243 ], [ 18.73476195031539, 57.62680072123464 ], [ 18.74477295423901, 57.62624042965724 ], [ 18.75402504278242, 57.62954209180172 ], [ 18.75404964545815, 57.63185941030971 ], [ 18.74960650247981, 57.631388050752 ], [ 18.7350107695755, 57.62988991637406 ], [ 18.72972711933021, 57.62934749610611 ], [ 18.72612411902848, 57.62898157923209 ], [ 18.72634361272795, 57.63546740140099 ] ] ] ] } },
{ "type": "Feature", "properties": { "AREA": 23873482.269999504, "PERIMETER": 25755.72371868222, "SCNRSEIE_": 1661, "SCNRSEIE_I": 4263, "SNID_1": "902", "SNID_2": "0902", "SNID_3": "0902", "SNID_4": 902.0, "NAMN": "Bro", "LAN": "Gotlands län", "NOT_": null, "KOMMENTAR": null, "SCNRSEIE_A": 23199072.075, "SCNRSEIE_P": 27164.729, "HECTARES": 2387.3482269999499 }, "geometry": { "type": "MultiPolygon", "coordinates": [ [ [ [ 18.48540011963658, 57.65028651653603 ], [ 18.48032959717994, 57.64795502279746 ], [ 18.47636254028001, 57.64529898844871 ], [ 18.46126794120438, 57.64642089042507 ], [ 18.45553530304186, 57.64902500595122 ], [ 18.44837094455698, 57.6523144977697 ], [ 18.44557993971149, 57.65359898797234 ], [ 18.44016332489692, 57.65218480952517 ], [ 18.43736439645705, 57.64980428303302 ], [ 18.42910523402994, 57.64834096424136 ], [ 18.42426144154192, 57.64756105806637 ], [ 18.42021157054898, 57.64739332432534 ], [ 18.41646795444467, 57.64796028933262 ], [ 18.3994459829932, 57.64943346896118 ], [ 18.39546866080874, 57.64978441096275 ], [ 18.39276874030802, 57.65089965396455 ], [ 18.38707901629549, 57.65191428640546 ], [ 18.38999748297307, 57.65457643023608 ], [ 18.39313162790478, 57.65596759359918 ], [ 18.39365080750079, 57.65810835880692 ], [ 18.3967226957499, 57.66096934566354 ], [ 18.40034459391902, 57.66133268322174 ], [ 18.40490590174545, 57.66044209075508 ], [ 18.41083634183238, 57.66154624359144 ], [ 18.41384622885748, 57.66238247838189 ], [ 18.42112175571108, 57.66440610052331 ], [ 18.42298703104033, 57.66752500220132 ], [ 18.42800196631299, 57.66645996590188 ], [ 18.42818009805625, 57.67107351732197 ], [ 18.43684129307696, 57.67095653802044 ], [ 18.4420705485135, 57.67278346551016 ], [ 18.44953029728913, 57.67795018297868 ], [ 18.44754406038306, 57.67968942090782 ], [ 18.45182840812938, 57.68365567735129 ], [ 18.46120700271231, 57.69100938190521 ], [ 18.46853897903545, 57.69680201240598 ], [ 18.47874768801064, 57.70314441043752 ], [ 18.48221266009955, 57.6995902177993 ], [ 18.48737831951321, 57.70191528816754 ], [ 18.4872682017925, 57.69910220888946 ], [ 18.4844661351149, 57.69727430307477 ], [ 18.48760748459184, 57.69403303037959 ], [ 18.49161278769609, 57.68978812873649 ], [ 18.49586091852982, 57.69052438976793 ], [ 18.50015568985719, 57.69242275281868 ], [ 18.50314745160492, 57.69436223089212 ], [ 18.50632232942613, 57.69562852198014 ], [ 18.51248861857135, 57.69497124676458 ], [ 18.51410951581654, 57.69111423029555 ], [ 18.51405786195667, 57.68626437366268 ], [ 18.51400842230384, 57.68270815570956 ], [ 18.51232779737787, 57.67771357681136 ], [ 18.51140344849291, 57.67495749597189 ], [ 18.51057816124696, 57.67245991387748 ], [ 18.50998363691456, 57.67063999653775 ], [ 18.50930011345567, 57.66855255001542 ], [ 18.50856923517596, 57.66644814161804 ], [ 18.50812257908493, 57.66199312350332 ], [ 18.50570828956195, 57.65832112426106 ], [ 18.49677888386882, 57.65980954334476 ], [ 18.49277378397594, 57.66010134263966 ], [ 18.49215656693547, 57.65756321097746 ], [ 18.49119284948706, 57.65535136563148 ], [ 18.48540011963658, 57.65028651653603 ] ] ] ] } },
{ "type": "Feature", "properties": { "AREA": 35312334.460457802, "PERIMETER": 34476.21577272132, "SCNRSEIE_": 1667, "SCNRSEIE_I": 4274, "SNID_1": "976", "SNID_2": "0976", "SNID_3": "0976", "SNID_4": 976.0, "NAMN": "Visby", "LAN": "Gotlands län", "NOT_": null, "KOMMENTAR": null, "SCNRSEIE_A": 41899491.595, "SCNRSEIE_P": 35235.457, "HECTARES": 3531.2334460457801 }, "geometry": { "type": "MultiPolygon", "coordinates": [ [ [ [ 18.3499998696672, 57.6877183722082 ], [ 18.35246577077571, 57.68550614575852 ], [ 18.35739997544019, 57.68257272020586 ], [ 18.36517721793231, 57.67847224153572 ], [ 18.37224509806377, 57.67678397739805 ], [ 18.37568523328368, 57.6759641102592 ], [ 18.38589562694276, 57.67657367780465 ], [ 18.39114989892962, 57.68130817881843 ], [ 18.40287551005568, 57.67778477122958 ], [ 18.39309596457391, 57.66782107594279 ], [ 18.38161642382074, 57.67123528490191 ], [ 18.37462269092443, 57.66459109104156 ], [ 18.38027241937305, 57.66076179280979 ], [ 18.38999748297307, 57.65457643023608 ], [ 18.38707901629549, 57.65191428640546 ], [ 18.39276874030802, 57.65089965396455 ], [ 18.39546866080874, 57.64978441096275 ], [ 18.39124454556178, 57.64752191227739 ], [ 18.38915639047894, 57.64610485719342 ], [ 18.38666638176501, 57.64451189106962 ], [ 18.3837674528865, 57.643142739384 ], [ 18.38097873069673, 57.64208569773757 ], [ 18.37839871139909, 57.64080874499226 ], [ 18.37627320442447, 57.63902850047453 ], [ 18.37295622303033, 57.63866478060072 ], [ 18.36929188529924, 57.63833487679909 ], [ 18.36609544643099, 57.63774843763657 ], [ 18.36270032552934, 57.63740390696088 ], [ 18.35885251512405, 57.6367810494658 ], [ 18.35549968689674, 57.63617046667147 ], [ 18.35215116636592, 57.63511061639361 ], [ 18.34941894757167, 57.63406074234967 ], [ 18.34556292071429, 57.63286280615709 ], [ 18.34220078113225, 57.63244071196232 ], [ 18.33534553692009, 57.63154506603713 ], [ 18.33464667485271, 57.62868911390899 ], [ 18.33310514555225, 57.62671681355528 ], [ 18.33009738540474, 57.62354764600425 ], [ 18.32827521946372, 57.62174700493042 ], [ 18.3244945263888, 57.62018759921015 ], [ 18.32322530301782, 57.61787288394284 ], [ 18.32636889198422, 57.61322912986865 ], [ 18.32382716843441, 57.611842537415 ], [ 18.32127504646784, 57.61042466973311 ], [ 18.31863204092371, 57.60932306319402 ], [ 18.31367182024079, 57.60698279243841 ], [ 18.31050385615138, 57.60557243716535 ], [ 18.30680364099995, 57.60420407776856 ], [ 18.30113261739765, 57.60172467749993 ], [ 18.29835517585606, 57.60026149367091 ], [ 18.29595887206694, 57.59883106774504 ], [ 18.29278129059602, 57.59667495068284 ], [ 18.29000262644259, 57.59972080361203 ], [ 18.28851873131259, 57.6016991718628 ], [ 18.28695865992545, 57.60329732324558 ], [ 18.28593854125819, 57.60511832847324 ], [ 18.28474217838766, 57.60723922928264 ], [ 18.28109801510043, 57.60569834459969 ], [ 18.27807120646558, 57.60480545686496 ], [ 18.27604963793283, 57.60300350845426 ], [ 18.27327514261026, 57.60184506829631 ], [ 18.26793276685457, 57.60159004220327 ], [ 18.26438473366922, 57.60098987594424 ], [ 18.26291577228379, 57.60262187734743 ], [ 18.2626148468063, 57.6046397983898 ], [ 18.26075576486727, 57.60619850064815 ], [ 18.25749467712079, 57.60787413255911 ], [ 18.25428881642306, 57.60904113282022 ], [ 18.25108922396217, 57.61020793473974 ], [ 18.24885421482688, 57.61103658674052 ], [ 18.25134095393177, 57.61224211894726 ], [ 18.25479101677958, 57.61401671145505 ], [ 18.2582772675405, 57.61582644082508 ], [ 18.2685760466848, 57.62158155991403 ], [ 18.27809642948614, 57.62913861860206 ], [ 18.28312280604761, 57.63336080315283 ], [ 18.28869408600693, 57.63622471962801 ], [ 18.28894073671211, 57.63689356486625 ], [ 18.28529034148117, 57.63739637207882 ], [ 18.28049155463059, 57.63579270333927 ], [ 18.28192917296228, 57.63722870272975 ], [ 18.28952157042233, 57.64049313123398 ], [ 18.29665206222721, 57.64677536986444 ], [ 18.30508985838343, 57.65424404415958 ], [ 18.31427195108556, 57.66127524780696 ], [ 18.32612691993817, 57.66667165178828 ], [ 18.33019008775975, 57.6694201459171 ], [ 18.33260539555712, 57.67281226150328 ], [ 18.33551972093742, 57.67614046107638 ], [ 18.33955164905671, 57.6786557485113 ], [ 18.34312573043189, 57.68109027028472 ], [ 18.34677836354522, 57.68559810897369 ], [ 18.34830017157542, 57.68721136085599 ], [ 18.34913970780561, 57.68746396707063 ], [ 18.3499998696672, 57.6877183722082 ] ] ] ] } },
{ "type": "Feature", "properties": { "AREA": 25723360.421162128, "PERIMETER": 25300.31780245246, "SCNRSEIE_": 1671, "SCNRSEIE_I": 4279, "SNID_1": "906", "SNID_2": "0906", "SNID_3": "0906", "SNID_4": 906.0, "NAMN": "Bäl", "LAN": "Gotlands län", "NOT_": null, "KOMMENTAR": null, "SCNRSEIE_A": 24520097.114, "SCNRSEIE_P": 30423.162, "HECTARES": 2572.3360421162101 }, "geometry": { "type": "MultiPolygon", "coordinates": [ [ [ [ 18.71413526067751, 57.67071139930832 ], [ 18.71783945412956, 57.67094331672141 ], [ 18.72248432999601, 57.6705847053351 ], [ 18.72281021014055, 57.66702403620965 ], [ 18.72340669403299, 57.66051941197697 ], [ 18.72987791210434, 57.66029812896087 ], [ 18.73534259699843, 57.66069265216328 ], [ 18.74236387702128, 57.6586701243412 ], [ 18.74093479498316, 57.65630905970738 ], [ 18.73952673041708, 57.65275262228863 ], [ 18.73550894142018, 57.65340284360801 ], [ 18.7321085052704, 57.64606087715592 ], [ 18.72968460180856, 57.64097817605059 ], [ 18.73595848503585, 57.64165041237316 ], [ 18.742807876808, 57.64239431665441 ], [ 18.74766476562824, 57.64079457326652 ], [ 18.74709177458123, 57.63531867531722 ], [ 18.73644487491824, 57.63570976426633 ], [ 18.73301542887777, 57.63581619133213 ], [ 18.72634361272795, 57.63546740140099 ], [ 18.72002667873802, 57.63512813314775 ], [ 18.71122546318474, 57.63467039514425 ], [ 18.70189438429357, 57.63417935603409 ], [ 18.69528657843423, 57.63383644581866 ], [ 18.69123230824476, 57.63361470027804 ], [ 18.68197928788181, 57.63312481827287 ], [ 18.67618280196372, 57.63281644571182 ], [ 18.67277569350491, 57.63264670892388 ], [ 18.66492486528079, 57.63219573088213 ], [ 18.66070433251592, 57.63265042920084 ], [ 18.65681516035499, 57.63306166371771 ], [ 18.65156528470969, 57.63363368941849 ], [ 18.63893203406024, 57.63411507731914 ], [ 18.63581983147195, 57.63544701457357 ], [ 18.63124247707307, 57.63053659360907 ], [ 18.62309506838818, 57.63135178364588 ], [ 18.61713102914848, 57.63195177021348 ], [ 18.61208541790554, 57.63246370444961 ], [ 18.60923901471058, 57.6358147630094 ], [ 18.60749948308965, 57.63785674252367 ], [ 18.60889746466054, 57.63955953204557 ], [ 18.60531099829734, 57.64130541566049 ], [ 18.60271407331685, 57.64540995263996 ], [ 18.60517544116903, 57.64743065919417 ], [ 18.60707850570825, 57.64899659621967 ], [ 18.60980796863783, 57.65125384965673 ], [ 18.61335481302282, 57.65418909807703 ], [ 18.61592639622584, 57.65637336922509 ], [ 18.61993626515742, 57.6597832089841 ], [ 18.62632686276672, 57.66027421035945 ], [ 18.63274929549854, 57.66076858924481 ], [ 18.65035119690278, 57.66208078270575 ], [ 18.64922560476023, 57.66410943584052 ], [ 18.65394597691897, 57.66402117630923 ], [ 18.67626641148893, 57.66370505200353 ], [ 18.69301913128614, 57.6625165716244 ], [ 18.69654021769808, 57.66484684531462 ], [ 18.69944666808977, 57.66624027077078 ], [ 18.70189107381123, 57.66769802726854 ], [ 18.70472634363345, 57.66924570786178 ], [ 18.71044165212356, 57.67048003338999 ], [ 18.71413526067751, 57.67071139930832 ] ] ] ] } },
{ "type": "Feature", "properties": { "AREA": 30068995.476930615, "PERIMETER": 28770.543933008212, "SCNRSEIE_": 1672, "SCNRSEIE_I": 4282, "SNID_1": "917", "SNID_2": "0917", "SNID_3": "0917", "SNID_4": 917.0, "NAMN": "Fole", "LAN": "Gotlands län", "NOT_": null, "KOMMENTAR": null, "SCNRSEIE_A": 28011820.217999998, "SCNRSEIE_P": 38758.171, "HECTARES": 3006.89954769306 }, "geometry": { "type": "MultiPolygon", "coordinates": [ [ [ [ 18.48540011963658, 57.65028651653603 ], [ 18.49119284948706, 57.65535136563148 ], [ 18.49215656693547, 57.65756321097746 ], [ 18.49277378397594, 57.66010134263966 ], [ 18.49677888386882, 57.65980954334476 ], [ 18.50570828956195, 57.65832112426106 ], [ 18.50812257908493, 57.66199312350332 ], [ 18.51228614516408, 57.66045326509012 ], [ 18.51631298470295, 57.66087461338199 ], [ 18.5194607337236, 57.65954044801965 ], [ 18.52632636960832, 57.66144559407922 ], [ 18.53986535481955, 57.66139166935535 ], [ 18.53782077020609, 57.66331783161491 ], [ 18.54622809127101, 57.66477533321009 ], [ 18.5538336974314, 57.66609706455208 ], [ 18.55738352614764, 57.66668011873242 ], [ 18.56500767852128, 57.66798730596997 ], [ 18.56953276523609, 57.67113598905233 ], [ 18.57228873985546, 57.67259387697292 ], [ 18.57607859850662, 57.67320719213939 ], [ 18.58069966692015, 57.67279144426568 ], [ 18.59286122562641, 57.67087103274634 ], [ 18.60402663680111, 57.669065896544 ], [ 18.60907563568571, 57.6687743946223 ], [ 18.61245781784271, 57.66858258570529 ], [ 18.61725862243335, 57.66773932955624 ], [ 18.61717843355265, 57.66459239292158 ], [ 18.61586584937637, 57.66260477668679 ], [ 18.61993626515742, 57.6597832089841 ], [ 18.61592639622584, 57.65637336922509 ], [ 18.61335481302282, 57.65418909807703 ], [ 18.60980796863783, 57.65125384965673 ], [ 18.60707850570825, 57.64899659621967 ], [ 18.60517544116903, 57.64743065919417 ], [ 18.60271407331685, 57.64540995263996 ], [ 18.59833735241353, 57.64075449119163 ], [ 18.59214848279819, 57.63964683974015 ], [ 18.58925169441077, 57.63824191646443 ], [ 18.58572198060418, 57.63649589146412 ], [ 18.58234490966069, 57.63652519738059 ], [ 18.57877935440355, 57.63575904355074 ], [ 18.57503908183557, 57.6352796235787 ], [ 18.57126463509243, 57.63536675379885 ], [ 18.56796062143608, 57.63506166032374 ], [ 18.56197008030058, 57.6337011520107 ], [ 18.55707975593226, 57.63298573954614 ], [ 18.55399969882887, 57.62674643882047 ], [ 18.56184512943735, 57.62464866817101 ], [ 18.5594174837908, 57.62210993879705 ], [ 18.55639876278907, 57.6188608007295 ], [ 18.55392554876725, 57.61623302779705 ], [ 18.5456109557504, 57.61761287291757 ], [ 18.54205838453835, 57.61820643324154 ], [ 18.53518141095809, 57.61987328215424 ], [ 18.52922225062535, 57.62355028451388 ], [ 18.52849437505147, 57.62629684134659 ], [ 18.53225995892065, 57.62909029172128 ], [ 18.53499993214262, 57.63126351188147 ], [ 18.53153586374074, 57.63291936541625 ], [ 18.52774547419959, 57.62929540232485 ], [ 18.52230398667982, 57.62589110388983 ], [ 18.51851999969239, 57.62353789167597 ], [ 18.51529099066266, 57.62160391159502 ], [ 18.51124590044878, 57.61927406057109 ], [ 18.50875785621095, 57.61753068581636 ], [ 18.50431301452147, 57.61919320351333 ], [ 18.50003051587801, 57.62073539879258 ], [ 18.49365011104464, 57.62309460626364 ], [ 18.48792265995497, 57.62520604793025 ], [ 18.48146468049936, 57.62761118431573 ], [ 18.4858070533001, 57.63095076277643 ], [ 18.49319967179605, 57.63524039127599 ], [ 18.49765331822728, 57.63488068995566 ], [ 18.49509939033817, 57.63989372647995 ], [ 18.49157664366372, 57.64317111142509 ], [ 18.49015427675072, 57.64554593442399 ], [ 18.48540011963658, 57.65028651653603 ] ] ] ] } },
{ "type": "Feature", "properties": { "AREA": 22183008.421949148, "PERIMETER": 24213.63777681693, "SCNRSEIE_": 1683, "SCNRSEIE_I": 4302, "SNID_1": "935", "SNID_2": "0935", "SNID_3": "0935", "SNID_4": 935.0, "NAMN": "Hejdeby", "LAN": "Gotlands län", "NOT_": null, "KOMMENTAR": null, "SCNRSEIE_A": 22555790.779, "SCNRSEIE_P": 28561.085, "HECTARES": 2218.3008421949098 }, "geometry": { "type": "MultiPolygon", "coordinates": [ [ [ [ 18.34556292071429, 57.63286280615709 ], [ 18.34941894757167, 57.63406074234967 ], [ 18.35215116636592, 57.63511061639361 ], [ 18.35549968689674, 57.63617046667147 ], [ 18.35885251512405, 57.6367810494658 ], [ 18.36270032552934, 57.63740390696088 ], [ 18.36609544643099, 57.63774843763657 ], [ 18.36929188529924, 57.63833487679909 ], [ 18.37295622303033, 57.63866478060072 ], [ 18.37627320442447, 57.63902850047453 ], [ 18.37839871139909, 57.64080874499226 ], [ 18.38097873069673, 57.64208569773757 ], [ 18.3837674528865, 57.643142739384 ], [ 18.38666638176501, 57.64451189106962 ], [ 18.38915639047894, 57.64610485719342 ], [ 18.39124454556178, 57.64752191227739 ], [ 18.39546866080874, 57.64978441096275 ], [ 18.3994459829932, 57.64943346896118 ], [ 18.41646795444467, 57.64796028933262 ], [ 18.42021157054898, 57.64739332432534 ], [ 18.42426144154192, 57.64756105806637 ], [ 18.42910523402994, 57.64834096424136 ], [ 18.43736439645705, 57.64980428303302 ], [ 18.44016332489692, 57.65218480952517 ], [ 18.44557993971149, 57.65359898797234 ], [ 18.44837094455698, 57.6523144977697 ], [ 18.45553530304186, 57.64902500595122 ], [ 18.46126794120438, 57.64642089042507 ], [ 18.47636254028001, 57.64529898844871 ], [ 18.48032959717994, 57.64795502279746 ], [ 18.48540011963658, 57.65028651653603 ], [ 18.49015427675072, 57.64554593442399 ], [ 18.49157664366372, 57.64317111142509 ], [ 18.49509939033817, 57.63989372647995 ], [ 18.49765331822728, 57.63488068995566 ], [ 18.49319967179605, 57.63524039127599 ], [ 18.4858070533001, 57.63095076277643 ], [ 18.48146468049936, 57.62761118431573 ], [ 18.47742696270131, 57.62792568857022 ], [ 18.47168311327052, 57.62787165700267 ], [ 18.47003200192525, 57.62392711492939 ], [ 18.46687650363997, 57.62468076775306 ], [ 18.46149216685095, 57.62598429061585 ], [ 18.45824107940271, 57.62347887974006 ], [ 18.45619323162946, 57.62191391446039 ], [ 18.45379937770011, 57.62007767478863 ], [ 18.45014597148875, 57.6153755287537 ], [ 18.44885930803986, 57.60960356185264 ], [ 18.44521538293022, 57.6101288340767 ], [ 18.44073842820106, 57.61125980721798 ], [ 18.4419579182013, 57.61423019506968 ], [ 18.43827048163646, 57.61500330784149 ], [ 18.42912892635367, 57.61384241208292 ], [ 18.43068949369147, 57.61688570896717 ], [ 18.42209189513657, 57.61767938404505 ], [ 18.41180302176946, 57.61864651505197 ], [ 18.40432816178835, 57.61934834299949 ], [ 18.3994217480268, 57.62076963751846 ], [ 18.38907016395246, 57.6236719739038 ], [ 18.38306413779949, 57.62503872199991 ], [ 18.37855846923253, 57.62584471312292 ], [ 18.37040658192752, 57.62730383749628 ], [ 18.36241749055822, 57.6290916117882 ], [ 18.35483134235943, 57.62929423250403 ], [ 18.34911411455627, 57.63000221325343 ], [ 18.34556292071429, 57.63286280615709 ] ] ] ] } },
{ "type": "Feature", "properties": { "AREA": 17415772.706865311, "PERIMETER": 26136.742527129041, "SCNRSEIE_": 1686, "SCNRSEIE_I": 4307, "SNID_1": "943", "SNID_2": "0943", "SNID_3": "0943", "SNID_4": 943.0, "NAMN": "Källunge", "LAN": "Gotlands län", "NOT_": null, "KOMMENTAR": null, "SCNRSEIE_A": 17338312.032000002, "SCNRSEIE_P": 29139.583, "HECTARES": 1741.57727068653 }, "geometry": { "type": "MultiPolygon", "coordinates": [ [ [ [ 18.51851999969239, 57.62353789167597 ], [ 18.52230398667982, 57.62589110388983 ], [ 18.52774547419959, 57.62929540232485 ], [ 18.53153586374074, 57.63291936541625 ], [ 18.53499993214262, 57.63126351188147 ], [ 18.53225995892065, 57.62909029172128 ], [ 18.52849437505147, 57.62629684134659 ], [ 18.52922225062535, 57.62355028451388 ], [ 18.53518141095809, 57.61987328215424 ], [ 18.54205838453835, 57.61820643324154 ], [ 18.5456109557504, 57.61761287291757 ], [ 18.55392554876725, 57.61623302779705 ], [ 18.55639876278907, 57.6188608007295 ], [ 18.5594174837908, 57.62210993879705 ], [ 18.56184512943735, 57.62464866817101 ], [ 18.55399969882887, 57.62674643882047 ], [ 18.55707975593226, 57.63298573954614 ], [ 18.56197008030058, 57.6337011520107 ], [ 18.56796062143608, 57.63506166032374 ], [ 18.57126463509243, 57.63536675379885 ], [ 18.57503908183557, 57.6352796235787 ], [ 18.57877935440355, 57.63575904355074 ], [ 18.58234490966069, 57.63652519738059 ], [ 18.58572198060418, 57.63649589146412 ], [ 18.58925169441077, 57.63824191646443 ], [ 18.59214848279819, 57.63964683974015 ], [ 18.59833735241353, 57.64075449119163 ], [ 18.60271407331685, 57.64540995263996 ], [ 18.60531099829734, 57.64130541566049 ], [ 18.60889746466054, 57.63955953204557 ], [ 18.60749948308965, 57.63785674252367 ], [ 18.60923901471058, 57.6358147630094 ], [ 18.61208541790554, 57.63246370444961 ], [ 18.60932512686813, 57.6285406991352 ], [ 18.60814026986569, 57.62685564907311 ], [ 18.60532204055154, 57.62287553912891 ], [ 18.60202029036869, 57.61817834926894 ], [ 18.60091415208138, 57.61434892555152 ], [ 18.60847621164167, 57.60782554554608 ], [ 18.61172546498216, 57.60496136852118 ], [ 18.60489734969444, 57.6053042060281 ], [ 18.60076721010633, 57.60646917736477 ], [ 18.59731540289857, 57.60267803046799 ], [ 18.59583924118982, 57.60102177930354 ], [ 18.59389184401735, 57.59883685552605 ], [ 18.58437865021712, 57.59414151117232 ], [ 18.58104576297465, 57.59272348933452 ], [ 18.58192162485654, 57.58986549112071 ], [ 18.58552108882062, 57.58916191605252 ], [ 18.58161689535446, 57.57826551628437 ], [ 18.5729821654439, 57.58127580789078 ], [ 18.56408674902663, 57.58439449649077 ], [ 18.56113127875429, 57.58545617069088 ], [ 18.55685029953124, 57.58693745675203 ], [ 18.55883494289447, 57.59513197807087 ], [ 18.55754717039706, 57.59989883142924 ], [ 18.55195801024995, 57.60233369072619 ], [ 18.54983222090135, 57.60443706838441 ], [ 18.54685113099611, 57.60654548757149 ], [ 18.54616769516653, 57.60838840575168 ], [ 18.54432882100646, 57.60991945919126 ], [ 18.54141389410127, 57.6128079192968 ], [ 18.52666424964095, 57.61971115753646 ], [ 18.52247706702391, 57.62167872950156 ], [ 18.51851999969239, 57.62353789167597 ] ] ] ] } },
{ "type": "Feature", "properties": { "AREA": 26983475.794363141, "PERIMETER": 23723.313447416491, "SCNRSEIE_": 1689, "SCNRSEIE_I": 4311, "SNID_1": "973", "SNID_2": "0973", "SNID_3": "0973", "SNID_4": 973.0, "NAMN": "Vallstena", "LAN": "Gotlands län", "NOT_": null, "KOMMENTAR": null, "SCNRSEIE_A": 27073760.49, "SCNRSEIE_P": 24261.502, "HECTARES": 2698.3475794363098 }, "geometry": { "type": "MultiPolygon", "coordinates": [ [ [ [ 18.61172546498216, 57.60496136852118 ], [ 18.60847621164167, 57.60782554554608 ], [ 18.60091415208138, 57.61434892555152 ], [ 18.60202029036869, 57.61817834926894 ], [ 18.60532204055154, 57.62287553912891 ], [ 18.60814026986569, 57.62685564907311 ], [ 18.60932512686813, 57.6285406991352 ], [ 18.61208541790554, 57.63246370444961 ], [ 18.61713102914848, 57.63195177021348 ], [ 18.62309506838818, 57.63135178364588 ], [ 18.63124247707307, 57.63053659360907 ], [ 18.63581983147195, 57.63544701457357 ], [ 18.63893203406024, 57.63411507731914 ], [ 18.65156528470969, 57.63363368941849 ], [ 18.65681516035499, 57.63306166371771 ], [ 18.66070433251592, 57.63265042920084 ], [ 18.66492486528079, 57.63219573088213 ], [ 18.67277569350491, 57.63264670892388 ], [ 18.67618280196372, 57.63281644571182 ], [ 18.68197928788181, 57.63312481827287 ], [ 18.69123230824476, 57.63361470027804 ], [ 18.69528657843423, 57.63383644581866 ], [ 18.70189438429357, 57.63417935603409 ], [ 18.71122546318474, 57.63467039514425 ], [ 18.72002667873802, 57.63512813314775 ], [ 18.72634361272795, 57.63546740140099 ], [ 18.72612411902848, 57.62898157923209 ], [ 18.72598530299999, 57.62438506976851 ], [ 18.72585208197826, 57.62215113994493 ], [ 18.71607071652424, 57.62112353361268 ], [ 18.71042623755143, 57.6190568457725 ], [ 18.7060090883681, 57.61662491602611 ], [ 18.70327052037434, 57.61511103666202 ], [ 18.69356251920538, 57.60978126224683 ], [ 18.68921417159752, 57.60523150853489 ], [ 18.68631064552502, 57.60219384801024 ], [ 18.66393633731455, 57.58066493465904 ], [ 18.65382526769881, 57.57749750897257 ], [ 18.64930910769055, 57.58021809081367 ], [ 18.64568912209925, 57.58242868953869 ], [ 18.64397896330839, 57.58403923653783 ], [ 18.64046000309422, 57.58699303032392 ], [ 18.63717271047789, 57.58833348592423 ], [ 18.63558797791449, 57.5915132804329 ], [ 18.63373842916073, 57.59303705008075 ], [ 18.62614215483707, 57.594460789587 ], [ 18.6297367613092, 57.59831012605083 ], [ 18.63102056602646, 57.60070244612447 ], [ 18.62685406010644, 57.60113696769795 ], [ 18.62065180165304, 57.60381323313319 ], [ 18.61729908927028, 57.60347011794009 ], [ 18.61359875968132, 57.60330984264252 ], [ 18.61172546498216, 57.60496136852118 ] ] ] ] } },
{ "type": "Feature", "properties": { "AREA": 73712538.062199116, "PERIMETER": 45652.707832785243, "SCNRSEIE_": 1692, "SCNRSEIE_I": 4314, "SNID_1": "925", "SNID_2": "0925", "SNID_3": "0925", "SNID_4": 925.0, "NAMN": "Gothem", "LAN": "Gotlands län", "NOT_": null, "KOMMENTAR": null, "SCNRSEIE_A": 86423226.275000006, "SCNRSEIE_P": 47045.568, "HECTARES": 7371.2538062199101 }, "geometry": { "type": "MultiPolygon", "coordinates": [ [ [ [ 18.65382526769881, 57.57749750897257 ], [ 18.66393633731455, 57.58066493465904 ], [ 18.68631064552502, 57.60219384801024 ], [ 18.68921417159752, 57.60523150853489 ], [ 18.69356251920538, 57.60978126224683 ], [ 18.70327052037434, 57.61511103666202 ], [ 18.7060090883681, 57.61662491602611 ], [ 18.71042623755143, 57.6190568457725 ], [ 18.71607071652424, 57.62112353361268 ], [ 18.72585208197826, 57.62215113994493 ], [ 18.72598530299999, 57.62438506976851 ], [ 18.72612411902848, 57.62898157923209 ], [ 18.72972711933021, 57.62934749610611 ], [ 18.7350107695755, 57.62988991637406 ], [ 18.74960650247981, 57.631388050752 ], [ 18.75404964545815, 57.63185941030971 ], [ 18.75402504278242, 57.62954209180172 ], [ 18.74477295423901, 57.62624042965724 ], [ 18.73476195031539, 57.62680072123464 ], [ 18.73120536711599, 57.62661035271243 ], [ 18.73008677036213, 57.62398025430587 ], [ 18.73449008156481, 57.62342463406792 ], [ 18.73838644281545, 57.62336121818215 ], [ 18.74290109669241, 57.62296885131451 ], [ 18.74921101011022, 57.62239075675097 ], [ 18.75439375268149, 57.62133559058248 ], [ 18.75896059974622, 57.62037995916948 ], [ 18.76404390629738, 57.61931773338095 ], [ 18.76613082028972, 57.61898441658582 ], [ 18.76595894788069, 57.61875183067382 ], [ 18.76580409981108, 57.61849492055207 ], [ 18.76612943659355, 57.61590887066894 ], [ 18.76694388900904, 57.61398516091656 ], [ 18.77053296661712, 57.6113944272039 ], [ 18.77829527796611, 57.6109245320529 ], [ 18.79250781162937, 57.60970886750717 ], [ 18.79727777371049, 57.60888625164765 ], [ 18.80095741772315, 57.60763111480387 ], [ 18.80356860450344, 57.60600592255282 ], [ 18.80758673838787, 57.60216407796342 ], [ 18.80932664819998, 57.59870870661862 ], [ 18.80263685933763, 57.59082673923792 ], [ 18.80004381892177, 57.58757307103257 ], [ 18.80400844404512, 57.58452319007606 ], [ 18.80328945893019, 57.58371371010706 ], [ 18.79793124460926, 57.57712958129688 ], [ 18.80044142337153, 57.57409628825216 ], [ 18.80171369020352, 57.57024780245306 ], [ 18.80368285155805, 57.56633782887092 ], [ 18.80599911639238, 57.56400978186814 ], [ 18.80588223842442, 57.56238640808779 ], [ 18.80639670199351, 57.56091872839544 ], [ 18.81678307561362, 57.55997061880305 ], [ 18.81736485180803, 57.55912119870229 ], [ 18.81434076066686, 57.55508749188399 ], [ 18.8118005403492, 57.5530636623702 ], [ 18.80494077939144, 57.55073821794061 ], [ 18.80369424343724, 57.55082174062284 ], [ 18.80250728952405, 57.55325771305336 ], [ 18.80053996499496, 57.5535200322332 ], [ 18.7979870832778, 57.55296066922351 ], [ 18.79349629650928, 57.55159364439438 ], [ 18.79299903530953, 57.5504194967036 ], [ 18.79998094947791, 57.54528574759391 ], [ 18.80323369433225, 57.54298042706614 ], [ 18.80333555621958, 57.54157646032153 ], [ 18.80243083169217, 57.54052882042086 ], [ 18.79501961041619, 57.53836870255883 ], [ 18.78801160780904, 57.53622558384842 ], [ 18.7823607325005, 57.5361703508315 ], [ 18.78147662750779, 57.53557129421637 ], [ 18.78560353367038, 57.53189817638727 ], [ 18.78400337327155, 57.52845906538962 ], [ 18.78237925576958, 57.52758998918022 ], [ 18.77239151315151, 57.52635184013778 ], [ 18.77022222825268, 57.52596260842402 ], [ 18.76908678219982, 57.52566323713541 ], [ 18.76797717375526, 57.52584911460692 ], [ 18.76406189977406, 57.52588707551052 ], [ 18.76054814890259, 57.52593348367456 ], [ 18.75685807672155, 57.52588957596913 ], [ 18.7536175987303, 57.52521069397263 ], [ 18.74987152434894, 57.52491182362154 ], [ 18.74450212076806, 57.52202735938258 ], [ 18.73914975096487, 57.52407450785056 ], [ 18.73543716569008, 57.5237744330436 ], [ 18.73204825458105, 57.52342190748198 ], [ 18.72833128363713, 57.52243896736187 ], [ 18.72677600925987, 57.52987333859049 ], [ 18.7233794493152, 57.5369010297041 ], [ 18.72010184597261, 57.53651863608802 ], [ 18.71849937149141, 57.53493847133198 ], [ 18.71630942138146, 57.53321470000989 ], [ 18.70973586668618, 57.5349113524757 ], [ 18.71188204600667, 57.5391023812418 ], [ 18.7135307989371, 57.54236602283301 ], [ 18.69937912065146, 57.54170307947977 ], [ 18.69511210300328, 57.54217371644156 ], [ 18.68971439351067, 57.54276429538214 ], [ 18.68360372150033, 57.54342939321219 ], [ 18.67990895823479, 57.54382356394258 ], [ 18.67490071566909, 57.54435521542128 ], [ 18.67861643495299, 57.54663795852574 ], [ 18.67413630760396, 57.55025256888825 ], [ 18.67366951225035, 57.55303015507375 ], [ 18.6732907631998, 57.55528023591194 ], [ 18.67295547259465, 57.55757874332605 ], [ 18.67270880231665, 57.5595967116736 ], [ 18.67170125225606, 57.56530629121841 ], [ 18.66198931360533, 57.5679340652579 ], [ 18.65909428910317, 57.57033083214066 ], [ 18.65486426636303, 57.56816692873042 ], [ 18.65803005275725, 57.56546316225101 ], [ 18.65596209968144, 57.56344360549107 ], [ 18.64630380145336, 57.56625762914508 ], [ 18.6436212240886, 57.56468287011659 ], [ 18.63752684194334, 57.56728127833863 ], [ 18.64025385056465, 57.56916054981763 ], [ 18.64413173832862, 57.57183148304878 ], [ 18.64842427391946, 57.57477140123527 ], [ 18.65063219888595, 57.57628030784097 ], [ 18.65382526769881, 57.57749750897257 ] ] ] ] } },
{ "type": "Feature", "properties": { "AREA": 24478174.566293955, "PERIMETER": 30876.412669014779, "SCNRSEIE_": 1693, "SCNRSEIE_I": 4319, "SNID_1": "911", "SNID_2": "0911", "SNID_3": "0911", "SNID_4": 911.0, "NAMN": "Endre", "LAN": "Gotlands län", "NOT_": null, "KOMMENTAR": null, "SCNRSEIE_A": 23803576.765000004, "SCNRSEIE_P": 39807.988, "HECTARES": 2447.8174566294001 }, "geometry": { "type": "MultiPolygon", "coordinates": [ [ [ [ 18.43643301030469, 57.58850920662288 ], [ 18.43201046448601, 57.58758074455948 ], [ 18.42636555519928, 57.59045767923298 ], [ 18.41871270349273, 57.59436665642413 ], [ 18.41483010998154, 57.59633330590393 ], [ 18.40686345165657, 57.59796183444764 ], [ 18.40354048073463, 57.59948987755622 ], [ 18.40423244410449, 57.60276789678957 ], [ 18.3983461654957, 57.6056734871852 ], [ 18.39252817162516, 57.60855052713143 ], [ 18.38402678331277, 57.61272162545242 ], [ 18.37440397730434, 57.61629963842049 ], [ 18.37084027255266, 57.61623726810955 ], [ 18.36330762262611, 57.62028842984503 ], [ 18.35570682187766, 57.6164312293086 ], [ 18.34687143602865, 57.62079064967026 ], [ 18.34304544573405, 57.62267301557007 ], [ 18.33947181235729, 57.62442900954505 ], [ 18.33667169949007, 57.62581448249844 ], [ 18.33310514555225, 57.62671681355528 ], [ 18.33464667485271, 57.62868911390899 ], [ 18.33534553692009, 57.63154506603713 ], [ 18.34220078113225, 57.63244071196232 ], [ 18.34556292071429, 57.63286280615709 ], [ 18.34911411455627, 57.63000221325343 ], [ 18.35483134235943, 57.62929423250403 ], [ 18.36241749055822, 57.6290916117882 ], [ 18.37040658192752, 57.62730383749628 ], [ 18.37855846923253, 57.62584471312292 ], [ 18.38306413779949, 57.62503872199991 ], [ 18.38907016395246, 57.6236719739038 ], [ 18.3994217480268, 57.62076963751846 ], [ 18.40432816178835, 57.61934834299949 ], [ 18.41180302176946, 57.61864651505197 ], [ 18.42209189513657, 57.61767938404505 ], [ 18.43068949369147, 57.61688570896717 ], [ 18.42912892635367, 57.61384241208292 ], [ 18.43827048163646, 57.61500330784149 ], [ 18.4419579182013, 57.61423019506968 ], [ 18.44073842820106, 57.61125980721798 ], [ 18.44521538293022, 57.6101288340767 ], [ 18.44885930803986, 57.60960356185264 ], [ 18.45014597148875, 57.6153755287537 ], [ 18.45379937770011, 57.62007767478863 ], [ 18.45619323162946, 57.62191391446039 ], [ 18.45824107940271, 57.62347887974006 ], [ 18.46149216685095, 57.62598429061585 ], [ 18.46687650363997, 57.62468076775306 ], [ 18.47003200192525, 57.62392711492939 ], [ 18.47168311327052, 57.62787165700267 ], [ 18.47742696270131, 57.62792568857022 ], [ 18.48146468049936, 57.62761118431573 ], [ 18.48792265995497, 57.62520604793025 ], [ 18.49365011104464, 57.62309460626364 ], [ 18.50003051587801, 57.62073539879258 ], [ 18.50431301452147, 57.61919320351333 ], [ 18.50875785621095, 57.61753068581636 ], [ 18.50612859110211, 57.61430352482265 ], [ 18.51303145865295, 57.61264219163533 ], [ 18.51022474628514, 57.60916736556694 ], [ 18.5018790795597, 57.6091358010553 ], [ 18.4982862647093, 57.6048004453264 ], [ 18.49665477800652, 57.60273762991871 ], [ 18.49447897154963, 57.59771744700901 ], [ 18.49350723274128, 57.59158015589541 ], [ 18.48992288284585, 57.5912655719897 ], [ 18.48707196437026, 57.58503340776431 ], [ 18.48058475772199, 57.58611867264524 ], [ 18.47540135314475, 57.58591398953062 ], [ 18.47206821213307, 57.58899373879687 ], [ 18.46778734033352, 57.58955559392115 ], [ 18.46390848287615, 57.59009994711751 ], [ 18.45705933589956, 57.59169640943895 ], [ 18.45069165052789, 57.59065139697304 ], [ 18.44599957104385, 57.58898826641978 ], [ 18.43978548381754, 57.58921288391891 ], [ 18.43643301030469, 57.58850920662288 ] ] ] ] } },
{ "type": "Feature", "properties": { "AREA": 16314906.56339216, "PERIMETER": 20472.782654787628, "SCNRSEIE_": 1695, "SCNRSEIE_I": 4323, "SNID_1": "909", "SNID_2": "0909", "SNID_3": "0909", "SNID_4": 909.0, "NAMN": "Ekeby", "LAN": "Gotlands län", "NOT_": null, "KOMMENTAR": null, "SCNRSEIE_A": 16354735.344000001, "SCNRSEIE_P": 22301.031, "HECTARES": 1631.4906563392201 }, "geometry": { "type": "MultiPolygon", "coordinates": [ [ [ [ 18.48707196437026, 57.58503340776431 ], [ 18.48992288284585, 57.5912655719897 ], [ 18.49350723274128, 57.59158015589541 ], [ 18.49447897154963, 57.59771744700901 ], [ 18.49665477800652, 57.60273762991871 ], [ 18.4982862647093, 57.6048004453264 ], [ 18.5018790795597, 57.6091358010553 ], [ 18.51022474628514, 57.60916736556694 ], [ 18.51303145865295, 57.61264219163533 ], [ 18.50612859110211, 57.61430352482265 ], [ 18.50875785621095, 57.61753068581636 ], [ 18.51124590044878, 57.61927406057109 ], [ 18.51529099066266, 57.62160391159502 ], [ 18.51851999969239, 57.62353789167597 ], [ 18.52247706702391, 57.62167872950156 ], [ 18.52666424964095, 57.61971115753646 ], [ 18.54141389410127, 57.6128079192968 ], [ 18.54432882100646, 57.60991945919126 ], [ 18.54616769516653, 57.60838840575168 ], [ 18.54685113099611, 57.60654548757149 ], [ 18.54983222090135, 57.60443706838441 ], [ 18.55195801024995, 57.60233369072619 ], [ 18.55754717039706, 57.59989883142924 ], [ 18.55883494289447, 57.59513197807087 ], [ 18.55685029953124, 57.58693745675203 ], [ 18.56113127875429, 57.58545617069088 ], [ 18.56408674902663, 57.58439449649077 ], [ 18.5729821654439, 57.58127580789078 ], [ 18.58161689535446, 57.57826551628437 ], [ 18.58023140981191, 57.57423544155991 ], [ 18.56971942033889, 57.57560688135668 ], [ 18.57150687745853, 57.57844691780839 ], [ 18.56368280078972, 57.57905817006511 ], [ 18.55836757676461, 57.579457142954 ], [ 18.55396245703546, 57.57978218161917 ], [ 18.55022165766981, 57.58004770235593 ], [ 18.54611034862096, 57.58036158683925 ], [ 18.54158629102301, 57.58072012431805 ], [ 18.53750814902197, 57.5810330080697 ], [ 18.5340353259377, 57.58127877754784 ], [ 18.52620020454362, 57.57828566999835 ], [ 18.52214898567046, 57.57674245314385 ], [ 18.51204945457331, 57.57289428077705 ], [ 18.50475246517264, 57.57017584236057 ], [ 18.50083503588689, 57.57274711278004 ], [ 18.49932880169729, 57.57475185258335 ], [ 18.49590209837457, 57.57456885582253 ], [ 18.48977752787177, 57.57867871712014 ], [ 18.48985273150742, 57.58125982864885 ], [ 18.4899176437209, 57.58361656520167 ], [ 18.48707196437026, 57.58503340776431 ] ] ] ] } },
{ "type": "Feature", "properties": { "AREA": 36251975.230488539, "PERIMETER": 27053.552566956991, "SCNRSEIE_": 1697, "SCNRSEIE_I": 4325, "SNID_1": "918", "SNID_2": "0918", "SNID_3": "0918", "SNID_4": 918.0, "NAMN": "Follingbo", "LAN": "Gotlands län", "NOT_": null, "KOMMENTAR": null, "SCNRSEIE_A": 36392065.54, "SCNRSEIE_P": 31245.637, "HECTARES": 3625.1975230488501 }, "geometry": { "type": "MultiPolygon", "coordinates": [ [ [ [ 18.29473232619335, 57.58936063421882 ], [ 18.29405214583089, 57.59299405677886 ], [ 18.2935550740249, 57.59480932306165 ], [ 18.29278129059602, 57.59667495068284 ], [ 18.29595887206694, 57.59883106774504 ], [ 18.29835517585606, 57.60026149367091 ], [ 18.30113261739765, 57.60172467749993 ], [ 18.30680364099995, 57.60420407776856 ], [ 18.31050385615138, 57.60557243716535 ], [ 18.31367182024079, 57.60698279243841 ], [ 18.31863204092371, 57.60932306319402 ], [ 18.32127504646784, 57.61042466973311 ], [ 18.32382716843441, 57.611842537415 ], [ 18.32636889198422, 57.61322912986865 ], [ 18.32322530301782, 57.61787288394284 ], [ 18.3244945263888, 57.62018759921015 ], [ 18.32827521946372, 57.62174700493042 ], [ 18.33009738540474, 57.62354764600425 ], [ 18.33310514555225, 57.62671681355528 ], [ 18.33667169949007, 57.62581448249844 ], [ 18.33947181235729, 57.62442900954505 ], [ 18.34304544573405, 57.62267301557007 ], [ 18.34687143602865, 57.62079064967026 ], [ 18.35570682187766, 57.6164312293086 ], [ 18.36330762262611, 57.62028842984503 ], [ 18.37084027255266, 57.61623726810955 ], [ 18.37440397730434, 57.61629963842049 ], [ 18.38402678331277, 57.61272162545242 ], [ 18.39252817162516, 57.60855052713143 ], [ 18.3983461654957, 57.6056734871852 ], [ 18.40423244410449, 57.60276789678957 ], [ 18.40354048073463, 57.59948987755622 ], [ 18.40686345165657, 57.59796183444764 ], [ 18.41483010998154, 57.59633330590393 ], [ 18.41871270349273, 57.59436665642413 ], [ 18.42636555519928, 57.59045767923298 ], [ 18.43201046448601, 57.58758074455948 ], [ 18.43643301030469, 57.58850920662288 ], [ 18.43828916326352, 57.58590443323537 ], [ 18.44053455639279, 57.58404550114764 ], [ 18.43766723057318, 57.58255575446859 ], [ 18.43201972899001, 57.58344133365905 ], [ 18.43041539428199, 57.58168709202774 ], [ 18.42939539924611, 57.57962871663468 ], [ 18.42762676029721, 57.5778238617828 ], [ 18.42523987858293, 57.57587917817309 ], [ 18.42614964236891, 57.57103197249902 ], [ 18.4235704751064, 57.56901937765617 ], [ 18.41765021324296, 57.56630786973971 ], [ 18.41290726341809, 57.56374238360807 ], [ 18.40946320272097, 57.56373259877451 ], [ 18.40472214024231, 57.56440523487929 ], [ 18.39898346818815, 57.56521487934298 ], [ 18.39271225297163, 57.56612052274011 ], [ 18.39078229498509, 57.56347868796922 ], [ 18.38864191473109, 57.5617258450778 ], [ 18.38533380303273, 57.5622471453205 ], [ 18.37928388252341, 57.56270300067417 ], [ 18.37368921549566, 57.56140656650487 ], [ 18.36959649892261, 57.5604297599957 ], [ 18.36522314460094, 57.55940910187015 ], [ 18.35928430619792, 57.55801579991751 ], [ 18.35226009927078, 57.55863370793678 ], [ 18.34572443017488, 57.56234053761105 ], [ 18.34284257227665, 57.56464418276177 ], [ 18.33957509923519, 57.56717550217392 ], [ 18.33653960086122, 57.56896112215889 ], [ 18.33235504845604, 57.5720226755093 ], [ 18.32812539755967, 57.57465377536288 ], [ 18.33081640645403, 57.57868263727185 ], [ 18.32583714420108, 57.58206527407691 ], [ 18.32331970086138, 57.58332815131241 ], [ 18.31996073404816, 57.58518258742947 ], [ 18.31676354033065, 57.58675081542592 ], [ 18.31275291916552, 57.58883809684738 ], [ 18.30866824792042, 57.58836220814248 ], [ 18.30491098463733, 57.58823896599668 ], [ 18.29832233667604, 57.58951443483768 ], [ 18.29473232619335, 57.58936063421882 ] ] ] ] } },
{ "type": "Feature", "properties": { "AREA": 27553228.923516273, "PERIMETER": 26509.30556644309, "SCNRSEIE_": 1700, "SCNRSEIE_I": 4335, "SNID_1": "980", "SNID_2": "0980", "SNID_3": "0980", "SNID_4": 980.0, "NAMN": "Västerhejde", "LAN": "Gotlands län", "NOT_": null, "KOMMENTAR": null, "SCNRSEIE_A": 30832158.477000002, "SCNRSEIE_P": 31850.774, "HECTARES": 2755.3228923516299 }, "geometry": { "type": "MultiPolygon", "coordinates": [ [ [ [ 18.24885421482688, 57.61103658674052 ], [ 18.25108922396217, 57.61020793473974 ], [ 18.25428881642306, 57.60904113282022 ], [ 18.25749467712079, 57.60787413255911 ], [ 18.26075576486727, 57.60619850064815 ], [ 18.2626148468063, 57.6046397983898 ], [ 18.26291577228379, 57.60262187734743 ], [ 18.26438473366922, 57.60098987594424 ], [ 18.26793276685457, 57.60159004220327 ], [ 18.27327514261026, 57.60184506829631 ], [ 18.27604963793283, 57.60300350845426 ], [ 18.27807120646558, 57.60480545686496 ], [ 18.28109801510043, 57.60569834459969 ], [ 18.28474217838766, 57.60723922928264 ], [ 18.28593854125819, 57.60511832847324 ], [ 18.28695865992545, 57.60329732324558 ], [ 18.28851873131259, 57.6016991718628 ], [ 18.29000262644259, 57.59972080361203 ], [ 18.29278129059602, 57.59667495068284 ], [ 18.2935550740249, 57.59480932306165 ], [ 18.29405214583089, 57.59299405677886 ], [ 18.29473232619335, 57.58936063421882 ], [ 18.29214401764508, 57.58574665851676 ], [ 18.2930034690984, 57.58382095567914 ], [ 18.29331699057509, 57.58149276025165 ], [ 18.29507131426571, 57.57990874238619 ], [ 18.29791335237104, 57.57784958369939 ], [ 18.29178806602789, 57.57774122045692 ], [ 18.28635771206265, 57.57583589892067 ], [ 18.2804728537118, 57.57350805048531 ], [ 18.27568313091458, 57.57215567698884 ], [ 18.27245274520554, 57.57052554950832 ], [ 18.27317493254203, 57.56869249366973 ], [ 18.27387338282392, 57.56659938702897 ], [ 18.27332885513384, 57.56472820033657 ], [ 18.26717927139877, 57.56552636703261 ], [ 18.25928265350152, 57.56629539688217 ], [ 18.25495855620609, 57.56379233118849 ], [ 18.24395145435988, 57.56431526382102 ], [ 18.24554827057538, 57.55958051936604 ], [ 18.23381498725052, 57.56292063144869 ], [ 18.23661169965007, 57.56478906193572 ], [ 18.23744027941767, 57.56671788417471 ], [ 18.23783157068457, 57.56873139667815 ], [ 18.23418955676005, 57.57061591616606 ], [ 18.2318586072711, 57.56903081382477 ], [ 18.22840927663464, 57.56668484878802 ], [ 18.2239654670155, 57.566976633077 ], [ 18.22009406765241, 57.56855970441066 ], [ 18.21925035992471, 57.57264035638701 ], [ 18.21464016838882, 57.57254421567536 ], [ 18.2064121743163, 57.57066638486305 ], [ 18.20265876596468, 57.56929606417837 ], [ 18.1953981481846, 57.56860729406063 ], [ 18.18500411234235, 57.56654897044267 ], [ 18.18314151595049, 57.56454955757406 ], [ 18.18035082875357, 57.56308401714673 ], [ 18.17520429185362, 57.56548466096752 ], [ 18.16856097505963, 57.56669150383716 ], [ 18.16371365090271, 57.56811598778381 ], [ 18.15625580921562, 57.57117870869942 ], [ 18.15776052675458, 57.5725205168906 ], [ 18.1596140434407, 57.57403991379473 ], [ 18.16392926654143, 57.57742656669723 ], [ 18.16843483247107, 57.58089934193047 ], [ 18.17358937796984, 57.58379391883928 ], [ 18.18445048368981, 57.5890331357387 ], [ 18.19535355100247, 57.59486348870076 ], [ 18.20310894278956, 57.59908198233678 ], [ 18.20577112102313, 57.59911228440723 ], [ 18.21389431724996, 57.59924516139759 ], [ 18.2189819368088, 57.60103439214294 ], [ 18.23023252717219, 57.60666656026434 ], [ 18.24406676351942, 57.60958914049814 ], [ 18.24739928636626, 57.6103691455939 ], [ 18.24836539234867, 57.6107995979422 ], [ 18.24885421482688, 57.61103658674052 ] ] ] ] } },
{ "type": "Feature", "properties": { "AREA": 35987156.974001646, "PERIMETER": 31185.03447886385, "SCNRSEIE_": 1701, "SCNRSEIE_I": 4336, "SNID_1": "940", "SNID_2": "0940", "SNID_3": "0940", "SNID_4": 940.0, "NAMN": "Hörsne", "LAN": "Gotlands län", "NOT_": "82", "KOMMENTAR": "Bara socken lagd till Hörsockene socken före 1883", "SCNRSEIE_A": 35818381.173, "SCNRSEIE_P": 35278.524, "HECTARES": 3598.71569740016 }, "geometry": { "type": "MultiPolygon", "coordinates": [ [ [ [ 18.66198931360533, 57.5679340652579 ], [ 18.67170125225606, 57.56530629121841 ], [ 18.67270880231665, 57.5595967116736 ], [ 18.67295547259465, 57.55757874332605 ], [ 18.6732907631998, 57.55528023591194 ], [ 18.67366951225035, 57.55303015507375 ], [ 18.67413630760396, 57.55025256888825 ], [ 18.67861643495299, 57.54663795852574 ], [ 18.67490071566909, 57.54435521542128 ], [ 18.6669401228047, 57.54481896096122 ], [ 18.66345949260748, 57.54371194960375 ], [ 18.66298418379168, 57.54161601031347 ], [ 18.66056960402794, 57.53389514309885 ], [ 18.657667016763, 57.53132408006082 ], [ 18.64821616822958, 57.53299274314057 ], [ 18.64783688727658, 57.53761439170845 ], [ 18.64220615897379, 57.53386462477014 ], [ 18.63606226068952, 57.53212500555745 ], [ 18.62996820626818, 57.53083311423858 ], [ 18.62796755454192, 57.53249939419434 ], [ 18.6190084103943, 57.53108692670779 ], [ 18.62063451820015, 57.52794231493401 ], [ 18.62314039810171, 57.5231115975364 ], [ 18.61351377969837, 57.52205050620952 ], [ 18.61073045504521, 57.52573278289918 ], [ 18.60785313522484, 57.52952946803032 ], [ 18.59886427893641, 57.52918071881472 ], [ 18.59122052221878, 57.53056248648949 ], [ 18.58186166924111, 57.53262382049652 ], [ 18.58074072266049, 57.53452161935323 ], [ 18.57960711722022, 57.53644653829639 ], [ 18.57759410874336, 57.5399089333338 ], [ 18.57609346410507, 57.54242137022421 ], [ 18.57447565972185, 57.54518342092832 ], [ 18.57304770646515, 57.54761326594949 ], [ 18.57186268250819, 57.54961560016297 ], [ 18.57307119412172, 57.55315559494793 ], [ 18.57445393073339, 57.55725318378677 ], [ 18.57546699055748, 57.56024940210703 ], [ 18.58023140981191, 57.57423544155991 ], [ 18.58161689535446, 57.57826551628437 ], [ 18.58552108882062, 57.58916191605252 ], [ 18.58192162485654, 57.58986549112071 ], [ 18.58104576297465, 57.59272348933452 ], [ 18.58437865021712, 57.59414151117232 ], [ 18.59389184401735, 57.59883685552605 ], [ 18.59583924118982, 57.60102177930354 ], [ 18.59731540289857, 57.60267803046799 ], [ 18.60076721010633, 57.60646917736477 ], [ 18.60489734969444, 57.6053042060281 ], [ 18.61172546498216, 57.60496136852118 ], [ 18.61359875968132, 57.60330984264252 ], [ 18.61729908927028, 57.60347011794009 ], [ 18.62065180165304, 57.60381323313319 ], [ 18.62685406010644, 57.60113696769795 ], [ 18.63102056602646, 57.60070244612447 ], [ 18.6297367613092, 57.59831012605083 ], [ 18.62614215483707, 57.594460789587 ], [ 18.63373842916073, 57.59303705008075 ], [ 18.63558797791449, 57.5915132804329 ], [ 18.63717271047789, 57.58833348592423 ], [ 18.64046000309422, 57.58699303032392 ], [ 18.64397896330839, 57.58403923653783 ], [ 18.64568912209925, 57.58242868953869 ], [ 18.64930910769055, 57.58021809081367 ], [ 18.65382526769881, 57.57749750897257 ], [ 18.65063219888595, 57.57628030784097 ], [ 18.64842427391946, 57.57477140123527 ], [ 18.64413173832862, 57.57183148304878 ], [ 18.64025385056465, 57.56916054981763 ], [ 18.63752684194334, 57.56728127833863 ], [ 18.6436212240886, 57.56468287011659 ], [ 18.64630380145336, 57.56625762914508 ], [ 18.65596209968144, 57.56344360549107 ], [ 18.65803005275725, 57.56546316225101 ], [ 18.65486426636303, 57.56816692873042 ], [ 18.65909428910317, 57.57033083214066 ], [ 18.66198931360533, 57.5679340652579 ] ] ] ] } },
{ "type": "Feature", "properties": { "AREA": 17897083.651005745, "PERIMETER": 18022.248753355459, "SCNRSEIE_": 1709, "SCNRSEIE_I": 4353, "SNID_1": "899", "SNID_2": "0899", "SNID_3": "0899", "SNID_4": 899.0, "NAMN": "Barlingbo", "LAN": "Gotlands län", "NOT_": null, "KOMMENTAR": null, "SCNRSEIE_A": 17693407.519000001, "SCNRSEIE_P": 20382.312, "HECTARES": 1789.7083651005701 }, "geometry": { "type": "MultiPolygon", "coordinates": [ [ [ [ 18.41290726341809, 57.56374238360807 ], [ 18.41765021324296, 57.56630786973971 ], [ 18.4235704751064, 57.56901937765617 ], [ 18.42614964236891, 57.57103197249902 ], [ 18.42523987858293, 57.57587917817309 ], [ 18.42762676029721, 57.5778238617828 ], [ 18.42939539924611, 57.57962871663468 ], [ 18.43041539428199, 57.58168709202774 ], [ 18.43201972899001, 57.58344133365905 ], [ 18.43766723057318, 57.58255575446859 ], [ 18.44053455639279, 57.58404550114764 ], [ 18.43828916326352, 57.58590443323537 ], [ 18.43643301030469, 57.58850920662288 ], [ 18.43978548381754, 57.58921288391891 ], [ 18.44599957104385, 57.58898826641978 ], [ 18.45069165052789, 57.59065139697304 ], [ 18.45705933589956, 57.59169640943895 ], [ 18.46390848287615, 57.59009994711751 ], [ 18.46778734033352, 57.58955559392115 ], [ 18.47206821213307, 57.58899373879687 ], [ 18.47540135314475, 57.58591398953062 ], [ 18.48058475772199, 57.58611867264524 ], [ 18.48707196437026, 57.58503340776431 ], [ 18.4899176437209, 57.58361656520167 ], [ 18.48985273150742, 57.58125982864885 ], [ 18.48977752787177, 57.57867871712014 ], [ 18.49590209837457, 57.57456885582253 ], [ 18.49932880169729, 57.57475185258335 ], [ 18.50083503588689, 57.57274711278004 ], [ 18.50475246517264, 57.57017584236057 ], [ 18.50435724986509, 57.56783065017621 ], [ 18.49786615291584, 57.5650227282778 ], [ 18.50130126359605, 57.5600176625152 ], [ 18.49672489525407, 57.5584218893982 ], [ 18.48797609065331, 57.55527986195604 ], [ 18.48071908233443, 57.55266246720081 ], [ 18.47688705716138, 57.55147705309665 ], [ 18.47169377521526, 57.55224257534363 ], [ 18.46838065596296, 57.54811736597046 ], [ 18.45963188451269, 57.54789283882504 ], [ 18.45136438684472, 57.54741964069329 ], [ 18.44705088749057, 57.54703383040077 ], [ 18.44044966194053, 57.54643520428224 ], [ 18.43676217234415, 57.54688045232277 ], [ 18.43540156209534, 57.54875031133627 ], [ 18.43768931629254, 57.55046777840901 ], [ 18.42843025386995, 57.55105128145662 ], [ 18.42409234693121, 57.55425843888291 ], [ 18.42476931622043, 57.55781069472782 ], [ 18.42237022472706, 57.55922579660601 ], [ 18.4189168527958, 57.56152960734255 ], [ 18.41610443906121, 57.56289932267266 ], [ 18.41290726341809, 57.56374238360807 ] ] ] ] } },
{ "type": "Feature", "properties": { "AREA": 14291083.751230327, "PERIMETER": 17863.491477086882, "SCNRSEIE_": 1713, "SCNRSEIE_I": 4359, "SNID_1": "971", "SNID_2": "0971", "SNID_3": "0971", "SNID_4": 971.0, "NAMN": "Träkumla", "LAN": "Gotlands län", "NOT_": null, "KOMMENTAR": null, "SCNRSEIE_A": 14183260.111, "SCNRSEIE_P": 19710.719, "HECTARES": 1429.1083751230301 }, "geometry": { "type": "MultiPolygon", "coordinates": [ [ [ [ 18.35132182844343, 57.55120587625843 ], [ 18.34437403050735, 57.54963459292173 ], [ 18.34044479696765, 57.54875239075213 ], [ 18.33494846936483, 57.54846286897598 ], [ 18.32985177362222, 57.54824147001994 ], [ 18.3289420389549, 57.54610837335174 ], [ 18.32657762880374, 57.54410746312293 ], [ 18.32302263304552, 57.54116021325608 ], [ 18.3136408264848, 57.54456278244484 ], [ 18.31789334910054, 57.54809381026374 ], [ 18.31437502651202, 57.54925966949367 ], [ 18.31076380709668, 57.54883279434743 ], [ 18.30174296224863, 57.54778532498098 ], [ 18.30012177120775, 57.54982507390511 ], [ 18.30112604905743, 57.55214065148482 ], [ 18.29742751834147, 57.55288296746266 ], [ 18.29270235205597, 57.55217211834625 ], [ 18.29259033830221, 57.55445143745648 ], [ 18.28942396722005, 57.55503929459508 ], [ 18.28735549877015, 57.55696629977422 ], [ 18.2748808406314, 57.56074105889587 ], [ 18.27047431932842, 57.56089002951619 ], [ 18.27178132330996, 57.56266998209667 ], [ 18.27332885513384, 57.56472820033657 ], [ 18.27387338282392, 57.56659938702897 ], [ 18.27317493254203, 57.56869249366973 ], [ 18.27245274520554, 57.57052554950832 ], [ 18.27568313091458, 57.57215567698884 ], [ 18.2804728537118, 57.57350805048531 ], [ 18.28635771206265, 57.57583589892067 ], [ 18.29178806602789, 57.57774122045692 ], [ 18.29791335237104, 57.57784958369939 ], [ 18.29507131426571, 57.57990874238619 ], [ 18.29331699057509, 57.58149276025165 ], [ 18.2930034690984, 57.58382095567914 ], [ 18.29214401764508, 57.58574665851676 ], [ 18.29473232619335, 57.58936063421882 ], [ 18.29832233667604, 57.58951443483768 ], [ 18.30491098463733, 57.58823896599668 ], [ 18.30866824792042, 57.58836220814248 ], [ 18.31275291916552, 57.58883809684738 ], [ 18.31676354033065, 57.58675081542592 ], [ 18.31996073404816, 57.58518258742947 ], [ 18.32331970086138, 57.58332815131241 ], [ 18.32583714420108, 57.58206527407691 ], [ 18.33081640645403, 57.57868263727185 ], [ 18.32812539755967, 57.57465377536288 ], [ 18.33235504845604, 57.5720226755093 ], [ 18.33653960086122, 57.56896112215889 ], [ 18.33957509923519, 57.56717550217392 ], [ 18.34284257227665, 57.56464418276177 ], [ 18.34572443017488, 57.56234053761105 ], [ 18.35226009927078, 57.55863370793678 ], [ 18.35132182844343, 57.55120587625843 ] ] ] ] } },
{ "type": "Feature", "properties": { "AREA": 29632663.876569271, "PERIMETER": 28827.385251604661, "SCNRSEIE_": 1714, "SCNRSEIE_I": 4361, "SNID_1": "907", "SNID_2": "0907", "SNID_3": "0907", "SNID_4": 907.0, "NAMN": "Dalhem", "LAN": "Gotlands län", "NOT_": null, "KOMMENTAR": null, "SCNRSEIE_A": 29636671.462999996, "SCNRSEIE_P": 31729.285, "HECTARES": 2963.26638765693 }, "geometry": { "type": "MultiPolygon", "coordinates": [ [ [ [ 18.50192005111091, 57.52316400806087 ], [ 18.49960114109965, 57.52497423646336 ], [ 18.49110112127007, 57.53160991043386 ], [ 18.48657997448338, 57.53036751517634 ], [ 18.48111679768355, 57.52934267172244 ], [ 18.47733404841486, 57.52919821493536 ], [ 18.47469226742153, 57.530583562282 ], [ 18.47372025638179, 57.53267923651354 ], [ 18.4727887809775, 57.53458996161979 ], [ 18.47209520197345, 57.53635631008773 ], [ 18.471395114457, 57.53854952691684 ], [ 18.47080178035599, 57.54040358815291 ], [ 18.47019402239903, 57.54228939865326 ], [ 18.46940668887638, 57.54474946818981 ], [ 18.46838065596296, 57.54811736597046 ], [ 18.47169377521526, 57.55224257534363 ], [ 18.47688705716138, 57.55147705309665 ], [ 18.48071908233443, 57.55266246720081 ], [ 18.48797609065331, 57.55527986195604 ], [ 18.49672489525407, 57.5584218893982 ], [ 18.50130126359605, 57.5600176625152 ], [ 18.49786615291584, 57.5650227282778 ], [ 18.50435724986509, 57.56783065017621 ], [ 18.50475246517264, 57.57017584236057 ], [ 18.51204945457331, 57.57289428077705 ], [ 18.52214898567046, 57.57674245314385 ], [ 18.52620020454362, 57.57828566999835 ], [ 18.5340353259377, 57.58127877754784 ], [ 18.53750814902197, 57.5810330080697 ], [ 18.54158629102301, 57.58072012431805 ], [ 18.54611034862096, 57.58036158683925 ], [ 18.55022165766981, 57.58004770235593 ], [ 18.55396245703546, 57.57978218161917 ], [ 18.55836757676461, 57.579457142954 ], [ 18.56368280078972, 57.57905817006511 ], [ 18.57150687745853, 57.57844691780839 ], [ 18.56971942033889, 57.57560688135668 ], [ 18.58023140981191, 57.57423544155991 ], [ 18.57546699055748, 57.56024940210703 ], [ 18.57445393073339, 57.55725318378677 ], [ 18.57307119412172, 57.55315559494793 ], [ 18.57186268250819, 57.54961560016297 ], [ 18.57304770646515, 57.54761326594949 ], [ 18.57447565972185, 57.54518342092832 ], [ 18.57609346410507, 57.54242137022421 ], [ 18.57759410874336, 57.5399089333338 ], [ 18.57960711722022, 57.53644653829639 ], [ 18.57327361075032, 57.53597017207791 ], [ 18.56612846398525, 57.53544395739624 ], [ 18.56030709037519, 57.53438982402408 ], [ 18.5575239886045, 57.53073591803215 ], [ 18.55538812417686, 57.5279616144725 ], [ 18.55370395302808, 57.52577488280298 ], [ 18.54994381874963, 57.52082151456258 ], [ 18.54890081774561, 57.51793806892857 ], [ 18.55219602385851, 57.51763279015116 ], [ 18.55252720796785, 57.51568067018587 ], [ 18.55537454071491, 57.51461249657219 ], [ 18.5576541286163, 57.5123797895677 ], [ 18.54858627763278, 57.50974752126044 ], [ 18.54648920863429, 57.51144152531946 ], [ 18.54459029720498, 57.51296957234513 ], [ 18.54135131938722, 57.51558211279031 ], [ 18.5392323070257, 57.51729901565018 ], [ 18.53651437559609, 57.5194105810223 ], [ 18.5432806150867, 57.52219701574091 ], [ 18.54189352569751, 57.52401927084867 ], [ 18.54006044717979, 57.52568505786772 ], [ 18.53921987958843, 57.5277020755815 ], [ 18.53553971532854, 57.53005244882705 ], [ 18.53116908395907, 57.53313599730097 ], [ 18.52597038208046, 57.53352667301189 ], [ 18.52252076171738, 57.53379855097787 ], [ 18.51431830900853, 57.53439712181343 ], [ 18.51524342589478, 57.5317002699378 ], [ 18.50768068247784, 57.53106284344198 ], [ 18.51149427822662, 57.5263233322354 ], [ 18.50192005111091, 57.52316400806087 ] ] ] ] } },
{ "type": "Feature", "properties": { "AREA": 35545160.420433924, "PERIMETER": 26893.117288666159, "SCNRSEIE_": 1724, "SCNRSEIE_I": 4380, "SNID_1": "970", "SNID_2": "0970", "SNID_3": "0970", "SNID_4": 970.0, "NAMN": "Tofta", "LAN": "Gotlands län", "NOT_": null, "KOMMENTAR": null, "SCNRSEIE_A": 39889227.453000002, "SCNRSEIE_P": 34077.424, "HECTARES": 3554.5160420433899 }, "geometry": { "type": "MultiPolygon", "coordinates": [ [ [ [ 18.15625580921562, 57.57117870869942 ], [ 18.16371365090271, 57.56811598778381 ], [ 18.16856097505963, 57.56669150383716 ], [ 18.17520429185362, 57.56548466096752 ], [ 18.18035082875357, 57.56308401714673 ], [ 18.18286954620819, 57.56047222490163 ], [ 18.18233107993537, 57.55785049613818 ], [ 18.18210197548241, 57.55539362093793 ], [ 18.18379594014761, 57.55305334444989 ], [ 18.18366137706514, 57.54948087171007 ], [ 18.1886117225703, 57.54654914247055 ], [ 18.19114954476774, 57.54077491676632 ], [ 18.1895144552851, 57.53904529661386 ], [ 18.1890464148269, 57.53644920397098 ], [ 18.19413048127818, 57.53591302169322 ], [ 18.19791772409294, 57.53505527693808 ], [ 18.20275099208298, 57.53217276627342 ], [ 18.198880901178, 57.5297778265952 ], [ 18.19908986732668, 57.52771240667315 ], [ 18.19784306086879, 57.52311430851389 ], [ 18.19978237130491, 57.51983971048391 ], [ 18.20025618510028, 57.51573474507354 ], [ 18.19599581255423, 57.51494424446616 ], [ 18.19037349402736, 57.51390086832227 ], [ 18.18266954150547, 57.5116748600194 ], [ 18.17969016612803, 57.51080577827945 ], [ 18.17453679701708, 57.50932169475335 ], [ 18.17128537739697, 57.50727184409779 ], [ 18.17183784928357, 57.50423893436198 ], [ 18.17615552072515, 57.49893014478066 ], [ 18.17043191744216, 57.49407932841998 ], [ 18.16759858532541, 57.49092571291788 ], [ 18.16160288929367, 57.48893596701863 ], [ 18.15787725891563, 57.48767609601373 ], [ 18.15378608000976, 57.48627029029189 ], [ 18.15823257365129, 57.48143123780404 ], [ 18.15348859023514, 57.48014091283461 ], [ 18.15191799927931, 57.48188124235119 ], [ 18.14777708532984, 57.48479659948713 ], [ 18.14432453579072, 57.4861631185905 ], [ 18.14453259950738, 57.48231037523375 ], [ 18.13939759282569, 57.48354176494279 ], [ 18.13545207055533, 57.48450393680809 ], [ 18.13183693459382, 57.4852218502898 ], [ 18.12836719574572, 57.48586644872455 ], [ 18.12919081158987, 57.48777223912349 ], [ 18.12906001430829, 57.48965194016678 ], [ 18.12176798011116, 57.49513945735237 ], [ 18.11280618796096, 57.5016990065389 ], [ 18.11190946195721, 57.50308967763623 ], [ 18.11114732642544, 57.50952587097017 ], [ 18.11058393879999, 57.51647040513302 ], [ 18.10826430691491, 57.52495598479361 ], [ 18.1070086946953, 57.52940708672325 ], [ 18.10826738577889, 57.53347999113707 ], [ 18.11498299635082, 57.53985141122482 ], [ 18.12366453499192, 57.54662654144546 ], [ 18.12673934007403, 57.54900422180435 ], [ 18.12991810990357, 57.55143381023175 ], [ 18.13158740926783, 57.5532444191922 ], [ 18.13332993426303, 57.55515246171156 ], [ 18.13512844635967, 57.55714927078209 ], [ 18.1424892584304, 57.56379483337594 ], [ 18.15311610008465, 57.56971464528367 ], [ 18.15490807240198, 57.57054362039082 ], [ 18.15618184448316, 57.57111274875633 ], [ 18.15625580921562, 57.57117870869942 ] ] ] ] } },
{ "type": "Feature", "properties": { "AREA": 30647363.235316038, "PERIMETER": 28642.341964567291, "SCNRSEIE_": 1725, "SCNRSEIE_I": 4381, "SNID_1": "965", "SNID_2": "0965", "SNID_3": "0965", "SNID_4": 965.0, "NAMN": "Stenkumla", "LAN": "Gotlands län", "NOT_": null, "KOMMENTAR": null, "SCNRSEIE_A": 30348088.5, "SCNRSEIE_P": 32104.275, "HECTARES": 3064.7363235316002 }, "geometry": { "type": "MultiPolygon", "coordinates": [ [ [ [ 18.20275099208298, 57.53217276627342 ], [ 18.19791772409294, 57.53505527693808 ], [ 18.19413048127818, 57.53591302169322 ], [ 18.1890464148269, 57.53644920397098 ], [ 18.1895144552851, 57.53904529661386 ], [ 18.19114954476774, 57.54077491676632 ], [ 18.1886117225703, 57.54654914247055 ], [ 18.18366137706514, 57.54948087171007 ], [ 18.18379594014761, 57.55305334444989 ], [ 18.18210197548241, 57.55539362093793 ], [ 18.18233107993537, 57.55785049613818 ], [ 18.18286954620819, 57.56047222490163 ], [ 18.18035082875357, 57.56308401714673 ], [ 18.18314151595049, 57.56454955757406 ], [ 18.18500411234235, 57.56654897044267 ], [ 18.1953981481846, 57.56860729406063 ], [ 18.20265876596468, 57.56929606417837 ], [ 18.2064121743163, 57.57066638486305 ], [ 18.21464016838882, 57.57254421567536 ], [ 18.21925035992471, 57.57264035638701 ], [ 18.22009406765241, 57.56855970441066 ], [ 18.2239654670155, 57.566976633077 ], [ 18.22840927663464, 57.56668484878802 ], [ 18.2318586072711, 57.56903081382477 ], [ 18.23418955676005, 57.57061591616606 ], [ 18.23783157068457, 57.56873139667815 ], [ 18.23744027941767, 57.56671788417471 ], [ 18.23661169965007, 57.56478906193572 ], [ 18.23381498725052, 57.56292063144869 ], [ 18.24554827057538, 57.55958051936604 ], [ 18.24395145435988, 57.56431526382102 ], [ 18.25495855620609, 57.56379233118849 ], [ 18.25928265350152, 57.56629539688217 ], [ 18.26717927139877, 57.56552636703261 ], [ 18.27332885513384, 57.56472820033657 ], [ 18.27178132330996, 57.56266998209667 ], [ 18.27047431932842, 57.56089002951619 ], [ 18.2748808406314, 57.56074105889587 ], [ 18.28735549877015, 57.55696629977422 ], [ 18.28942396722005, 57.55503929459508 ], [ 18.29259033830221, 57.55445143745648 ], [ 18.29270235205597, 57.55217211834625 ], [ 18.29742751834147, 57.55288296746266 ], [ 18.30112604905743, 57.55214065148482 ], [ 18.30012177120775, 57.54982507390511 ], [ 18.30174296224863, 57.54778532498098 ], [ 18.30184984029578, 57.54583847463726 ], [ 18.2965946838814, 57.54092997946868 ], [ 18.29821506416883, 57.53842323367603 ], [ 18.2977468965421, 57.5350505716526 ], [ 18.2941688869902, 57.5326374301614 ], [ 18.29260426029869, 57.53047649302102 ], [ 18.28816974381823, 57.53200105268272 ], [ 18.28511010065079, 57.53489968166981 ], [ 18.28014656283703, 57.53491623917229 ], [ 18.27917215431257, 57.53319723509674 ], [ 18.27306628602141, 57.53134956286406 ], [ 18.27654140697945, 57.52739204293979 ], [ 18.27749207425633, 57.5252175911369 ], [ 18.27001929560679, 57.52325731624282 ], [ 18.26743631224835, 57.52122377238729 ], [ 18.2623355586083, 57.51917184195291 ], [ 18.26386481178969, 57.51569280350026 ], [ 18.26411642313546, 57.51372521700321 ], [ 18.26352627559901, 57.51193114622553 ], [ 18.26339264210404, 57.51003843651816 ], [ 18.26365033535579, 57.50819200475936 ], [ 18.2588978825809, 57.50747609577726 ], [ 18.25477547091025, 57.50669378252574 ], [ 18.24950160830208, 57.50562839923446 ], [ 18.24592896461041, 57.50492049848718 ], [ 18.24242886871912, 57.50448517227478 ], [ 18.24251678292834, 57.50693115732606 ], [ 18.24343665456615, 57.50908717335202 ], [ 18.24483638585157, 57.51124288533151 ], [ 18.24543340774391, 57.51302791538262 ], [ 18.2437307997901, 57.51499655073964 ], [ 18.24038946927605, 57.51661500235333 ], [ 18.23718507941042, 57.51744036602527 ], [ 18.23444359289235, 57.51882700350669 ], [ 18.23127576981295, 57.51976820666246 ], [ 18.22809861443075, 57.52044459062447 ], [ 18.22511245717826, 57.52135968623292 ], [ 18.22209271573611, 57.52227535928458 ], [ 18.2205950883421, 57.5243385459089 ], [ 18.21874858471642, 57.52611652744411 ], [ 18.21608419670756, 57.52774381821678 ], [ 18.21423318953474, 57.52955315721353 ], [ 18.2106667915007, 57.53032634758964 ], [ 18.20722216085078, 57.53082753233732 ], [ 18.20275099208298, 57.53217276627342 ] ] ] ] } },
{ "type": "Feature", "properties": { "AREA": 10406751.436079025, "PERIMETER": 12838.870239823489, "SCNRSEIE_": 1726, "SCNRSEIE_I": 4384, "SNID_1": "892", "SNID_2": "0892", "SNID_3": "0892", "SNID_4": 892.0, "NAMN": "Akebäck", "LAN": "Gotlands län", "NOT_": null, "KOMMENTAR": null, "SCNRSEIE_A": 10380581.358, "SCNRSEIE_P": 13252.189, "HECTARES": 1040.6751436079001 }, "geometry": { "type": "MultiPolygon", "coordinates": [ [ [ [ 18.35132182844343, 57.55120587625843 ], [ 18.35226009927078, 57.55863370793678 ], [ 18.35928430619792, 57.55801579991751 ], [ 18.36522314460094, 57.55940910187015 ], [ 18.36959649892261, 57.5604297599957 ], [ 18.37368921549566, 57.56140656650487 ], [ 18.37928388252341, 57.56270300067417 ], [ 18.38533380303273, 57.5622471453205 ], [ 18.38864191473109, 57.5617258450778 ], [ 18.39078229498509, 57.56347868796922 ], [ 18.39271225297163, 57.56612052274011 ], [ 18.39898346818815, 57.56521487934298 ], [ 18.40472214024231, 57.56440523487929 ], [ 18.40946320272097, 57.56373259877451 ], [ 18.41016882009777, 57.56120735807293 ], [ 18.41200864052034, 57.55970513648733 ], [ 18.41429772089378, 57.5578253502848 ], [ 18.41599185788215, 57.55621826749645 ], [ 18.41788702317876, 57.55421180398716 ], [ 18.42040238625718, 57.55138850374558 ], [ 18.42222549879439, 57.54931608491197 ], [ 18.42007691588127, 57.54675997227352 ], [ 18.41822122235563, 57.54449872004464 ], [ 18.41683050524902, 57.54280727999291 ], [ 18.4125440037631, 57.53764082372196 ], [ 18.4030454489429, 57.53537528514205 ], [ 18.39700220846391, 57.5350369400044 ], [ 18.39334718272511, 57.53481097850764 ], [ 18.39030409260168, 57.53358425889841 ], [ 18.38665879071775, 57.53435060307743 ], [ 18.37954455565841, 57.5358432672015 ], [ 18.37748780032768, 57.53426830652342 ], [ 18.37167898967869, 57.53642565508916 ], [ 18.36266636115641, 57.54105510304151 ], [ 18.36253029197592, 57.54444881247847 ], [ 18.35788596702207, 57.54719727798476 ], [ 18.35132182844343, 57.55120587625843 ] ] ] ] } },
{ "type": "Feature", "properties": { "AREA": 21228265.431523114, "PERIMETER": 28218.40448267791, "SCNRSEIE_": 1727, "SCNRSEIE_I": 4386, "SNID_1": "958", "SNID_2": "0958", "SNID_3": "0958", "SNID_4": 958.0, "NAMN": "Roma", "LAN": "Gotlands län", "NOT_": null, "KOMMENTAR": null, "SCNRSEIE_A": 21022653.655000001, "SCNRSEIE_P": 31491.899, "HECTARES": 2122.82654315231 }, "geometry": { "type": "MultiPolygon", "coordinates": [ [ [ [ 18.4024873002127, 57.52497549432348 ], [ 18.39838990696021, 57.52650155543554 ], [ 18.39489295393676, 57.52778606710827 ], [ 18.38888578571837, 57.53009203901629 ], [ 18.37748780032768, 57.53426830652342 ], [ 18.37954455565841, 57.5358432672015 ], [ 18.38665879071775, 57.53435060307743 ], [ 18.39030409260168, 57.53358425889841 ], [ 18.39334718272511, 57.53481097850764 ], [ 18.39700220846391, 57.5350369400044 ], [ 18.4030454489429, 57.53537528514205 ], [ 18.4125440037631, 57.53764082372196 ], [ 18.41683050524902, 57.54280727999291 ], [ 18.41822122235563, 57.54449872004464 ], [ 18.42007691588127, 57.54675997227352 ], [ 18.42222549879439, 57.54931608491197 ], [ 18.42040238625718, 57.55138850374558 ], [ 18.41788702317876, 57.55421180398716 ], [ 18.41599185788215, 57.55621826749645 ], [ 18.41429772089378, 57.5578253502848 ], [ 18.41200864052034, 57.55970513648733 ], [ 18.41016882009777, 57.56120735807293 ], [ 18.40946320272097, 57.56373259877451 ], [ 18.41290726341809, 57.56374238360807 ], [ 18.41610443906121, 57.56289932267266 ], [ 18.4189168527958, 57.56152960734255 ], [ 18.42237022472706, 57.55922579660601 ], [ 18.42476931622043, 57.55781069472782 ], [ 18.42409234693121, 57.55425843888291 ], [ 18.42843025386995, 57.55105128145662 ], [ 18.43768931629254, 57.55046777840901 ], [ 18.43540156209534, 57.54875031133627 ], [ 18.43676217234415, 57.54688045232277 ], [ 18.44044966194053, 57.54643520428224 ], [ 18.44705088749057, 57.54703383040077 ], [ 18.45136438684472, 57.54741964069329 ], [ 18.45963188451269, 57.54789283882504 ], [ 18.46838065596296, 57.54811736597046 ], [ 18.46940668887638, 57.54474946818981 ], [ 18.47019402239903, 57.54228939865326 ], [ 18.47080178035599, 57.54040358815291 ], [ 18.471395114457, 57.53854952691684 ], [ 18.47209520197345, 57.53635631008773 ], [ 18.4727887809775, 57.53458996161979 ], [ 18.47372025638179, 57.53267923651354 ], [ 18.47469226742153, 57.530583562282 ], [ 18.47733404841486, 57.52919821493536 ], [ 18.48111679768355, 57.52934267172244 ], [ 18.48657997448338, 57.53036751517634 ], [ 18.49110112127007, 57.53160991043386 ], [ 18.49960114109965, 57.52497423646336 ], [ 18.50192005111091, 57.52316400806087 ], [ 18.50028511958854, 57.51930919540809 ], [ 18.49717252385064, 57.51824822616373 ], [ 18.49349653912551, 57.51772465610463 ], [ 18.48845168772879, 57.51671810425203 ], [ 18.48244208407209, 57.51544272326868 ], [ 18.47654325613869, 57.51419048420594 ], [ 18.47603240974351, 57.51171291195417 ], [ 18.47489554990193, 57.50843121619577 ], [ 18.47023535251965, 57.50526432418177 ], [ 18.46827919781364, 57.50358529229636 ], [ 18.46772346011993, 57.50110872229317 ], [ 18.47429688951361, 57.50023313071743 ], [ 18.47670306881826, 57.49853830686785 ], [ 18.47551975545508, 57.49669935379762 ], [ 18.47194482440027, 57.49669861680805 ], [ 18.46769315377193, 57.49679741127337 ], [ 18.46597000625143, 57.49484399274708 ], [ 18.4588846669304, 57.49408595790243 ], [ 18.45896914223742, 57.49622667602645 ], [ 18.46029846928813, 57.49859265891183 ], [ 18.4586975651595, 57.50036016101671 ], [ 18.45729676236347, 57.50235692260293 ], [ 18.45528392453301, 57.50399817921002 ], [ 18.45348471690958, 57.50591342836007 ], [ 18.4510718742036, 57.50722170964525 ], [ 18.44820287313037, 57.5087730826462 ], [ 18.4460770033768, 57.51021890645729 ], [ 18.44305105662646, 57.51113567678905 ], [ 18.43842071085947, 57.51081014548967 ], [ 18.43415474837338, 57.51053076530495 ], [ 18.4338282138255, 57.51309778738102 ], [ 18.43073710418616, 57.5152057951677 ], [ 18.42585418035128, 57.51502879585169 ], [ 18.42225143855139, 57.51454665971826 ], [ 18.4182185253857, 57.51525452274954 ], [ 18.41328955407265, 57.51612900596117 ], [ 18.40893683261771, 57.51689267815802 ], [ 18.40561727697139, 57.51748658776492 ], [ 18.40023354683889, 57.5184284091595 ], [ 18.40127068982019, 57.52045519413247 ], [ 18.40196325417822, 57.52294714710467 ], [ 18.4024873002127, 57.52497549432348 ] ] ] ] } },
{ "type": "Feature", "properties": { "AREA": 38645933.033292294, "PERIMETER": 33696.980974936479, "SCNRSEIE_": 1733, "SCNRSEIE_I": 4400, "SNID_1": "954", "SNID_2": "0954", "SNID_3": "0954", "SNID_4": 954.0, "NAMN": "Norrlanda", "LAN": "Gotlands län", "NOT_": null, "KOMMENTAR": null, "SCNRSEIE_A": 39840665.731, "SCNRSEIE_P": 35909.619, "HECTARES": 3864.5933033292299 }, "geometry": { "type": "MultiPolygon", "coordinates": [ [ [ [ 18.62835211651607, 57.47427179777974 ], [ 18.62308229802422, 57.47627175641554 ], [ 18.62032001072242, 57.47754178668585 ], [ 18.61682799561979, 57.47886844957902 ], [ 18.61378772193813, 57.48000077524812 ], [ 18.61095409209035, 57.48227834994776 ], [ 18.60897208434633, 57.48451895269742 ], [ 18.6098540561036, 57.48639487547296 ], [ 18.61156913397745, 57.48814894723024 ], [ 18.61132504567829, 57.49013077238085 ], [ 18.60907878483506, 57.49439856887744 ], [ 18.6106839066715, 57.49628985991855 ], [ 18.61296502690662, 57.49897019687339 ], [ 18.61122910286368, 57.50051354228457 ], [ 18.61385676807162, 57.50354544621529 ], [ 18.61148775548099, 57.50809451740459 ], [ 18.60981591175207, 57.51118613553896 ], [ 18.61102602751368, 57.51471678642327 ], [ 18.61214765510628, 57.51801581233234 ], [ 18.61351377969837, 57.52205050620952 ], [ 18.62314039810171, 57.5231115975364 ], [ 18.62063451820015, 57.52794231493401 ], [ 18.6190084103943, 57.53108692670779 ], [ 18.62796755454192, 57.53249939419434 ], [ 18.62996820626818, 57.53083311423858 ], [ 18.63606226068952, 57.53212500555745 ], [ 18.64220615897379, 57.53386462477014 ], [ 18.64783688727658, 57.53761439170845 ], [ 18.64821616822958, 57.53299274314057 ], [ 18.657667016763, 57.53132408006082 ], [ 18.66056960402794, 57.53389514309885 ], [ 18.66298418379168, 57.54161601031347 ], [ 18.66345949260748, 57.54371194960375 ], [ 18.6669401228047, 57.54481896096122 ], [ 18.67490071566909, 57.54435521542128 ], [ 18.67990895823479, 57.54382356394258 ], [ 18.68360372150033, 57.54342939321219 ], [ 18.68971439351067, 57.54276429538214 ], [ 18.69511210300328, 57.54217371644156 ], [ 18.69937912065146, 57.54170307947977 ], [ 18.7135307989371, 57.54236602283301 ], [ 18.71188204600667, 57.5391023812418 ], [ 18.70973586668618, 57.5349113524757 ], [ 18.71630942138146, 57.53321470000989 ], [ 18.71849937149141, 57.53493847133198 ], [ 18.72010184597261, 57.53651863608802 ], [ 18.7233794493152, 57.5369010297041 ], [ 18.72677600925987, 57.52987333859049 ], [ 18.72833128363713, 57.52243896736187 ], [ 18.73204825458105, 57.52342190748198 ], [ 18.73543716569008, 57.5237744330436 ], [ 18.73914975096487, 57.52407450785056 ], [ 18.74450212076806, 57.52202735938258 ], [ 18.74987152434894, 57.52491182362154 ], [ 18.7536175987303, 57.52521069397263 ], [ 18.75685807672155, 57.52588957596913 ], [ 18.76054814890259, 57.52593348367456 ], [ 18.76406189977406, 57.52588707551052 ], [ 18.76797717375526, 57.52584911460692 ], [ 18.76908678219982, 57.52566323713541 ], [ 18.76853273630585, 57.52551715206185 ], [ 18.7679764044877, 57.52401189127029 ], [ 18.76765564201389, 57.52252805012847 ], [ 18.7659556390017, 57.51989067121975 ], [ 18.7605220578677, 57.51547208089134 ], [ 18.75561635590625, 57.51405959926814 ], [ 18.75289284824188, 57.51128945385871 ], [ 18.75019941903134, 57.51140105639238 ], [ 18.74634202845313, 57.51177780961851 ], [ 18.73775177161676, 57.51261638021083 ], [ 18.73157489975764, 57.51131334616647 ], [ 18.72539371467318, 57.51002817023485 ], [ 18.71884159490549, 57.50986969510504 ], [ 18.71436057389005, 57.50872881389924 ], [ 18.71366364214889, 57.50573974327967 ], [ 18.70690417586666, 57.50576962800527 ], [ 18.70805237770499, 57.50315137668574 ], [ 18.704127259544, 57.50229833311244 ], [ 18.69368055255705, 57.50003592637711 ], [ 18.69620754906319, 57.49355898890086 ], [ 18.69060898434228, 57.49383993523226 ], [ 18.68152358840269, 57.49004514582926 ], [ 18.67442675063977, 57.4870669388224 ], [ 18.66625959015692, 57.48782292843572 ], [ 18.65919526034127, 57.48849961152071 ], [ 18.65534470933211, 57.48886063498936 ], [ 18.65004354210462, 57.4859887306614 ], [ 18.64606163771991, 57.48382354364534 ], [ 18.63962856672066, 57.4803433967471 ], [ 18.63503978665577, 57.47786358456469 ], [ 18.62835211651607, 57.47427179777974 ] ] ] ] } },
{ "type": "Feature", "properties": { "AREA": 20156792.328476638, "PERIMETER": 22571.91532969625, "SCNRSEIE_": 1735, "SCNRSEIE_I": 4402, "SNID_1": "972", "SNID_2": "0972", "SNID_3": "0972", "SNID_4": 972.0, "NAMN": "Vall", "LAN": "Gotlands län", "NOT_": null, "KOMMENTAR": null, "SCNRSEIE_A": 19939215.923, "SCNRSEIE_P": 24429.686, "HECTARES": 2015.6792328476599 }, "geometry": { "type": "MultiPolygon", "coordinates": [ [ [ [ 18.29260426029869, 57.53047649302102 ], [ 18.2941688869902, 57.5326374301614 ], [ 18.2977468965421, 57.5350505716526 ], [ 18.29821506416883, 57.53842323367603 ], [ 18.2965946838814, 57.54092997946868 ], [ 18.30184984029578, 57.54583847463726 ], [ 18.30174296224863, 57.54778532498098 ], [ 18.31076380709668, 57.54883279434743 ], [ 18.31437502651202, 57.54925966949367 ], [ 18.31789334910054, 57.54809381026374 ], [ 18.3136408264848, 57.54456278244484 ], [ 18.32302263304552, 57.54116021325608 ], [ 18.32657762880374, 57.54410746312293 ], [ 18.3289420389549, 57.54610837335174 ], [ 18.32985177362222, 57.54824147001994 ], [ 18.33494846936483, 57.54846286897598 ], [ 18.34044479696765, 57.54875239075213 ], [ 18.34437403050735, 57.54963459292173 ], [ 18.35132182844343, 57.55120587625843 ], [ 18.35788596702207, 57.54719727798476 ], [ 18.36253029197592, 57.54444881247847 ], [ 18.36266636115641, 57.54105510304151 ], [ 18.37167898967869, 57.53642565508916 ], [ 18.37748780032768, 57.53426830652342 ], [ 18.38888578571837, 57.53009203901629 ], [ 18.39489295393676, 57.52778606710827 ], [ 18.39838990696021, 57.52650155543554 ], [ 18.4024873002127, 57.52497549432348 ], [ 18.40196325417822, 57.52294714710467 ], [ 18.40127068982019, 57.52045519413247 ], [ 18.40023354683889, 57.5184284091595 ], [ 18.3941541326199, 57.51868794227325 ], [ 18.39340802006154, 57.51540207838617 ], [ 18.39273099190455, 57.5123841278874 ], [ 18.39141361922809, 57.50915937762203 ], [ 18.38407041899059, 57.50762980410506 ], [ 18.38420200889129, 57.50529601601028 ], [ 18.38451675409752, 57.50073977258425 ], [ 18.37599927817928, 57.49838039474666 ], [ 18.37244963551143, 57.49740167496142 ], [ 18.36907932358433, 57.49692678851603 ], [ 18.36371641365669, 57.49947895402868 ], [ 18.35934100250476, 57.49939692137999 ], [ 18.35171967858579, 57.49924563064823 ], [ 18.35032511498316, 57.50135330598575 ], [ 18.34840147113592, 57.50290565463543 ], [ 18.35048915500212, 57.50439966687761 ], [ 18.35279895654295, 57.50596543814354 ], [ 18.34940000862833, 57.50817194097849 ], [ 18.35277748671988, 57.50948718105477 ], [ 18.34879655749586, 57.5121231524919 ], [ 18.34301354078866, 57.51591801107062 ], [ 18.34042346356471, 57.517654316215 ], [ 18.33799521305747, 57.51901907755833 ], [ 18.33270507530345, 57.52031536731653 ], [ 18.32857919632525, 57.52128271799922 ], [ 18.32220027298382, 57.52277999344438 ], [ 18.30912509455825, 57.52494438130762 ], [ 18.30009196489855, 57.52903968613372 ], [ 18.29263382289275, 57.52858058452255 ], [ 18.29260426029869, 57.53047649302102 ] ] ] ] } },
{ "type": "Feature", "properties": { "AREA": 23909152.993565798, "PERIMETER": 25181.386929757129, "SCNRSEIE_": 1737, "SCNRSEIE_I": 4408, "SNID_1": "922", "SNID_2": "0922", "SNID_3": "0922", "SNID_4": 922.0, "NAMN": "Ganthem", "LAN": "Gotlands län", "NOT_": null, "KOMMENTAR": null, "SCNRSEIE_A": 22753309.575, "SCNRSEIE_P": 32690.525, "HECTARES": 2390.9152993565799 }, "geometry": { "type": "MultiPolygon", "coordinates": [ [ [ [ 18.60128262712097, 57.46452580825654 ], [ 18.6007084934965, 57.46161886046541 ], [ 18.59007299962932, 57.46224948373386 ], [ 18.59133304512634, 57.46790833262262 ], [ 18.58885018815856, 57.4696251107709 ], [ 18.58549979002902, 57.47199886518555 ], [ 18.58333231006014, 57.47353795905156 ], [ 18.57674766688201, 57.47436558603095 ], [ 18.57482078563386, 57.47688743017786 ], [ 18.57344943878329, 57.47868278245012 ], [ 18.57111180472898, 57.4817076291971 ], [ 18.56388221798581, 57.48229723471275 ], [ 18.56650781399645, 57.48562200759026 ], [ 18.56332418551255, 57.48786569197961 ], [ 18.56023765056762, 57.49201166171638 ], [ 18.55872351756874, 57.49558426752295 ], [ 18.55372523193965, 57.49501505443985 ], [ 18.54596979753944, 57.49413723545275 ], [ 18.54779664166788, 57.49811312086577 ], [ 18.55186050717268, 57.49831669097148 ], [ 18.55467330619259, 57.49946810625351 ], [ 18.55280387592948, 57.50232073110527 ], [ 18.55638998944332, 57.50540027153961 ], [ 18.5582383223376, 57.50694998707672 ], [ 18.55917530971423, 57.50872629971641 ], [ 18.55787808765945, 57.51039406016636 ], [ 18.5576541286163, 57.5123797895677 ], [ 18.55537454071491, 57.51461249657219 ], [ 18.55252720796785, 57.51568067018587 ], [ 18.55219602385851, 57.51763279015116 ], [ 18.54890081774561, 57.51793806892857 ], [ 18.54994381874963, 57.52082151456258 ], [ 18.55370395302808, 57.52577488280298 ], [ 18.55538812417686, 57.5279616144725 ], [ 18.5575239886045, 57.53073591803215 ], [ 18.56030709037519, 57.53438982402408 ], [ 18.56612846398525, 57.53544395739624 ], [ 18.57327361075032, 57.53597017207791 ], [ 18.57960711722022, 57.53644653829639 ], [ 18.58074072266049, 57.53452161935323 ], [ 18.58186166924111, 57.53262382049652 ], [ 18.59122052221878, 57.53056248648949 ], [ 18.59886427893641, 57.52918071881472 ], [ 18.60785313522484, 57.52952946803032 ], [ 18.61073045504521, 57.52573278289918 ], [ 18.61351377969837, 57.52205050620952 ], [ 18.61214765510628, 57.51801581233234 ], [ 18.61102602751368, 57.51471678642327 ], [ 18.60981591175207, 57.51118613553896 ], [ 18.61148775548099, 57.50809451740459 ], [ 18.61385676807162, 57.50354544621529 ], [ 18.61122910286368, 57.50051354228457 ], [ 18.61296502690662, 57.49897019687339 ], [ 18.6106839066715, 57.49628985991855 ], [ 18.60907878483506, 57.49439856887744 ], [ 18.61132504567829, 57.49013077238085 ], [ 18.61156913397745, 57.48814894723024 ], [ 18.6098540561036, 57.48639487547296 ], [ 18.60897208434633, 57.48451895269742 ], [ 18.61095409209035, 57.48227834994776 ], [ 18.61378772193813, 57.48000077524812 ], [ 18.61682799561979, 57.47886844957902 ], [ 18.62032001072242, 57.47754178668585 ], [ 18.62308229802422, 57.47627175641554 ], [ 18.62835211651607, 57.47427179777974 ], [ 18.63165505490651, 57.47269297700757 ], [ 18.6330378683087, 57.47054629489146 ], [ 18.62739427627391, 57.46620338951286 ], [ 18.62397922229647, 57.46548017580315 ], [ 18.62049065342977, 57.46491132872318 ], [ 18.61752426178059, 57.46297417604438 ], [ 18.61041454281595, 57.46147221967078 ], [ 18.60616753528727, 57.46512705454762 ], [ 18.60128262712097, 57.46452580825654 ] ] ] ] } },
{ "type": "Feature", "properties": { "AREA": 14190976.402617216, "PERIMETER": 23373.096907041199, "SCNRSEIE_": 1738, "SCNRSEIE_I": 4409, "SNID_1": "930", "SNID_2": "0930", "SNID_3": "0930", "SNID_4": 930.0, "NAMN": "Halla", "LAN": "Gotlands län", "NOT_": null, "KOMMENTAR": null, "SCNRSEIE_A": 13771386.201, "SCNRSEIE_P": 28415.556, "HECTARES": 1419.09764026172 }, "geometry": { "type": "MultiPolygon", "coordinates": [ [ [ [ 18.4588846669304, 57.49408595790243 ], [ 18.46597000625143, 57.49484399274708 ], [ 18.46769315377193, 57.49679741127337 ], [ 18.47194482440027, 57.49669861680805 ], [ 18.47551975545508, 57.49669935379762 ], [ 18.47670306881826, 57.49853830686785 ], [ 18.47429688951361, 57.50023313071743 ], [ 18.46772346011993, 57.50110872229317 ], [ 18.46827919781364, 57.50358529229636 ], [ 18.47023535251965, 57.50526432418177 ], [ 18.47489554990193, 57.50843121619577 ], [ 18.47603240974351, 57.51171291195417 ], [ 18.47654325613869, 57.51419048420594 ], [ 18.48244208407209, 57.51544272326868 ], [ 18.48845168772879, 57.51671810425203 ], [ 18.49349653912551, 57.51772465610463 ], [ 18.49717252385064, 57.51824822616373 ], [ 18.50028511958854, 57.51930919540809 ], [ 18.50192005111091, 57.52316400806087 ], [ 18.51149427822662, 57.5263233322354 ], [ 18.50768068247784, 57.53106284344198 ], [ 18.51524342589478, 57.5317002699378 ], [ 18.51431830900853, 57.53439712181343 ], [ 18.52252076171738, 57.53379855097787 ], [ 18.52597038208046, 57.53352667301189 ], [ 18.53116908395907, 57.53313599730097 ], [ 18.53553971532854, 57.53005244882705 ], [ 18.53921987958843, 57.5277020755815 ], [ 18.54006044717979, 57.52568505786772 ], [ 18.54189352569751, 57.52401927084867 ], [ 18.5432806150867, 57.52219701574091 ], [ 18.53651437559609, 57.5194105810223 ], [ 18.5392323070257, 57.51729901565018 ], [ 18.54135131938722, 57.51558211279031 ], [ 18.54459029720498, 57.51296957234513 ], [ 18.54648920863429, 57.51144152531946 ], [ 18.54858627763278, 57.50974752126044 ], [ 18.5576541286163, 57.5123797895677 ], [ 18.55787808765945, 57.51039406016636 ], [ 18.55917530971423, 57.50872629971641 ], [ 18.5582383223376, 57.50694998707672 ], [ 18.55638998944332, 57.50540027153961 ], [ 18.55280387592948, 57.50232073110527 ], [ 18.54830753473253, 57.50255783952556 ], [ 18.53980454530582, 57.50302984793621 ], [ 18.53257375576051, 57.50458782371989 ], [ 18.52653912142409, 57.50683822659041 ], [ 18.52305183110207, 57.50525151159794 ], [ 18.51949807667856, 57.50402990393135 ], [ 18.51677783017417, 57.50518675032814 ], [ 18.51010743505731, 57.50295272914453 ], [ 18.50488461714593, 57.50428057556528 ], [ 18.5019165717601, 57.50329749837964 ], [ 18.49964903778071, 57.50120342504873 ], [ 18.49779346416714, 57.49954522723065 ], [ 18.49193068725808, 57.49861469017627 ], [ 18.49497968324621, 57.49577382047334 ], [ 18.49031675337946, 57.49390582742371 ], [ 18.49380440918081, 57.49252444540627 ], [ 18.49055016302418, 57.49063769122534 ], [ 18.48448710676503, 57.48712168558369 ], [ 18.48743698585228, 57.48415731222589 ], [ 18.48556984043503, 57.48078342441119 ], [ 18.47808224026841, 57.48110854538881 ], [ 18.47006344926563, 57.48178574659011 ], [ 18.46634644275451, 57.48244810601637 ], [ 18.46142763245002, 57.48502221854245 ], [ 18.46011208172795, 57.48956229862303 ], [ 18.45560376367336, 57.49163511276406 ], [ 18.4588846669304, 57.49408595790243 ] ] ] ] } },
{ "type": "Feature", "properties": { "AREA": 22793765.619738102, "PERIMETER": 25734.611978440909, "SCNRSEIE_": 1740, "SCNRSEIE_I": 4412, "SNID_1": "939", "SNID_2": "0939", "SNID_3": "0939", "SNID_4": 939.0, "NAMN": "Hogrän", "LAN": "Gotlands län", "NOT_": null, "KOMMENTAR": null, "SCNRSEIE_A": 22527530.357000001, "SCNRSEIE_P": 32407.724, "HECTARES": 2279.3765619738101 }, "geometry": { "type": "MultiPolygon", "coordinates": [ [ [ [ 18.25810438089518, 57.49260284584464 ], [ 18.2522161585251, 57.49482361319774 ], [ 18.24742560947308, 57.4969734442568 ], [ 18.24726048682554, 57.49949620076416 ], [ 18.24428251932499, 57.50091019658532 ], [ 18.2432513828942, 57.50261889667865 ], [ 18.24242886871912, 57.50448517227478 ], [ 18.24592896461041, 57.50492049848718 ], [ 18.24950160830208, 57.50562839923446 ], [ 18.25477547091025, 57.50669378252574 ], [ 18.2588978825809, 57.50747609577726 ], [ 18.26365033535579, 57.50819200475936 ], [ 18.26339264210404, 57.51003843651816 ], [ 18.26352627559901, 57.51193114622553 ], [ 18.26411642313546, 57.51372521700321 ], [ 18.26386481178969, 57.51569280350026 ], [ 18.2623355586083, 57.51917184195291 ], [ 18.26743631224835, 57.52122377238729 ], [ 18.27001929560679, 57.52325731624282 ], [ 18.27749207425633, 57.5252175911369 ], [ 18.27654140697945, 57.52739204293979 ], [ 18.27306628602141, 57.53134956286406 ], [ 18.27917215431257, 57.53319723509674 ], [ 18.28014656283703, 57.53491623917229 ], [ 18.28511010065079, 57.53489968166981 ], [ 18.28816974381823, 57.53200105268272 ], [ 18.29260426029869, 57.53047649302102 ], [ 18.29263382289275, 57.52858058452255 ], [ 18.30009196489855, 57.52903968613372 ], [ 18.30912509455825, 57.52494438130762 ], [ 18.32220027298382, 57.52277999344438 ], [ 18.32857919632525, 57.52128271799922 ], [ 18.33270507530345, 57.52031536731653 ], [ 18.33799521305747, 57.51901907755833 ], [ 18.34042346356471, 57.517654316215 ], [ 18.34301354078866, 57.51591801107062 ], [ 18.34879655749586, 57.5121231524919 ], [ 18.35277748671988, 57.50948718105477 ], [ 18.34940000862833, 57.50817194097849 ], [ 18.35279895654295, 57.50596543814354 ], [ 18.35048915500212, 57.50439966687761 ], [ 18.34840147113592, 57.50290565463543 ], [ 18.35032511498316, 57.50135330598575 ], [ 18.35171967858579, 57.49924563064823 ], [ 18.35108354392647, 57.49597971206537 ], [ 18.3507090862887, 57.49395714306709 ], [ 18.34844963947969, 57.4909440573106 ], [ 18.34653164065321, 57.48923997887493 ], [ 18.33835141395894, 57.48857362332301 ], [ 18.33936347789935, 57.48635698000559 ], [ 18.33535418978474, 57.48581768547209 ], [ 18.33693610022782, 57.48406117815839 ], [ 18.33676311181272, 57.48222318915592 ], [ 18.34060654988109, 57.47839119251406 ], [ 18.34389450400319, 57.4747947459882 ], [ 18.340417883299, 57.47326128771793 ], [ 18.34155017236877, 57.47113203557208 ], [ 18.34252854760269, 57.46904180150454 ], [ 18.33806754706088, 57.46769868010725 ], [ 18.33413592715491, 57.46683440388043 ], [ 18.33048948693998, 57.46943618733114 ], [ 18.32783138484886, 57.4713263560535 ], [ 18.32233916833705, 57.47522681837732 ], [ 18.31941554935809, 57.47727032868326 ], [ 18.32000442046232, 57.48135024658734 ], [ 18.31597328802154, 57.48512701456092 ], [ 18.31638025662533, 57.48722986874847 ], [ 18.31657969640138, 57.48919311478081 ], [ 18.3179982787449, 57.49117700629168 ], [ 18.31478873896237, 57.49199092724673 ], [ 18.31073104064165, 57.49296985066166 ], [ 18.3069322886232, 57.49291956222281 ], [ 18.30091289477907, 57.49280970820986 ], [ 18.29737351586427, 57.49274043360244 ], [ 18.29308462256422, 57.49271729035853 ], [ 18.28943778279433, 57.49300026736128 ], [ 18.28370255886811, 57.49502187476126 ], [ 18.27941695970705, 57.49573025667522 ], [ 18.27572787909764, 57.49675030644484 ], [ 18.27222166429036, 57.4965898378568 ], [ 18.26836439960903, 57.49694359583819 ], [ 18.26405185124415, 57.49542885799823 ], [ 18.25810438089518, 57.49260284584464 ] ] ] ] } },
{ "type": "Feature", "properties": { "AREA": 37177752.812738895, "PERIMETER": 37643.81387845135, "SCNRSEIE_": 1743, "SCNRSEIE_I": 4416, "SNID_1": "912", "SNID_2": "0912", "SNID_3": "0912", "SNID_4": 912.0, "NAMN": "Eskelhem", "LAN": "Gotlands län", "NOT_": null, "KOMMENTAR": null, "SCNRSEIE_A": 37711977.097000003, "SCNRSEIE_P": 45054.723, "HECTARES": 3717.77528127389 }, "geometry": { "type": "MultiPolygon", "coordinates": [ [ [ [ 18.12836719574572, 57.48586644872455 ], [ 18.13183693459382, 57.4852218502898 ], [ 18.13545207055533, 57.48450393680809 ], [ 18.13939759282569, 57.48354176494279 ], [ 18.14453259950738, 57.48231037523375 ], [ 18.14432453579072, 57.4861631185905 ], [ 18.14777708532984, 57.48479659948713 ], [ 18.15191799927931, 57.48188124235119 ], [ 18.15348859023514, 57.48014091283461 ], [ 18.15823257365129, 57.48143123780404 ], [ 18.15378608000976, 57.48627029029189 ], [ 18.15787725891563, 57.48767609601373 ], [ 18.16160288929367, 57.48893596701863 ], [ 18.16759858532541, 57.49092571291788 ], [ 18.17043191744216, 57.49407932841998 ], [ 18.17615552072515, 57.49893014478066 ], [ 18.17183784928357, 57.50423893436198 ], [ 18.17128537739697, 57.50727184409779 ], [ 18.17453679701708, 57.50932169475335 ], [ 18.17969016612803, 57.51080577827945 ], [ 18.18266954150547, 57.5116748600194 ], [ 18.19037349402736, 57.51390086832227 ], [ 18.19599581255423, 57.51494424446616 ], [ 18.20025618510028, 57.51573474507354 ], [ 18.19978237130491, 57.51983971048391 ], [ 18.19784306086879, 57.52311430851389 ], [ 18.19908986732668, 57.52771240667315 ], [ 18.198880901178, 57.5297778265952 ], [ 18.20275099208298, 57.53217276627342 ], [ 18.20722216085078, 57.53082753233732 ], [ 18.2106667915007, 57.53032634758964 ], [ 18.21423318953474, 57.52955315721353 ], [ 18.21608419670756, 57.52774381821678 ], [ 18.21874858471642, 57.52611652744411 ], [ 18.2205950883421, 57.5243385459089 ], [ 18.22209271573611, 57.52227535928458 ], [ 18.22511245717826, 57.52135968623292 ], [ 18.22809861443075, 57.52044459062447 ], [ 18.23127576981295, 57.51976820666246 ], [ 18.23444359289235, 57.51882700350669 ], [ 18.23718507941042, 57.51744036602527 ], [ 18.24038946927605, 57.51661500235333 ], [ 18.2437307997901, 57.51499655073964 ], [ 18.24543340774391, 57.51302791538262 ], [ 18.24483638585157, 57.51124288533151 ], [ 18.24343665456615, 57.50908717335202 ], [ 18.24251678292834, 57.50693115732606 ], [ 18.24242886871912, 57.50448517227478 ], [ 18.2432513828942, 57.50261889667865 ], [ 18.24428251932499, 57.50091019658532 ], [ 18.24726048682554, 57.49949620076416 ], [ 18.24742560947308, 57.4969734442568 ], [ 18.2522161585251, 57.49482361319774 ], [ 18.25810438089518, 57.49260284584464 ], [ 18.25556793836362, 57.49044240534879 ], [ 18.2527839528842, 57.48887953584872 ], [ 18.25179321844676, 57.48606926752719 ], [ 18.25292458988471, 57.48437659112854 ], [ 18.25371935905746, 57.48238949542817 ], [ 18.25512894408608, 57.48058799410682 ], [ 18.25715295906626, 57.47853207316795 ], [ 18.2571880754323, 57.4765372540468 ], [ 18.25205884773538, 57.47273844111466 ], [ 18.25499064729128, 57.4701753373938 ], [ 18.25333823465985, 57.46806057575137 ], [ 18.25234104900592, 57.46483270408369 ], [ 18.25296777487227, 57.4600552992983 ], [ 18.25201994496198, 57.45647162151271 ], [ 18.25250400530452, 57.45408189194674 ], [ 18.25230770971785, 57.44995818495205 ], [ 18.24576866520143, 57.44947407373444 ], [ 18.24100175107913, 57.45032976675604 ], [ 18.23443526225128, 57.45150293664371 ], [ 18.22981243185429, 57.45266849358678 ], [ 18.22639667315025, 57.45073686857433 ], [ 18.22459085462452, 57.45373576238941 ], [ 18.22203917161395, 57.45989291000908 ], [ 18.21862838886265, 57.45963484474697 ], [ 18.21594944594411, 57.46213835118726 ], [ 18.21347460837613, 57.46445814201972 ], [ 18.20833070305963, 57.46624503548085 ], [ 18.20520830830834, 57.46689730735825 ], [ 18.20198176049663, 57.46857107326711 ], [ 18.19732998985069, 57.46594663907734 ], [ 18.19326857678598, 57.46639192999803 ], [ 18.19078517167236, 57.46777284707984 ], [ 18.18729665661498, 57.4680902279276 ], [ 18.18407203171906, 57.46736964861273 ], [ 18.18032224219745, 57.46703168581268 ], [ 18.17797455921037, 57.46553086030158 ], [ 18.17272061866001, 57.46409815574915 ], [ 18.16496852669907, 57.46618363217382 ], [ 18.15658389623303, 57.46775504864935 ], [ 18.15254951423464, 57.46826125527206 ], [ 18.15079742951795, 57.46559910515069 ], [ 18.15171569122666, 57.46344430527338 ], [ 18.1573164328085, 57.46175902939243 ], [ 18.15019518158766, 57.45785410608851 ], [ 18.15007657076509, 57.46046114213323 ], [ 18.14681035857181, 57.46095751669217 ], [ 18.14285399585978, 57.46017312906561 ], [ 18.14067933287664, 57.45812053913635 ], [ 18.13718330216485, 57.45876905538462 ], [ 18.13327578681315, 57.45773193718387 ], [ 18.12919863293453, 57.4577936773546 ], [ 18.12644257079452, 57.45815178118043 ], [ 18.12652136603236, 57.45857511954251 ], [ 18.1262491073602, 57.4598017219592 ], [ 18.12559547560751, 57.4613227745459 ], [ 18.12489445515662, 57.46235965160271 ], [ 18.12473575890693, 57.46251588743624 ], [ 18.12693412746234, 57.46301816641357 ], [ 18.13494307731139, 57.46485104082466 ], [ 18.1325339052684, 57.46776094357674 ], [ 18.13195391843101, 57.47079866570675 ], [ 18.13934098197125, 57.47624919222834 ], [ 18.14265842367715, 57.47718478741301 ], [ 18.13923021188081, 57.47912106490099 ], [ 18.13613793631011, 57.48087136890931 ], [ 18.13334218690656, 57.48240511047068 ], [ 18.13053430925981, 57.48125776028612 ], [ 18.12610292501286, 57.48001189136819 ], [ 18.12649247583927, 57.48099540356636 ], [ 18.12720654041414, 57.48278769554959 ], [ 18.12788280436404, 57.48450882174387 ], [ 18.12817411737035, 57.48541964814866 ], [ 18.12836719574572, 57.48586644872455 ] ] ] ] } },
{ "type": "Feature", "properties": { "AREA": 11699765.249438167, "PERIMETER": 16333.528628077151, "SCNRSEIE_": 1749, "SCNRSEIE_I": 4427, "SNID_1": "900", "SNID_2": "0900", "SNID_3": "0900", "SNID_4": 900.0, "NAMN": "Björke", "LAN": "Gotlands län", "NOT_": null, "KOMMENTAR": null, "SCNRSEIE_A": 11422270.867000001, "SCNRSEIE_P": 19957.882, "HECTARES": 1169.9765249438201 }, "geometry": { "type": "MultiPolygon", "coordinates": [ [ [ [ 18.42045480667171, 57.49197795883414 ], [ 18.41053848122311, 57.49068304106132 ], [ 18.41011852898375, 57.49465322214652 ], [ 18.40302671843726, 57.49284566674239 ], [ 18.39803316389535, 57.49450691603965 ], [ 18.3945149622879, 57.49488912012541 ], [ 18.39041511252856, 57.49389074830651 ], [ 18.38571076424132, 57.49280130451845 ], [ 18.38034129276122, 57.49156356320434 ], [ 18.37547405579033, 57.49043224030451 ], [ 18.36834093356905, 57.4950822558374 ], [ 18.36907932358433, 57.49692678851603 ], [ 18.37244963551143, 57.49740167496142 ], [ 18.37599927817928, 57.49838039474666 ], [ 18.38451675409752, 57.50073977258425 ], [ 18.38420200889129, 57.50529601601028 ], [ 18.38407041899059, 57.50762980410506 ], [ 18.39141361922809, 57.50915937762203 ], [ 18.39273099190455, 57.5123841278874 ], [ 18.39340802006154, 57.51540207838617 ], [ 18.3941541326199, 57.51868794227325 ], [ 18.40023354683889, 57.5184284091595 ], [ 18.40561727697139, 57.51748658776492 ], [ 18.40893683261771, 57.51689267815802 ], [ 18.41328955407265, 57.51612900596117 ], [ 18.4182185253857, 57.51525452274954 ], [ 18.42225143855139, 57.51454665971826 ], [ 18.42585418035128, 57.51502879585169 ], [ 18.43073710418616, 57.5152057951677 ], [ 18.4338282138255, 57.51309778738102 ], [ 18.43415474837338, 57.51053076530495 ], [ 18.43842071085947, 57.51081014548967 ], [ 18.44305105662646, 57.51113567678905 ], [ 18.4460770033768, 57.51021890645729 ], [ 18.44820287313037, 57.5087730826462 ], [ 18.4510718742036, 57.50722170964525 ], [ 18.45348471690958, 57.50591342836007 ], [ 18.45528392453301, 57.50399817921002 ], [ 18.45729676236347, 57.50235692260293 ], [ 18.4586975651595, 57.50036016101671 ], [ 18.46029846928813, 57.49859265891183 ], [ 18.45896914223742, 57.49622667602645 ], [ 18.4588846669304, 57.49408595790243 ], [ 18.45560376367336, 57.49163511276406 ], [ 18.45259137736244, 57.49075514469554 ], [ 18.44957490934963, 57.48990214795805 ], [ 18.44495978561613, 57.48862437166773 ], [ 18.44038725049688, 57.48735451880929 ], [ 18.43545786330064, 57.48598871830865 ], [ 18.42990888210491, 57.48443789312941 ], [ 18.42631775327816, 57.48698745641313 ], [ 18.42255318195324, 57.48994468815997 ], [ 18.42045480667171, 57.49197795883414 ] ] ] ] } },
{ "type": "Feature", "properties": { "AREA": 31835528.009429812, "PERIMETER": 26551.097372992292, "SCNRSEIE_": 1750, "SCNRSEIE_I": 4429, "SNID_1": "896", "SNID_2": "0896", "SNID_3": "0896", "SNID_4": 896.0, "NAMN": "Anga", "LAN": "Gotlands län", "NOT_": null, "KOMMENTAR": null, "SCNRSEIE_A": 35360005.736000001, "SCNRSEIE_P": 30588.636, "HECTARES": 3183.55280094298 }, "geometry": { "type": "MultiPolygon", "coordinates": [ [ [ [ 18.6330378683087, 57.47054629489146 ], [ 18.63165505490651, 57.47269297700757 ], [ 18.62835211651607, 57.47427179777974 ], [ 18.63503978665577, 57.47786358456469 ], [ 18.63962856672066, 57.4803433967471 ], [ 18.64606163771991, 57.48382354364534 ], [ 18.65004354210462, 57.4859887306614 ], [ 18.65534470933211, 57.48886063498936 ], [ 18.65919526034127, 57.48849961152071 ], [ 18.66625959015692, 57.48782292843572 ], [ 18.67442675063977, 57.4870669388224 ], [ 18.68152358840269, 57.49004514582926 ], [ 18.69060898434228, 57.49383993523226 ], [ 18.69620754906319, 57.49355898890086 ], [ 18.69368055255705, 57.50003592637711 ], [ 18.704127259544, 57.50229833311244 ], [ 18.70805237770499, 57.50315137668574 ], [ 18.70690417586666, 57.50576962800527 ], [ 18.71366364214889, 57.50573974327967 ], [ 18.71436057389005, 57.50872881389924 ], [ 18.71884159490549, 57.50986969510504 ], [ 18.72539371467318, 57.51002817023485 ], [ 18.73157489975764, 57.51131334616647 ], [ 18.73775177161676, 57.51261638021083 ], [ 18.74634202845313, 57.51177780961851 ], [ 18.75019941903134, 57.51140105639238 ], [ 18.75289284824188, 57.51128945385871 ], [ 18.75134249672434, 57.50971233547186 ], [ 18.75495026795306, 57.50622303438357 ], [ 18.75972942869298, 57.50567096046955 ], [ 18.76100992901928, 57.50458082905415 ], [ 18.76928746498692, 57.50065814242642 ], [ 18.76929062912225, 57.49925653243081 ], [ 18.76937091048105, 57.49448403213147 ], [ 18.77360846946869, 57.49139261522507 ], [ 18.78111514598455, 57.48768488226787 ], [ 18.78310683833459, 57.48776364282671 ], [ 18.78442693082672, 57.48717543663097 ], [ 18.7837873320238, 57.48567220519669 ], [ 18.78159428350604, 57.4841427597099 ], [ 18.7790050033924, 57.48307183675136 ], [ 18.77361836654559, 57.48247104049508 ], [ 18.77070904243271, 57.48218012945841 ], [ 18.76904294530855, 57.4805572225691 ], [ 18.76615798166771, 57.47500088601038 ], [ 18.76525078759503, 57.47306362967829 ], [ 18.76446256055372, 57.47138557015631 ], [ 18.76185862767184, 57.47122506653163 ], [ 18.75805064162196, 57.47109867897156 ], [ 18.75443988244449, 57.47096306966391 ], [ 18.74604913536511, 57.469133161828 ], [ 18.74215121295627, 57.46829867581851 ], [ 18.73731836073078, 57.46846059371354 ], [ 18.73336335084949, 57.46954076469323 ], [ 18.72650165922046, 57.46925080664666 ], [ 18.72026120779537, 57.4670773454724 ], [ 18.71709341775003, 57.46571756919302 ], [ 18.71381512050871, 57.46474661191696 ], [ 18.7101405895698, 57.46366341000656 ], [ 18.70642108289627, 57.46256316644759 ], [ 18.70060247089145, 57.46084626431715 ], [ 18.69690955851216, 57.45975860875422 ], [ 18.6908585331534, 57.45796125183477 ], [ 18.68779937499784, 57.45702953516997 ], [ 18.68432047505265, 57.45661498270668 ], [ 18.67755288505956, 57.45623928820505 ], [ 18.67898640297163, 57.46072556222658 ], [ 18.67198439180215, 57.46071877805546 ], [ 18.66685322399739, 57.46073204967166 ], [ 18.66213451990363, 57.46074474385092 ], [ 18.656736182013, 57.4575429327496 ], [ 18.65286401099616, 57.45833576449026 ], [ 18.64923925842421, 57.45888021507991 ], [ 18.64473537898063, 57.46031587798034 ], [ 18.64090296298525, 57.46224830116082 ], [ 18.6369483131187, 57.4649470313846 ], [ 18.63447957716618, 57.46732919173753 ], [ 18.6330378683087, 57.47054629489146 ] ] ] ] } },
{ "type": "Feature", "properties": { "AREA": 18999009.027033389, "PERIMETER": 23463.042986428271, "SCNRSEIE_": 1755, "SCNRSEIE_I": 4444, "SNID_1": "963", "SNID_2": "0963", "SNID_3": "0963", "SNID_4": 963.0, "NAMN": "Sjonhem", "LAN": "Gotlands län", "NOT_": null, "KOMMENTAR": null, "SCNRSEIE_A": 17355769.254000001, "SCNRSEIE_P": 29852.137, "HECTARES": 1899.9009027033401 }, "geometry": { "type": "MultiPolygon", "coordinates": [ [ [ [ 18.48664569567184, 57.47407244795886 ], [ 18.48749097173105, 57.47619249943206 ], [ 18.4886578662287, 57.47843148553574 ], [ 18.48976497049409, 57.48062231461443 ], [ 18.49099694204181, 57.48243764012956 ], [ 18.49193693313504, 57.48751563592534 ], [ 18.49055016302418, 57.49063769122534 ], [ 18.49380440918081, 57.49252444540627 ], [ 18.49031675337946, 57.49390582742371 ], [ 18.49497968324621, 57.49577382047334 ], [ 18.49193068725808, 57.49861469017627 ], [ 18.49779346416714, 57.49954522723065 ], [ 18.49964903778071, 57.50120342504873 ], [ 18.5019165717601, 57.50329749837964 ], [ 18.50488461714593, 57.50428057556528 ], [ 18.51010743505731, 57.50295272914453 ], [ 18.51677783017417, 57.50518675032814 ], [ 18.51949807667856, 57.50402990393135 ], [ 18.52305183110207, 57.50525151159794 ], [ 18.52653912142409, 57.50683822659041 ], [ 18.53257375576051, 57.50458782371989 ], [ 18.53980454530582, 57.50302984793621 ], [ 18.54830753473253, 57.50255783952556 ], [ 18.55280387592948, 57.50232073110527 ], [ 18.55467330619259, 57.49946810625351 ], [ 18.55186050717268, 57.49831669097148 ], [ 18.54779664166788, 57.49811312086577 ], [ 18.54596979753944, 57.49413723545275 ], [ 18.55372523193965, 57.49501505443985 ], [ 18.55872351756874, 57.49558426752295 ], [ 18.56023765056762, 57.49201166171638 ], [ 18.56332418551255, 57.48786569197961 ], [ 18.56650781399645, 57.48562200759026 ], [ 18.56388221798581, 57.48229723471275 ], [ 18.57111180472898, 57.4817076291971 ], [ 18.57344943878329, 57.47868278245012 ], [ 18.57482078563386, 57.47688743017786 ], [ 18.57674766688201, 57.47436558603095 ], [ 18.58333231006014, 57.47353795905156 ], [ 18.58549979002902, 57.47199886518555 ], [ 18.58885018815856, 57.4696251107709 ], [ 18.59133304512634, 57.46790833262262 ], [ 18.59007299962932, 57.46224948373386 ], [ 18.58556189941278, 57.4565995766585 ], [ 18.57788766583678, 57.45600943777556 ], [ 18.57593576821467, 57.45805119801965 ], [ 18.57442252614767, 57.45972400990064 ], [ 18.57289324862228, 57.46159920930104 ], [ 18.57171682824796, 57.46337680101262 ], [ 18.56966660905324, 57.46520058317881 ], [ 18.56013812628134, 57.46089939160164 ], [ 18.55555884653731, 57.46290387708557 ], [ 18.55269176757456, 57.4659623879584 ], [ 18.54593678595398, 57.46800949211835 ], [ 18.54070445626257, 57.46960983696439 ], [ 18.53437673828855, 57.47150778289376 ], [ 18.53004899185295, 57.47214034723081 ], [ 18.52312695220742, 57.47309374168641 ], [ 18.51743977235724, 57.47389450119092 ], [ 18.51235247723251, 57.47373429783939 ], [ 18.51054305503754, 57.47119486127604 ], [ 18.50628494222327, 57.46557277184165 ], [ 18.49590638248628, 57.4671241628384 ], [ 18.49616157741909, 57.46895138383289 ], [ 18.48794853588242, 57.46992140222353 ], [ 18.48736684942522, 57.47182474747459 ], [ 18.48664569567184, 57.47407244795886 ] ] ] ] } },
{ "type": "Feature", "properties": { "AREA": 14450032.820055006, "PERIMETER": 25302.26960186617, "SCNRSEIE_": 1758, "SCNRSEIE_I": 4460, "SNID_1": "898", "SNID_2": "0898", "SNID_3": "0898", "SNID_4": 898.0, "NAMN": "Atlingbo", "LAN": "Gotlands län", "NOT_": null, "KOMMENTAR": null, "SCNRSEIE_A": 14202368.88, "SCNRSEIE_P": 29891.955, "HECTARES": 1445.0032820055001 }, "geometry": { "type": "MultiPolygon", "coordinates": [ [ [ [ 18.39501433918758, 57.46229743639047 ], [ 18.39222008186294, 57.4612049631469 ], [ 18.38922072043905, 57.46027385406506 ], [ 18.38611112375009, 57.45916525562133 ], [ 18.38133604822006, 57.45682857882583 ], [ 18.3809113375772, 57.46071339759752 ], [ 18.383448973419, 57.46210324583726 ], [ 18.38612515468587, 57.46376879829302 ], [ 18.38719848475, 57.46557484129233 ], [ 18.38455254755755, 57.46670696284001 ], [ 18.38113042465265, 57.46750001938616 ], [ 18.37636715723301, 57.46896267717226 ], [ 18.3762784950396, 57.46660193993192 ], [ 18.37620611989353, 57.46438460496328 ], [ 18.37612622302778, 57.46200132131413 ], [ 18.37240135203979, 57.46230629917375 ], [ 18.36898906746549, 57.46300001193816 ], [ 18.3628647894804, 57.46493443260154 ], [ 18.36481152459081, 57.46661072976183 ], [ 18.36879641620292, 57.47010045037076 ], [ 18.36394594243848, 57.47226503313051 ], [ 18.35878874102862, 57.47562588953436 ], [ 18.35573912435998, 57.47421886473035 ], [ 18.35294281192957, 57.47285165262573 ], [ 18.35166038221187, 57.47041620814816 ], [ 18.34978495014069, 57.4687114157985 ], [ 18.35263335475478, 57.46424327359896 ], [ 18.3492861904059, 57.46309365697345 ], [ 18.34605674039819, 57.46195505925851 ], [ 18.34459269507992, 57.46485015696562 ], [ 18.34252854760269, 57.46904180150454 ], [ 18.34155017236877, 57.47113203557208 ], [ 18.340417883299, 57.47326128771793 ], [ 18.34389450400319, 57.4747947459882 ], [ 18.34060654988109, 57.47839119251406 ], [ 18.33676311181272, 57.48222318915592 ], [ 18.33693610022782, 57.48406117815839 ], [ 18.33535418978474, 57.48581768547209 ], [ 18.33936347789935, 57.48635698000559 ], [ 18.33835141395894, 57.48857362332301 ], [ 18.34653164065321, 57.48923997887493 ], [ 18.34844963947969, 57.4909440573106 ], [ 18.3507090862887, 57.49395714306709 ], [ 18.35108354392647, 57.49597971206537 ], [ 18.35171967858579, 57.49924563064823 ], [ 18.35934100250476, 57.49939692137999 ], [ 18.36371641365669, 57.49947895402868 ], [ 18.36907932358433, 57.49692678851603 ], [ 18.36834093356905, 57.4950822558374 ], [ 18.37547405579033, 57.49043224030451 ], [ 18.38034129276122, 57.49156356320434 ], [ 18.38571076424132, 57.49280130451845 ], [ 18.39041511252856, 57.49389074830651 ], [ 18.3945149622879, 57.49488912012541 ], [ 18.39803316389535, 57.49450691603965 ], [ 18.40302671843726, 57.49284566674239 ], [ 18.41011852898375, 57.49465322214652 ], [ 18.41053848122311, 57.49068304106132 ], [ 18.42045480667171, 57.49197795883414 ], [ 18.42255318195324, 57.48994468815997 ], [ 18.42631775327816, 57.48698745641313 ], [ 18.42990888210491, 57.48443789312941 ], [ 18.42374879848816, 57.48232463941564 ], [ 18.41520203143694, 57.47915118670259 ], [ 18.41245294219873, 57.47813456754149 ], [ 18.40942261380931, 57.47702937370266 ], [ 18.40379181173336, 57.47490873353753 ], [ 18.40106665358573, 57.47363084987902 ], [ 18.40402858313232, 57.47022812853399 ], [ 18.40622716707772, 57.4685838577149 ], [ 18.40944344469981, 57.46613243770462 ], [ 18.41266566661058, 57.46558529785622 ], [ 18.41665830571315, 57.46412372965612 ], [ 18.41972405357517, 57.46296425041204 ], [ 18.41547195557697, 57.46069426863102 ], [ 18.40929464004325, 57.46002702876035 ], [ 18.40772099793175, 57.46174831012135 ], [ 18.40596938847709, 57.46334305798623 ], [ 18.40228195379526, 57.46476206317055 ], [ 18.40003079571602, 57.46325429719283 ], [ 18.39501433918758, 57.46229743639047 ] ] ] ] } },
{ "type": "Feature", "properties": { "AREA": 22950272.167783737, "PERIMETER": 22833.598608659249, "SCNRSEIE_": 1761, "SCNRSEIE_I": 4472, "SNID_1": "953", "SNID_2": "0953", "SNID_3": "0953", "SNID_4": 953.0, "NAMN": "Mästerby", "LAN": "Gotlands län", "NOT_": null, "KOMMENTAR": null, "SCNRSEIE_A": 21752832.285999998, "SCNRSEIE_P": 32268.776, "HECTARES": 2295.0272167783701 }, "geometry": { "type": "MultiPolygon", "coordinates": [ [ [ [ 18.25230770971785, 57.44995818495205 ], [ 18.25250400530452, 57.45408189194674 ], [ 18.25201994496198, 57.45647162151271 ], [ 18.25296777487227, 57.4600552992983 ], [ 18.25234104900592, 57.46483270408369 ], [ 18.25333823465985, 57.46806057575137 ], [ 18.25499064729128, 57.4701753373938 ], [ 18.25205884773538, 57.47273844111466 ], [ 18.2571880754323, 57.4765372540468 ], [ 18.25715295906626, 57.47853207316795 ], [ 18.25512894408608, 57.48058799410682 ], [ 18.25371935905746, 57.48238949542817 ], [ 18.25292458988471, 57.48437659112854 ], [ 18.25179321844676, 57.48606926752719 ], [ 18.2527839528842, 57.48887953584872 ], [ 18.25556793836362, 57.49044240534879 ], [ 18.25810438089518, 57.49260284584464 ], [ 18.26405185124415, 57.49542885799823 ], [ 18.26836439960903, 57.49694359583819 ], [ 18.27222166429036, 57.4965898378568 ], [ 18.27572787909764, 57.49675030644484 ], [ 18.27941695970705, 57.49573025667522 ], [ 18.28370255886811, 57.49502187476126 ], [ 18.28943778279433, 57.49300026736128 ], [ 18.29308462256422, 57.49271729035853 ], [ 18.29737351586427, 57.49274043360244 ], [ 18.30091289477907, 57.49280970820986 ], [ 18.3069322886232, 57.49291956222281 ], [ 18.31073104064165, 57.49296985066166 ], [ 18.31478873896237, 57.49199092724673 ], [ 18.3179982787449, 57.49117700629168 ], [ 18.31657969640138, 57.48919311478081 ], [ 18.31638025662533, 57.48722986874847 ], [ 18.31597328802154, 57.48512701456092 ], [ 18.32000442046232, 57.48135024658734 ], [ 18.31941554935809, 57.47727032868326 ], [ 18.32233916833705, 57.47522681837732 ], [ 18.32783138484886, 57.4713263560535 ], [ 18.33048948693998, 57.46943618733114 ], [ 18.33413592715491, 57.46683440388043 ], [ 18.32805118598054, 57.46477794661648 ], [ 18.32290712731323, 57.46387917646927 ], [ 18.31938935266957, 57.46372029183766 ], [ 18.31902203867654, 57.46113162699118 ], [ 18.31898612903957, 57.45903036333549 ], [ 18.32084810462358, 57.45744364323922 ], [ 18.32331664833546, 57.4549869381133 ], [ 18.325640441661, 57.452672403862 ], [ 18.32763614132791, 57.45073703945075 ], [ 18.32278715157871, 57.45058700632264 ], [ 18.31639365886777, 57.45087614616659 ], [ 18.31453773133659, 57.45321720888158 ], [ 18.31115370778956, 57.45244015204066 ], [ 18.30985791972672, 57.44872011582558 ], [ 18.30809879429427, 57.44345968235791 ], [ 18.30579419332615, 57.44185253720884 ], [ 18.30209689391007, 57.43924001426522 ], [ 18.29895103007885, 57.43704311301983 ], [ 18.29200030138955, 57.44136191753616 ], [ 18.28593101194347, 57.44405062148849 ], [ 18.28289148115484, 57.44227785917627 ], [ 18.28008463224896, 57.44012323663185 ], [ 18.27888960733313, 57.43805821398728 ], [ 18.27516375675103, 57.43677944068154 ], [ 18.27446525618696, 57.43908373802388 ], [ 18.27301181154317, 57.44109288205184 ], [ 18.27406325645023, 57.44350205713656 ], [ 18.26756817995508, 57.44232667359455 ], [ 18.26712665615244, 57.44452699246744 ], [ 18.26092312735862, 57.44276165351281 ], [ 18.26049960288441, 57.44598121539818 ], [ 18.25608753982457, 57.44848792716476 ], [ 18.25230770971785, 57.44995818495205 ] ] ] ] } },
{ "type": "Feature", "properties": { "AREA": 16927722.244045019, "PERIMETER": 19105.52390534788, "SCNRSEIE_": 1763, "SCNRSEIE_I": 4478, "SNID_1": "975", "SNID_2": "0975", "SNID_3": "0975", "SNID_4": 975.0, "NAMN": "Viklau", "LAN": "Gotlands län", "NOT_": null, "KOMMENTAR": null, "SCNRSEIE_A": 16115471.745, "SCNRSEIE_P": 20186.255, "HECTARES": 1692.7722244045001 }, "geometry": { "type": "MultiPolygon", "coordinates": [ [ [ [ 18.42550543702317, 57.45602149611186 ], [ 18.42108175356391, 57.4558349516827 ], [ 18.41802391854551, 57.45680564527176 ], [ 18.41547195557697, 57.46069426863102 ], [ 18.41972405357517, 57.46296425041204 ], [ 18.41665830571315, 57.46412372965612 ], [ 18.41266566661058, 57.46558529785622 ], [ 18.40944344469981, 57.46613243770462 ], [ 18.40622716707772, 57.4685838577149 ], [ 18.40402858313232, 57.47022812853399 ], [ 18.40106665358573, 57.47363084987902 ], [ 18.40379181173336, 57.47490873353753 ], [ 18.40942261380931, 57.47702937370266 ], [ 18.41245294219873, 57.47813456754149 ], [ 18.41520203143694, 57.47915118670259 ], [ 18.42374879848816, 57.48232463941564 ], [ 18.42990888210491, 57.48443789312941 ], [ 18.43545786330064, 57.48598871830865 ], [ 18.44038725049688, 57.48735451880929 ], [ 18.44495978561613, 57.48862437166773 ], [ 18.44957490934963, 57.48990214795805 ], [ 18.45259137736244, 57.49075514469554 ], [ 18.45560376367336, 57.49163511276406 ], [ 18.46011208172795, 57.48956229862303 ], [ 18.46142763245002, 57.48502221854245 ], [ 18.46634644275451, 57.48244810601637 ], [ 18.47006344926563, 57.48178574659011 ], [ 18.47808224026841, 57.48110854538881 ], [ 18.48556984043503, 57.48078342441119 ], [ 18.48743698585228, 57.48415731222589 ], [ 18.48448710676503, 57.48712168558369 ], [ 18.49055016302418, 57.49063769122534 ], [ 18.49193693313504, 57.48751563592534 ], [ 18.49099694204181, 57.48243764012956 ], [ 18.48976497049409, 57.48062231461443 ], [ 18.4886578662287, 57.47843148553574 ], [ 18.48749097173105, 57.47619249943206 ], [ 18.48664569567184, 57.47407244795886 ], [ 18.48736684942522, 57.47182474747459 ], [ 18.48794853588242, 57.46992140222353 ], [ 18.48874086084913, 57.46645941644623 ], [ 18.48713741762772, 57.46459806983581 ], [ 18.4879243760543, 57.46231301888776 ], [ 18.48422029369081, 57.46161025945091 ], [ 18.48252037904742, 57.45944994291568 ], [ 18.47948613303131, 57.45849923364587 ], [ 18.47665607406964, 57.45749022730642 ], [ 18.47098035067569, 57.45473574475356 ], [ 18.467700009267, 57.45314311464518 ], [ 18.46497928680257, 57.45182168510989 ], [ 18.46052549102518, 57.44966526283643 ], [ 18.45507060479452, 57.44704909487853 ], [ 18.45073901921908, 57.44495275084852 ], [ 18.44049286888486, 57.44577372125903 ], [ 18.42912154357125, 57.44816242761521 ], [ 18.42870726552541, 57.45025963824769 ], [ 18.42844812555846, 57.45211104170153 ], [ 18.42550543702317, 57.45602149611186 ] ] ] ] } },
{ "type": "Feature", "properties": { "AREA": 47548291.21434927, "PERIMETER": 44080.634847043941, "SCNRSEIE_": 1764, "SCNRSEIE_I": 4483, "SNID_1": "942", "SNID_2": "0942", "SNID_3": "0942", "SNID_4": 942.0, "NAMN": "Kräklingbo", "LAN": "Gotlands län", "NOT_": null, "KOMMENTAR": null, "SCNRSEIE_A": 49131267.104999997, "SCNRSEIE_P": 49244.692, "HECTARES": 4754.8291214349301 }, "geometry": { "type": "MultiPolygon", "coordinates": [ [ [ [ 18.59956445997469, 57.45561161940183 ], [ 18.6007084934965, 57.46161886046541 ], [ 18.60128262712097, 57.46452580825654 ], [ 18.60616753528727, 57.46512705454762 ], [ 18.61041454281595, 57.46147221967078 ], [ 18.61752426178059, 57.46297417604438 ], [ 18.62049065342977, 57.46491132872318 ], [ 18.62397922229647, 57.46548017580315 ], [ 18.62739427627391, 57.46620338951286 ], [ 18.6330378683087, 57.47054629489146 ], [ 18.63447957716618, 57.46732919173753 ], [ 18.6369483131187, 57.4649470313846 ], [ 18.64090296298525, 57.46224830116082 ], [ 18.64473537898063, 57.46031587798034 ], [ 18.64923925842421, 57.45888021507991 ], [ 18.65286401099616, 57.45833576449026 ], [ 18.656736182013, 57.4575429327496 ], [ 18.66213451990363, 57.46074474385092 ], [ 18.66685322399739, 57.46073204967166 ], [ 18.67198439180215, 57.46071877805546 ], [ 18.67898640297163, 57.46072556222658 ], [ 18.67755288505956, 57.45623928820505 ], [ 18.68432047505265, 57.45661498270668 ], [ 18.68779937499784, 57.45702953516997 ], [ 18.6908585331534, 57.45796125183477 ], [ 18.69690955851216, 57.45975860875422 ], [ 18.70060247089145, 57.46084626431715 ], [ 18.70642108289627, 57.46256316644759 ], [ 18.7101405895698, 57.46366341000656 ], [ 18.71381512050871, 57.46474661191696 ], [ 18.71709341775003, 57.46571756919302 ], [ 18.72026120779537, 57.4670773454724 ], [ 18.72650165922046, 57.46925080664666 ], [ 18.73336335084949, 57.46954076469323 ], [ 18.73731836073078, 57.46846059371354 ], [ 18.74215121295627, 57.46829867581851 ], [ 18.74604913536511, 57.469133161828 ], [ 18.75443988244449, 57.47096306966391 ], [ 18.75805064162196, 57.47109867897156 ], [ 18.76185862767184, 57.47122506653163 ], [ 18.76446256055372, 57.47138557015631 ], [ 18.76432414854161, 57.4710908872708 ], [ 18.76415909541452, 57.47069945589486 ], [ 18.76479205756738, 57.46945375976182 ], [ 18.76649666711576, 57.46847038540206 ], [ 18.76958042012921, 57.46784088470185 ], [ 18.77354706553891, 57.46781941781544 ], [ 18.77950161416724, 57.4694849022105 ], [ 18.79054005404002, 57.47336574260365 ], [ 18.79305061776654, 57.47347696893387 ], [ 18.7948816099757, 57.47282262725466 ], [ 18.79775650695488, 57.46923255865506 ], [ 18.80251424520164, 57.46868827524727 ], [ 18.80369675648048, 57.46765390517837 ], [ 18.79810703227987, 57.46148872158277 ], [ 18.79107717135009, 57.45562696876591 ], [ 18.78737548427983, 57.45233651013194 ], [ 18.78694901508494, 57.4507833302882 ], [ 18.78767394394247, 57.44924782630653 ], [ 18.78971129983679, 57.4484808461817 ], [ 18.7927591847566, 57.44886682680162 ], [ 18.79739635630155, 57.45095797281434 ], [ 18.79906489482403, 57.45098123555314 ], [ 18.8004465524142, 57.44994215590482 ], [ 18.80110020198484, 57.44856099468299 ], [ 18.80106741079069, 57.44830167321737 ], [ 18.79965386906695, 57.44829885397093 ], [ 18.79620141310341, 57.44829099340643 ], [ 18.79272824856885, 57.44828352912404 ], [ 18.7905894169131, 57.44642505918161 ], [ 18.78756331286281, 57.44545902831734 ], [ 18.78325063228067, 57.44465362288851 ], [ 18.77966730625316, 57.44397901759882 ], [ 18.77605311731671, 57.44330512933296 ], [ 18.77037222823564, 57.44223952893175 ], [ 18.76656133745056, 57.44152507615288 ], [ 18.75302761582896, 57.43898545862926 ], [ 18.75242772952179, 57.43665458874226 ], [ 18.75081779319995, 57.43040778891452 ], [ 18.75881071648918, 57.43071482409688 ], [ 18.7605137693754, 57.43254808616694 ], [ 18.77307574623967, 57.43537482826666 ], [ 18.77194675636215, 57.43040617264241 ], [ 18.7700204351181, 57.4257167596389 ], [ 18.76577498974555, 57.42632875737279 ], [ 18.76247695294438, 57.42668466386834 ], [ 18.75679750000838, 57.42650347353298 ], [ 18.75338321843858, 57.42096375614767 ], [ 18.75169223284252, 57.41818230749233 ], [ 18.7453337392274, 57.41919784542503 ], [ 18.73766960592261, 57.41164557892984 ], [ 18.73264881745244, 57.40883805247447 ], [ 18.72729707202388, 57.40586280198632 ], [ 18.7240319062184, 57.40682344661388 ], [ 18.71988569485047, 57.40319109744073 ], [ 18.71626828119144, 57.4041686799148 ], [ 18.71266630778841, 57.40534346305274 ], [ 18.70798611331268, 57.40867223245861 ], [ 18.69763286496046, 57.40712702709818 ], [ 18.69180617012933, 57.40627247442747 ], [ 18.68544073681219, 57.40533562945181 ], [ 18.67852678106834, 57.40429868304465 ], [ 18.67449342377307, 57.40742280894389 ], [ 18.68025706792676, 57.41464477408838 ], [ 18.68222755076252, 57.41710626310245 ], [ 18.68406762269937, 57.42124627514229 ], [ 18.68132447884194, 57.42262959816514 ], [ 18.67690706817569, 57.42483262997743 ], [ 18.67249303370371, 57.42703092219683 ], [ 18.66820586832022, 57.42915429383139 ], [ 18.65864088446287, 57.42997766032417 ], [ 18.65236088851676, 57.43414907634695 ], [ 18.64885172591394, 57.43792514131976 ], [ 18.6518507537893, 57.43878724848183 ], [ 18.64698877800713, 57.44284985796661 ], [ 18.64221592561848, 57.44498333643629 ], [ 18.6366990296144, 57.44248409155106 ], [ 18.63342633209734, 57.44101681610439 ], [ 18.63055538269361, 57.43978762147396 ], [ 18.62723297133861, 57.44242688726247 ], [ 18.62409201908014, 57.44491384843271 ], [ 18.62176081413592, 57.44674922544851 ], [ 18.61763232292331, 57.44997674686926 ], [ 18.61088321946849, 57.45514456048822 ], [ 18.60721783315913, 57.45529796757784 ], [ 18.59956445997469, 57.45561161940183 ] ] ] ] } },
{ "type": "Feature", "properties": { "AREA": 1432975.6074394435, "PERIMETER": 5738.1554643938198, "SCNRSEIE_": 1771, "SCNRSEIE_I": 4493, "SNID_1": "970", "SNID_2": "0970", "SNID_3": "0970", "SNID_4": 970.0, "NAMN": "Tofta", "LAN": "Gotlands län", "NOT_": null, "KOMMENTAR": null, "SCNRSEIE_A": 2016921.162, "SCNRSEIE_P": 8278.47, "HECTARES": 143.29756074394001 }, "geometry": { "type": "MultiPolygon", "coordinates": [ [ [ [ 18.12610292501286, 57.48001189136819 ], [ 18.13053430925981, 57.48125776028612 ], [ 18.13334218690656, 57.48240511047068 ], [ 18.13613793631011, 57.48087136890931 ], [ 18.13923021188081, 57.47912106490099 ], [ 18.14265842367715, 57.47718478741301 ], [ 18.13934098197125, 57.47624919222834 ], [ 18.13195391843101, 57.47079866570675 ], [ 18.1325339052684, 57.46776094357674 ], [ 18.13494307731139, 57.46485104082466 ], [ 18.12693412746234, 57.46301816641357 ], [ 18.12473575890693, 57.46251588743624 ], [ 18.12464342356308, 57.4626067905219 ], [ 18.12350699633809, 57.46308578345427 ], [ 18.12105318125105, 57.46408298984012 ], [ 18.12244440480676, 57.46868330072981 ], [ 18.12490151703751, 57.47641677225899 ], [ 18.12540189242155, 57.4779974291193 ], [ 18.12575784542002, 57.47914061040289 ], [ 18.12610292501286, 57.48001189136819 ] ] ] ] } },
{ "type": "Feature", "properties": { "AREA": 38759739.366485119, "PERIMETER": 31119.217150067809, "SCNRSEIE_": 1772, "SCNRSEIE_I": 4494, "SNID_1": "977", "SNID_2": "0977", "SNID_3": "0977", "SNID_4": 977.0, "NAMN": "Vänge", "LAN": "Gotlands län", "NOT_": null, "KOMMENTAR": null, "SCNRSEIE_A": 39456567.088, "SCNRSEIE_P": 37439.12, "HECTARES": 3875.9739366485101 }, "geometry": { "type": "MultiPolygon", "coordinates": [ [ [ [ 18.51769895526417, 57.41029217665506 ], [ 18.5108145754151, 57.41059140180631 ], [ 18.50655879874472, 57.41507565800867 ], [ 18.50216535731809, 57.41515631395767 ], [ 18.49770997486039, 57.41524263297647 ], [ 18.49068495711383, 57.41539258339238 ], [ 18.48574721135473, 57.4154573173923 ], [ 18.48242427737691, 57.41181331246815 ], [ 18.47727959771125, 57.4087738764407 ], [ 18.47430641631471, 57.40714358826364 ], [ 18.46808053467886, 57.40625758459171 ], [ 18.47028642023906, 57.41160809431251 ], [ 18.46700777982823, 57.41566150285209 ], [ 18.46446296782905, 57.41862131858499 ], [ 18.46032270069322, 57.42139918863567 ], [ 18.46097677481754, 57.42364920257634 ], [ 18.45818080674456, 57.42476364112554 ], [ 18.45461036482386, 57.42619517680353 ], [ 18.45262075824091, 57.42764290607195 ], [ 18.44980013076287, 57.43041504525817 ], [ 18.44781377522614, 57.43237471019197 ], [ 18.45164503774865, 57.43462988429351 ], [ 18.45603487779727, 57.43757843824917 ], [ 18.45868435392222, 57.43882528027891 ], [ 18.45500058283716, 57.44193462393149 ], [ 18.45261026915217, 57.44332337977215 ], [ 18.45073901921908, 57.44495275084852 ], [ 18.45507060479452, 57.44704909487853 ], [ 18.46052549102518, 57.44966526283643 ], [ 18.46497928680257, 57.45182168510989 ], [ 18.467700009267, 57.45314311464518 ], [ 18.47098035067569, 57.45473574475356 ], [ 18.47665607406964, 57.45749022730642 ], [ 18.47948613303131, 57.45849923364587 ], [ 18.48252037904742, 57.45944994291568 ], [ 18.48422029369081, 57.46161025945091 ], [ 18.4879243760543, 57.46231301888776 ], [ 18.48713741762772, 57.46459806983581 ], [ 18.48874086084913, 57.46645941644623 ], [ 18.48794853588242, 57.46992140222353 ], [ 18.49616157741909, 57.46895138383289 ], [ 18.49590638248628, 57.4671241628384 ], [ 18.50628494222327, 57.46557277184165 ], [ 18.51054305503754, 57.47119486127604 ], [ 18.51235247723251, 57.47373429783939 ], [ 18.51743977235724, 57.47389450119092 ], [ 18.52312695220742, 57.47309374168641 ], [ 18.53004899185295, 57.47214034723081 ], [ 18.53437673828855, 57.47150778289376 ], [ 18.54070445626257, 57.46960983696439 ], [ 18.54593678595398, 57.46800949211835 ], [ 18.55269176757456, 57.4659623879584 ], [ 18.55555884653731, 57.46290387708557 ], [ 18.56013812628134, 57.46089939160164 ], [ 18.56966660905324, 57.46520058317881 ], [ 18.57171682824796, 57.46337680101262 ], [ 18.57289324862228, 57.46159920930104 ], [ 18.57442252614767, 57.45972400990064 ], [ 18.57593576821467, 57.45805119801965 ], [ 18.57788766583678, 57.45600943777556 ], [ 18.58556189941278, 57.4565995766585 ], [ 18.58330177604624, 57.45053597532031 ], [ 18.5822530172454, 57.44769332893246 ], [ 18.57956985877704, 57.44612193084553 ], [ 18.57605387301001, 57.44733122124725 ], [ 18.57170668295471, 57.44881912136328 ], [ 18.56655625760955, 57.45059857363053 ], [ 18.56405445677803, 57.44857815203227 ], [ 18.57996453678752, 57.44145968005694 ], [ 18.57928006433929, 57.43957023872546 ], [ 18.57829753240815, 57.43687883707338 ], [ 18.57722856021525, 57.43397811548527 ], [ 18.5749498618328, 57.42853929252735 ], [ 18.57053948073639, 57.4267315635933 ], [ 18.56781970354951, 57.42561445497052 ], [ 18.56151952549924, 57.4265968836044 ], [ 18.55225093580292, 57.42725292862735 ], [ 18.54974718621016, 57.42556470735656 ], [ 18.54691186613511, 57.42244626183238 ], [ 18.54355587532459, 57.41895274499577 ], [ 18.54183341087643, 57.41665002736767 ], [ 18.53645915623709, 57.41387389713458 ], [ 18.53209363460665, 57.41340255417678 ], [ 18.52772459552291, 57.413555455983 ], [ 18.52414913864848, 57.41369107948854 ], [ 18.51471115644311, 57.41404716244188 ], [ 18.51769895526417, 57.41029217665506 ] ] ] ] } },
{ "type": "Feature", "properties": { "AREA": 32210143.085950136, "PERIMETER": 39755.69311489442, "SCNRSEIE_": 1773, "SCNRSEIE_I": 4497, "SNID_1": "981", "SNID_2": "0981", "SNID_3": "0981", "SNID_4": 981.0, "NAMN": "Väte", "LAN": "Gotlands län", "NOT_": null, "KOMMENTAR": null, "SCNRSEIE_A": 29704469.014, "SCNRSEIE_P": 51129.041, "HECTARES": 3221.0143085950099 }, "geometry": { "type": "MultiPolygon", "coordinates": [ [ [ [ 18.42912154357125, 57.44816242761521 ], [ 18.43104639489827, 57.44488390565913 ], [ 18.42967483960868, 57.44321019689939 ], [ 18.42763352961152, 57.44070142790241 ], [ 18.42493968120415, 57.43890694024076 ], [ 18.4225889792963, 57.43736571532502 ], [ 18.41862404328622, 57.43470368531501 ], [ 18.41510988040288, 57.43374344898134 ], [ 18.41032871857893, 57.43241403070638 ], [ 18.40758028198342, 57.43531403471832 ], [ 18.40574439858444, 57.43728777741941 ], [ 18.39955139751369, 57.43648567351259 ], [ 18.40112708576478, 57.43439161132968 ], [ 18.40378501850414, 57.43205960261766 ], [ 18.40595864603552, 57.43018214263229 ], [ 18.4077412848269, 57.42857782534394 ], [ 18.41115743625339, 57.42544398546928 ], [ 18.41327566901323, 57.42359007980451 ], [ 18.41137100758978, 57.4212444471075 ], [ 18.40727491080183, 57.41616830222642 ], [ 18.40367807208996, 57.41175095657709 ], [ 18.39677180036157, 57.41351471813307 ], [ 18.40220753718188, 57.4178134172944 ], [ 18.39721970265914, 57.42173849775023 ], [ 18.40234077242956, 57.42354643403677 ], [ 18.3960294193732, 57.42572000982281 ], [ 18.39193527128694, 57.428991185463 ], [ 18.38579623647664, 57.42902914529835 ], [ 18.38225422594856, 57.42978431452939 ], [ 18.38508706424873, 57.43359361463022 ], [ 18.38094577734467, 57.43445083897355 ], [ 18.37718930160501, 57.43070531372296 ], [ 18.37383553658396, 57.43133062772212 ], [ 18.37206997804251, 57.42933644599513 ], [ 18.36821416500552, 57.42691761962269 ], [ 18.36144646728985, 57.4244635454032 ], [ 18.35670460671513, 57.42275400884451 ], [ 18.35236810385109, 57.4212113769908 ], [ 18.34859082898658, 57.41986384650345 ], [ 18.34469635216221, 57.41874325808713 ], [ 18.33837175439686, 57.41735690687553 ], [ 18.3328053164, 57.41869038850252 ], [ 18.32636969763556, 57.42031492709285 ], [ 18.32247475536834, 57.42117887585783 ], [ 18.31515123813575, 57.42249274866062 ], [ 18.3114583223388, 57.42284914446245 ], [ 18.30943634412566, 57.42807692726867 ], [ 18.30258124790132, 57.42804227702832 ], [ 18.29791232388507, 57.42789225302865 ], [ 18.29501837169482, 57.43036577808901 ], [ 18.290772277202, 57.43019364045249 ], [ 18.28359822312298, 57.43108047124029 ], [ 18.28429744081829, 57.43366268837597 ], [ 18.27985890904214, 57.43388017789762 ], [ 18.27563561549896, 57.43460535527031 ], [ 18.27516375675103, 57.43677944068154 ], [ 18.27888960733313, 57.43805821398728 ], [ 18.28008463224896, 57.44012323663185 ], [ 18.28289148115484, 57.44227785917627 ], [ 18.28593101194347, 57.44405062148849 ], [ 18.29200030138955, 57.44136191753616 ], [ 18.29895103007885, 57.43704311301983 ], [ 18.30209689391007, 57.43924001426522 ], [ 18.30579419332615, 57.44185253720884 ], [ 18.30809879429427, 57.44345968235791 ], [ 18.30985791972672, 57.44872011582558 ], [ 18.31115370778956, 57.45244015204066 ], [ 18.31453773133659, 57.45321720888158 ], [ 18.31639365886777, 57.45087614616659 ], [ 18.32278715157871, 57.45058700632264 ], [ 18.32763614132791, 57.45073703945075 ], [ 18.325640441661, 57.452672403862 ], [ 18.32331664833546, 57.4549869381133 ], [ 18.32084810462358, 57.45744364323922 ], [ 18.31898612903957, 57.45903036333549 ], [ 18.31902203867654, 57.46113162699118 ], [ 18.31938935266957, 57.46372029183766 ], [ 18.32290712731323, 57.46387917646927 ], [ 18.32805118598054, 57.46477794661648 ], [ 18.33413592715491, 57.46683440388043 ], [ 18.33806754706088, 57.46769868010725 ], [ 18.34252854760269, 57.46904180150454 ], [ 18.34459269507992, 57.46485015696562 ], [ 18.34605674039819, 57.46195505925851 ], [ 18.3492861904059, 57.46309365697345 ], [ 18.35263335475478, 57.46424327359896 ], [ 18.34978495014069, 57.4687114157985 ], [ 18.35166038221187, 57.47041620814816 ], [ 18.35294281192957, 57.47285165262573 ], [ 18.35573912435998, 57.47421886473035 ], [ 18.35878874102862, 57.47562588953436 ], [ 18.36394594243848, 57.47226503313051 ], [ 18.36879641620292, 57.47010045037076 ], [ 18.36481152459081, 57.46661072976183 ], [ 18.3628647894804, 57.46493443260154 ], [ 18.36898906746549, 57.46300001193816 ], [ 18.37240135203979, 57.46230629917375 ], [ 18.37612622302778, 57.46200132131413 ], [ 18.37620611989353, 57.46438460496328 ], [ 18.3762784950396, 57.46660193993192 ], [ 18.37636715723301, 57.46896267717226 ], [ 18.38113042465265, 57.46750001938616 ], [ 18.38455254755755, 57.46670696284001 ], [ 18.38719848475, 57.46557484129233 ], [ 18.38612515468587, 57.46376879829302 ], [ 18.383448973419, 57.46210324583726 ], [ 18.3809113375772, 57.46071339759752 ], [ 18.38133604822006, 57.45682857882583 ], [ 18.38611112375009, 57.45916525562133 ], [ 18.38922072043905, 57.46027385406506 ], [ 18.39222008186294, 57.4612049631469 ], [ 18.39501433918758, 57.46229743639047 ], [ 18.40003079571602, 57.46325429719283 ], [ 18.40228195379526, 57.46476206317055 ], [ 18.40596938847709, 57.46334305798623 ], [ 18.40772099793175, 57.46174831012135 ], [ 18.40929464004325, 57.46002702876035 ], [ 18.41547195557697, 57.46069426863102 ], [ 18.41802391854551, 57.45680564527176 ], [ 18.42108175356391, 57.4558349516827 ], [ 18.42550543702317, 57.45602149611186 ], [ 18.42844812555846, 57.45211104170153 ], [ 18.42870726552541, 57.45025963824769 ], [ 18.42912154357125, 57.44816242761521 ] ] ] ] } },
{ "type": "Feature", "properties": { "AREA": 12169520.527945016, "PERIMETER": 19826.640793236071, "SCNRSEIE_": 1783, "SCNRSEIE_I": 4515, "SNID_1": "979", "SNID_2": "0979", "SNID_3": "0979", "SNID_4": 979.0, "NAMN": "Västergarn", "LAN": "Gotlands län", "NOT_": null, "KOMMENTAR": null, "SCNRSEIE_A": 19544873.505, "SCNRSEIE_P": 31419.788, "HECTARES": 1216.9520527945001 }, "geometry": { "type": "MultiPolygon", "coordinates": [ [ [ [ 18.12644257079452, 57.45815178118043 ], [ 18.12919863293453, 57.4577936773546 ], [ 18.13327578681315, 57.45773193718387 ], [ 18.13718330216485, 57.45876905538462 ], [ 18.14067933287664, 57.45812053913635 ], [ 18.14285399585978, 57.46017312906561 ], [ 18.14681035857181, 57.46095751669217 ], [ 18.15007657076509, 57.46046114213323 ], [ 18.15019518158766, 57.45785410608851 ], [ 18.1573164328085, 57.46175902939243 ], [ 18.15171569122666, 57.46344430527338 ], [ 18.15079742951795, 57.46559910515069 ], [ 18.15254951423464, 57.46826125527206 ], [ 18.15658389623303, 57.46775504864935 ], [ 18.16496852669907, 57.46618363217382 ], [ 18.17272061866001, 57.46409815574915 ], [ 18.17797455921037, 57.46553086030158 ], [ 18.18032224219745, 57.46703168581268 ], [ 18.18407203171906, 57.46736964861273 ], [ 18.18729665661498, 57.4680902279276 ], [ 18.19078517167236, 57.46777284707984 ], [ 18.19326857678598, 57.46639192999803 ], [ 18.19732998985069, 57.46594663907734 ], [ 18.20198176049663, 57.46857107326711 ], [ 18.20520830830834, 57.46689730735825 ], [ 18.2012321090492, 57.46402667988558 ], [ 18.20160646925184, 57.46216919442786 ], [ 18.19743831713659, 57.46141747835778 ], [ 18.19811642069179, 57.45875473108744 ], [ 18.20041162248811, 57.45677095428028 ], [ 18.20356085197975, 57.45399392193072 ], [ 18.19872847762003, 57.4528506432732 ], [ 18.20000460919245, 57.45025737318505 ], [ 18.20580195421067, 57.44940368960478 ], [ 18.20675656832907, 57.44729498267314 ], [ 18.19598961391079, 57.44538425140718 ], [ 18.19295227216454, 57.44757515691762 ], [ 18.19011868548662, 57.44909297389779 ], [ 18.18589307594877, 57.44906504415302 ], [ 18.18340019580056, 57.44768834014407 ], [ 18.1787520923115, 57.44492852913384 ], [ 18.17523809446992, 57.44498116486461 ], [ 18.17483751098638, 57.44104084708188 ], [ 18.1726304075755, 57.4384639855007 ], [ 18.16851095731489, 57.43382995833758 ], [ 18.16389672246878, 57.4354030171129 ], [ 18.15617617129854, 57.43574937951949 ], [ 18.14692176403715, 57.43581384660794 ], [ 18.14377530600352, 57.43505488952372 ], [ 18.1425615716427, 57.43478471670477 ], [ 18.14240507118567, 57.43508032200942 ], [ 18.14199760093612, 57.43600407699969 ], [ 18.14232359182616, 57.43824362167428 ], [ 18.14132176264221, 57.43898976257592 ], [ 18.1350992344517, 57.43779350677607 ], [ 18.1295083157958, 57.43840871376188 ], [ 18.12038108435501, 57.43947490687403 ], [ 18.11929649989877, 57.44050083798843 ], [ 18.12277981795572, 57.44342795102934 ], [ 18.12297441180089, 57.4449244165824 ], [ 18.12354015987062, 57.44991715045193 ], [ 18.12451474383782, 57.4505728979213 ], [ 18.12848870422831, 57.45096681199262 ], [ 18.12939200099932, 57.45207295156755 ], [ 18.12389544992022, 57.45658445499297 ], [ 18.12392139769508, 57.45725764892575 ], [ 18.12499168792454, 57.45757928985981 ], [ 18.12623673805824, 57.45750248462095 ], [ 18.12636974824643, 57.45776052254231 ], [ 18.12644257079452, 57.45815178118043 ] ] ] ] } },
{ "type": "Feature", "properties": { "AREA": 38883449.736466229, "PERIMETER": 38158.201840725502, "SCNRSEIE_": 1784, "SCNRSEIE_I": 4517, "SNID_1": "961", "SNID_2": "0961", "SNID_3": "0961", "SNID_4": 961.0, "NAMN": "Sanda", "LAN": "Gotlands län", "NOT_": null, "KOMMENTAR": null, "SCNRSEIE_A": 41548464.503, "SCNRSEIE_P": 37647.862, "HECTARES": 3888.34497364662 }, "geometry": { "type": "MultiPolygon", "coordinates": [ [ [ [ 18.27432964767057, 57.41094790810646 ], [ 18.26905208676525, 57.41015746411483 ], [ 18.2687422846868, 57.40811545829251 ], [ 18.26818257000993, 57.40538670605274 ], [ 18.26741939253709, 57.40337602253215 ], [ 18.25573032301818, 57.39928774695022 ], [ 18.25393052850074, 57.40414192990061 ], [ 18.24454546720632, 57.40306192672146 ], [ 18.23807649970813, 57.40862154568897 ], [ 18.23770423421464, 57.41562178513607 ], [ 18.23128537969794, 57.41568612744287 ], [ 18.22640252927243, 57.41410127279274 ], [ 18.22809258328884, 57.4124070388884 ], [ 18.22999340469424, 57.4088043313849 ], [ 18.22607069973033, 57.40787371958946 ], [ 18.22142063454222, 57.40521433951791 ], [ 18.22115855011469, 57.40075948018329 ], [ 18.22094415559014, 57.39769154435019 ], [ 18.21725459325311, 57.39785208271535 ], [ 18.21042371146833, 57.39749310524854 ], [ 18.20781448014412, 57.39620456380991 ], [ 18.20536170588299, 57.39498475671402 ], [ 18.19889403773569, 57.39402992490047 ], [ 18.19580493533566, 57.39494192024554 ], [ 18.19213771270204, 57.39464314856333 ], [ 18.1872102741321, 57.39424692542403 ], [ 18.18534630321599, 57.39399595842558 ], [ 18.1851724965823, 57.39421810515186 ], [ 18.18505217882257, 57.39544200125795 ], [ 18.1847193111512, 57.39672380737399 ], [ 18.18415725137148, 57.39806383581329 ], [ 18.18222751152646, 57.39909732331904 ], [ 18.18036059584669, 57.39930320519416 ], [ 18.1780280549022, 57.39462236877969 ], [ 18.17894274220707, 57.39410211458711 ], [ 18.18061195921281, 57.394187419496 ], [ 18.18206516532817, 57.39427677864311 ], [ 18.1820631978681, 57.39398937534386 ], [ 18.18177423895716, 57.39312352388416 ], [ 18.18141070296973, 57.3921333235632 ], [ 18.18058415275203, 57.39048242746258 ], [ 18.17961600179089, 57.38979923988793 ], [ 18.17902585123127, 57.38972606713349 ], [ 18.17658672398462, 57.39111040694017 ], [ 18.17121444374665, 57.39164259710945 ], [ 18.1699939636562, 57.39258173046225 ], [ 18.16470818435516, 57.39679482601607 ], [ 18.16475142836367, 57.39746770069795 ], [ 18.16703437944567, 57.39726323295193 ], [ 18.17106088502715, 57.39468156128945 ], [ 18.17260495806616, 57.39437409347921 ], [ 18.17356791228593, 57.39485901080947 ], [ 18.17363463028501, 57.39615123472063 ], [ 18.17258025786029, 57.39992573273684 ], [ 18.17000476335882, 57.40411502616612 ], [ 18.16591253129666, 57.40569184512948 ], [ 18.16174546526953, 57.40559020965837 ], [ 18.15883384775928, 57.40378527288491 ], [ 18.15749096636192, 57.40386424843962 ], [ 18.15669672810145, 57.4047144418355 ], [ 18.15706088237184, 57.40572265919295 ], [ 18.16116398642463, 57.40845750108905 ], [ 18.15937128912893, 57.40982939330872 ], [ 18.154657434026, 57.40951317317858 ], [ 18.14960484731766, 57.41223015139563 ], [ 18.14915589467584, 57.41614584802129 ], [ 18.14789415256694, 57.42401992068174 ], [ 18.14787051645, 57.42677795170221 ], [ 18.14463869619877, 57.43171541070502 ], [ 18.14375541296382, 57.43299455434617 ], [ 18.14377530600352, 57.43505488952372 ], [ 18.14692176403715, 57.43581384660794 ], [ 18.15617617129854, 57.43574937951949 ], [ 18.16389672246878, 57.4354030171129 ], [ 18.16851095731489, 57.43382995833758 ], [ 18.1726304075755, 57.4384639855007 ], [ 18.17483751098638, 57.44104084708188 ], [ 18.17523809446992, 57.44498116486461 ], [ 18.1787520923115, 57.44492852913384 ], [ 18.18340019580056, 57.44768834014407 ], [ 18.18589307594877, 57.44906504415302 ], [ 18.19011868548662, 57.44909297389779 ], [ 18.19295227216454, 57.44757515691762 ], [ 18.19598961391079, 57.44538425140718 ], [ 18.20675656832907, 57.44729498267314 ], [ 18.20580195421067, 57.44940368960478 ], [ 18.20000460919245, 57.45025737318505 ], [ 18.19872847762003, 57.4528506432732 ], [ 18.20356085197975, 57.45399392193072 ], [ 18.20041162248811, 57.45677095428028 ], [ 18.19811642069179, 57.45875473108744 ], [ 18.19743831713659, 57.46141747835778 ], [ 18.20160646925184, 57.46216919442786 ], [ 18.2012321090492, 57.46402667988558 ], [ 18.20520830830834, 57.46689730735825 ], [ 18.20833070305963, 57.46624503548085 ], [ 18.21347460837613, 57.46445814201972 ], [ 18.21594944594411, 57.46213835118726 ], [ 18.21862838886265, 57.45963484474697 ], [ 18.22203917161395, 57.45989291000908 ], [ 18.22459085462452, 57.45373576238941 ], [ 18.22639667315025, 57.45073686857433 ], [ 18.22981243185429, 57.45266849358678 ], [ 18.23443526225128, 57.45150293664371 ], [ 18.24100175107913, 57.45032976675604 ], [ 18.24576866520143, 57.44947407373444 ], [ 18.25230770971785, 57.44995818495205 ], [ 18.25608753982457, 57.44848792716476 ], [ 18.26049960288441, 57.44598121539818 ], [ 18.26092312735862, 57.44276165351281 ], [ 18.26712665615244, 57.44452699246744 ], [ 18.26756817995508, 57.44232667359455 ], [ 18.27406325645023, 57.44350205713656 ], [ 18.27301181154317, 57.44109288205184 ], [ 18.27446525618696, 57.43908373802388 ], [ 18.27516375675103, 57.43677944068154 ], [ 18.27563561549896, 57.43460535527031 ], [ 18.27380392714822, 57.43099421642211 ], [ 18.27290548107439, 57.429152405889 ], [ 18.27173219321914, 57.42705994085469 ], [ 18.27333356734232, 57.42524554543748 ], [ 18.27511174647097, 57.42336917740436 ], [ 18.27541222039783, 57.42149490036235 ], [ 18.27589965335468, 57.41958550880315 ], [ 18.27585118716314, 57.41778544386614 ], [ 18.27498006463121, 57.41597455896938 ], [ 18.2738409548475, 57.41361193719541 ], [ 18.27432964767057, 57.41094790810646 ] ] ] ] } },
{ "type": "Feature", "properties": { "AREA": 32180965.550323009, "PERIMETER": 32139.649706324049, "SCNRSEIE_": 1787, "SCNRSEIE_I": 4526, "SNID_1": "893", "SNID_2": "0893", "SNID_3": "0893", "SNID_4": 893.0, "NAMN": "Ala", "LAN": "Gotlands län", "NOT_": null, "KOMMENTAR": null, "SCNRSEIE_A": 31669075.986999996, "SCNRSEIE_P": 32399.646, "HECTARES": 3218.0965550322999 }, "geometry": { "type": "MultiPolygon", "coordinates": [ [ [ [ 18.62612032220021, 57.38581449356246 ], [ 18.62323911581329, 57.38715358043821 ], [ 18.61796526501379, 57.38818335221359 ], [ 18.61439237185849, 57.38843762070682 ], [ 18.6131121607517, 57.38468472577401 ], [ 18.60884297634628, 57.38419137346349 ], [ 18.60251156511534, 57.38345630076309 ], [ 18.59090945461017, 57.38211888704461 ], [ 18.58893756540211, 57.38542809390354 ], [ 18.58667442556043, 57.3874769830874 ], [ 18.58705520612713, 57.39028053593211 ], [ 18.5821096708139, 57.38972934016333 ], [ 18.5782797574855, 57.3892433216169 ], [ 18.57995975463999, 57.39245841789789 ], [ 18.58100566871461, 57.39432641675149 ], [ 18.58256225765577, 57.39727915375133 ], [ 18.58442883507508, 57.40061137752935 ], [ 18.58909711488191, 57.40044986918141 ], [ 18.59408005793654, 57.40026774728 ], [ 18.59398735014057, 57.40400258855237 ], [ 18.59383705588391, 57.40845727818188 ], [ 18.59378792191038, 57.41049317495284 ], [ 18.5936758833778, 57.41435871324557 ], [ 18.59363173670018, 57.41689753521168 ], [ 18.59255919385091, 57.42099536932257 ], [ 18.58947477989755, 57.42560486244604 ], [ 18.5837477735774, 57.42604125806147 ], [ 18.58111949824248, 57.42476060016546 ], [ 18.57717551174298, 57.42504509725054 ], [ 18.57053948073639, 57.4267315635933 ], [ 18.5749498618328, 57.42853929252735 ], [ 18.57722856021525, 57.43397811548527 ], [ 18.57829753240815, 57.43687883707338 ], [ 18.57928006433929, 57.43957023872546 ], [ 18.57996453678752, 57.44145968005694 ], [ 18.56405445677803, 57.44857815203227 ], [ 18.56655625760955, 57.45059857363053 ], [ 18.57170668295471, 57.44881912136328 ], [ 18.57605387301001, 57.44733122124725 ], [ 18.57956985877704, 57.44612193084553 ], [ 18.5822530172454, 57.44769332893246 ], [ 18.58330177604624, 57.45053597532031 ], [ 18.58556189941278, 57.4565995766585 ], [ 18.59007299962932, 57.46224948373386 ], [ 18.6007084934965, 57.46161886046541 ], [ 18.59956445997469, 57.45561161940183 ], [ 18.60721783315913, 57.45529796757784 ], [ 18.61088321946849, 57.45514456048822 ], [ 18.61763232292331, 57.44997674686926 ], [ 18.62176081413592, 57.44674922544851 ], [ 18.62409201908014, 57.44491384843271 ], [ 18.62723297133861, 57.44242688726247 ], [ 18.63055538269361, 57.43978762147396 ], [ 18.63342633209734, 57.44101681610439 ], [ 18.6366990296144, 57.44248409155106 ], [ 18.64221592561848, 57.44498333643629 ], [ 18.64698877800713, 57.44284985796661 ], [ 18.6518507537893, 57.43878724848183 ], [ 18.64885172591394, 57.43792514131976 ], [ 18.65236088851676, 57.43414907634695 ], [ 18.65864088446287, 57.42997766032417 ], [ 18.66820586832022, 57.42915429383139 ], [ 18.67249303370371, 57.42703092219683 ], [ 18.67690706817569, 57.42483262997743 ], [ 18.68132447884194, 57.42262959816514 ], [ 18.68406762269937, 57.42124627514229 ], [ 18.68222755076252, 57.41710626310245 ], [ 18.68025706792676, 57.41464477408838 ], [ 18.67449342377307, 57.40742280894389 ], [ 18.66734136287426, 57.40613460095482 ], [ 18.66158881329861, 57.40509728056416 ], [ 18.65776373661071, 57.40441587800949 ], [ 18.65124041788621, 57.40325178385513 ], [ 18.63900591244385, 57.40107953897014 ], [ 18.63413395846628, 57.40021882353422 ], [ 18.63565540773471, 57.39744909015941 ], [ 18.63779216142449, 57.39365471530722 ], [ 18.63887527567859, 57.39170781155683 ], [ 18.64045850515519, 57.38886024268476 ], [ 18.64206054958314, 57.38596280916877 ], [ 18.63186685413703, 57.38636728004187 ], [ 18.62612032220021, 57.38581449356246 ] ] ] ] } },
{ "type": "Feature", "properties": { "AREA": 22743144.91095712, "PERIMETER": 24219.647820688409, "SCNRSEIE_": 1788, "SCNRSEIE_I": 4530, "SNID_1": "983", "SNID_2": "0983", "SNID_3": "0983", "SNID_4": 983.0, "NAMN": "Östergarn", "LAN": "Gotlands län", "NOT_": null, "KOMMENTAR": null, "SCNRSEIE_A": 27711053.583000004, "SCNRSEIE_P": 25129.233, "HECTARES": 2274.3144910957099 }, "geometry": { "type": "MultiPolygon", "coordinates": [ [ [ [ 18.89630167293506, 57.39231791687619 ], [ 18.89494886146613, 57.3944753579497 ], [ 18.89311802912426, 57.39632617889364 ], [ 18.89411680377237, 57.39805825671815 ], [ 18.88799054061038, 57.3995740227993 ], [ 18.88629455463379, 57.39800731662796 ], [ 18.88415955011476, 57.39604248498874 ], [ 18.88016111263587, 57.39596498742637 ], [ 18.87958551132219, 57.39564411292895 ], [ 18.87318531220201, 57.39789619520726 ], [ 18.8704008741994, 57.39823355285964 ], [ 18.86781941349584, 57.3976135379569 ], [ 18.86484092731004, 57.39702108932791 ], [ 18.86144881874021, 57.39645658182838 ], [ 18.85977114104938, 57.39634275000085 ], [ 18.85924641212241, 57.39881456934447 ], [ 18.85920554374319, 57.40104824895646 ], [ 18.85857731405175, 57.40314791065887 ], [ 18.85850714299309, 57.40522955096134 ], [ 18.86077456804891, 57.40754642445452 ], [ 18.86095925863258, 57.40978811069679 ], [ 18.85356626371494, 57.40982351715805 ], [ 18.8501878882005, 57.40984607062051 ], [ 18.84728953214558, 57.40848840351141 ], [ 18.84749065997352, 57.40599478064212 ], [ 18.84766275489281, 57.40365461884176 ], [ 18.84781843758722, 57.40159339361443 ], [ 18.84411177599483, 57.40100010622507 ], [ 18.84205592927953, 57.40305774509993 ], [ 18.83866279451479, 57.4026588186722 ], [ 18.83617703011647, 57.4048570047335 ], [ 18.8330010781203, 57.40769620549699 ], [ 18.82993585172511, 57.41042024945283 ], [ 18.82669873006546, 57.41331016443769 ], [ 18.82243835894352, 57.41892421464398 ], [ 18.8251382927401, 57.42046777578783 ], [ 18.82770211355447, 57.4217988130806 ], [ 18.83068009148945, 57.42287285108277 ], [ 18.83087186364789, 57.42469216719477 ], [ 18.8356272707009, 57.42575483349547 ], [ 18.83593494781711, 57.42904916339442 ], [ 18.83535550629482, 57.4319112534031 ], [ 18.83470976158881, 57.435057875299 ], [ 18.8340447962189, 57.43834872613787 ], [ 18.83405670079256, 57.43945515469586 ], [ 18.83787020284978, 57.43957743369008 ], [ 18.84255639546143, 57.43942861299753 ], [ 18.84627986012047, 57.43912316736085 ], [ 18.84862611072966, 57.4382848593827 ], [ 18.85101697006705, 57.43537898043885 ], [ 18.854403369981, 57.43463220754612 ], [ 18.8628535497278, 57.4346789709394 ], [ 18.86601947035135, 57.43528492317117 ], [ 18.86799923959756, 57.43664739276833 ], [ 18.86933036024599, 57.44200579423559 ], [ 18.87132863522688, 57.44358339820519 ], [ 18.87370367600677, 57.44488225929287 ], [ 18.87647152519554, 57.44549765657061 ], [ 18.88185234147879, 57.44488121587553 ], [ 18.88270376845439, 57.4439080497045 ], [ 18.88273580339546, 57.44290098557792 ], [ 18.88499274815181, 57.44318725615593 ], [ 18.88743415821515, 57.44348694378463 ], [ 18.89310246080489, 57.44351886476203 ], [ 18.89806339174998, 57.43872513514299 ], [ 18.90438183254524, 57.4316785674065 ], [ 18.91341654429014, 57.42546312078822 ], [ 18.91568537729882, 57.42177725636055 ], [ 18.92338486497438, 57.42301546180327 ], [ 18.9265815497431, 57.42261282784415 ], [ 18.92867597362636, 57.42139287613798 ], [ 18.92938732891348, 57.41957826332654 ], [ 18.92692416882995, 57.41548834271498 ], [ 18.92284967397375, 57.40908425552431 ], [ 18.9187692874742, 57.40298568240399 ], [ 18.91634830525394, 57.40113175834577 ], [ 18.90665491118765, 57.39652810112031 ], [ 18.90028919515204, 57.39406120065461 ], [ 18.89746369650427, 57.39291768928187 ], [ 18.89639181756901, 57.39244086612544 ], [ 18.89630167293506, 57.39231791687619 ] ] ] ] } },
{ "type": "Feature", "properties": { "AREA": 39391838.592183352, "PERIMETER": 32600.752440665059, "SCNRSEIE_": 1789, "SCNRSEIE_I": 4533, "SNID_1": "921", "SNID_2": "0921", "SNID_3": "0921", "SNID_4": 921.0, "NAMN": "Gammelgarn", "LAN": "Gotlands län", "NOT_": null, "KOMMENTAR": null, "SCNRSEIE_A": 42374574.617, "SCNRSEIE_P": 48811.835, "HECTARES": 3939.1838592183399 }, "geometry": { "type": "MultiPolygon", "coordinates": [ [ [ [ 18.76733318625628, 57.36607516989316 ], [ 18.76451491027101, 57.36838268540514 ], [ 18.762963508429, 57.3699733980306 ], [ 18.7571208832017, 57.37595490207658 ], [ 18.74533340291104, 57.38780249228915 ], [ 18.73935779735877, 57.39380406789127 ], [ 18.7360736431379, 57.39708792209027 ], [ 18.72729707202388, 57.40586280198632 ], [ 18.73264881745244, 57.40883805247447 ], [ 18.73766960592261, 57.41164557892984 ], [ 18.7453337392274, 57.41919784542503 ], [ 18.75169223284252, 57.41818230749233 ], [ 18.75338321843858, 57.42096375614767 ], [ 18.75679750000838, 57.42650347353298 ], [ 18.76247695294438, 57.42668466386834 ], [ 18.76577498974555, 57.42632875737279 ], [ 18.7700204351181, 57.4257167596389 ], [ 18.7788492835884, 57.42407113779263 ], [ 18.78016645056939, 57.42642540096154 ], [ 18.78393701275905, 57.42594104491987 ], [ 18.7877246632561, 57.4258738846375 ], [ 18.78652502908366, 57.43003956553199 ], [ 18.78536120534185, 57.43406061868421 ], [ 18.79098240512225, 57.43591306047127 ], [ 18.79050768318034, 57.43885318421221 ], [ 18.78951543166731, 57.44359799897671 ], [ 18.79949848428713, 57.44571051526166 ], [ 18.80179078067683, 57.44603996388106 ], [ 18.80203265747728, 57.44569976200338 ], [ 18.80445445471528, 57.44454604830988 ], [ 18.80610086985278, 57.44389591121291 ], [ 18.80933169783988, 57.44285759566426 ], [ 18.81122725459421, 57.44159050911917 ], [ 18.81442032024984, 57.43827091544028 ], [ 18.81745178340736, 57.43826136744298 ], [ 18.82557664740831, 57.44263994723585 ], [ 18.83017240339827, 57.44260157545109 ], [ 18.83210665051859, 57.44080315070691 ], [ 18.83327229631326, 57.43978684901824 ], [ 18.83402788899193, 57.43945423040963 ], [ 18.83405670079256, 57.43945515469586 ], [ 18.8340447962189, 57.43834872613787 ], [ 18.83470976158881, 57.435057875299 ], [ 18.83535550629482, 57.4319112534031 ], [ 18.83593494781711, 57.42904916339442 ], [ 18.8356272707009, 57.42575483349547 ], [ 18.83087186364789, 57.42469216719477 ], [ 18.83068009148945, 57.42287285108277 ], [ 18.82770211355447, 57.4217988130806 ], [ 18.8251382927401, 57.42046777578783 ], [ 18.82243835894352, 57.41892421464398 ], [ 18.82669873006546, 57.41331016443769 ], [ 18.82993585172511, 57.41042024945283 ], [ 18.8330010781203, 57.40769620549699 ], [ 18.83617703011647, 57.4048570047335 ], [ 18.83866279451479, 57.4026588186722 ], [ 18.84205592927953, 57.40305774509993 ], [ 18.84411177599483, 57.40100010622507 ], [ 18.84781843758722, 57.40159339361443 ], [ 18.84766275489281, 57.40365461884176 ], [ 18.84749065997352, 57.40599478064212 ], [ 18.84728953214558, 57.40848840351141 ], [ 18.8501878882005, 57.40984607062051 ], [ 18.85356626371494, 57.40982351715805 ], [ 18.86095925863258, 57.40978811069679 ], [ 18.86077456804891, 57.40754642445452 ], [ 18.85850714299309, 57.40522955096134 ], [ 18.85857731405175, 57.40314791065887 ], [ 18.85920554374319, 57.40104824895646 ], [ 18.85924641212241, 57.39881456934447 ], [ 18.85977114104938, 57.39634275000085 ], [ 18.85862035448869, 57.39626465480586 ], [ 18.85681024420292, 57.39611087868487 ], [ 18.85330922989201, 57.39523433302831 ], [ 18.85016504122643, 57.39344161881122 ], [ 18.84696136589962, 57.38831698554704 ], [ 18.84392732545033, 57.38342178471193 ], [ 18.84185250407712, 57.38207025956935 ], [ 18.8371558261867, 57.38059320641106 ], [ 18.83425341198899, 57.38210959628944 ], [ 18.82714682572518, 57.38186711525186 ], [ 18.82336229246834, 57.38115829133481 ], [ 18.818043220553, 57.37715284528904 ], [ 18.8109163026117, 57.37014463604023 ], [ 18.80824428738248, 57.36919317566733 ], [ 18.80660902295067, 57.36973531474526 ], [ 18.8059974068158, 57.3712053824475 ], [ 18.80430782174492, 57.37230582123276 ], [ 18.79699672813173, 57.37340521878984 ], [ 18.78856405393518, 57.37216787647873 ], [ 18.78604866050312, 57.37170637981287 ], [ 18.78356374066427, 57.37141481591646 ], [ 18.78048786004984, 57.37121803426401 ], [ 18.77756892645181, 57.37008309718129 ], [ 18.77563674143049, 57.36922129355511 ], [ 18.77362666609896, 57.36821754884858 ], [ 18.76934862576934, 57.36671916477676 ], [ 18.76733318625628, 57.36607516989316 ] ] ] ] } },
{ "type": "Feature", "properties": { "AREA": 1649859.163654685, "PERIMETER": 8300.5917213355006, "SCNRSEIE_": 1790, "SCNRSEIE_I": 4535, "SNID_1": "921", "SNID_2": "0921", "SNID_3": "0921", "SNID_4": 921.0, "NAMN": "Gammelgarn", "LAN": "Gotlands län", "NOT_": null, "KOMMENTAR": null, "SCNRSEIE_A": 1694439.346, "SCNRSEIE_P": 8737.348, "HECTARES": 164.98591636546999 }, "geometry": { "type": "MultiPolygon", "coordinates": [ [ [ [ 18.77307574623967, 57.43537482826666 ], [ 18.7605137693754, 57.43254808616694 ], [ 18.75881071648918, 57.43071482409688 ], [ 18.75081779319995, 57.43040778891452 ], [ 18.75242772952179, 57.43665458874226 ], [ 18.75302761582896, 57.43898545862926 ], [ 18.76656133745056, 57.44152507615288 ], [ 18.77037222823564, 57.44223952893175 ], [ 18.77605311731671, 57.44330512933296 ], [ 18.77966730625316, 57.44397901759882 ], [ 18.78325063228067, 57.44465362288851 ], [ 18.78756331286281, 57.44545902831734 ], [ 18.7905894169131, 57.44642505918161 ], [ 18.79272824856885, 57.44828352912404 ], [ 18.79620141310341, 57.44829099340643 ], [ 18.79965386906695, 57.44829885397093 ], [ 18.80106741079069, 57.44830167321737 ], [ 18.80095862225224, 57.44744131466839 ], [ 18.80088035807233, 57.44729942535061 ], [ 18.80158432156334, 57.44633034522008 ], [ 18.80179078067683, 57.44603996388106 ], [ 18.79949848428713, 57.44571051526166 ], [ 18.78951543166731, 57.44359799897671 ], [ 18.78305175185177, 57.44225948229397 ], [ 18.77277597898583, 57.44010757361611 ], [ 18.77293343601964, 57.43791169345187 ], [ 18.77307574623967, 57.43537482826666 ] ] ] ] } },
{ "type": "Feature", "properties": { "AREA": 1763513.775411129, "PERIMETER": 6174.3948403737404, "SCNRSEIE_": 1794, "SCNRSEIE_I": 4545, "SNID_1": "983", "SNID_2": "0983", "SNID_3": "0983", "SNID_4": 983.0, "NAMN": "Östergarn", "LAN": "Gotlands län", "NOT_": null, "KOMMENTAR": null, "SCNRSEIE_A": 1803545.435, "SCNRSEIE_P": 6475.323, "HECTARES": 176.35137754111 }, "geometry": { "type": "MultiPolygon", "coordinates": [ [ [ [ 18.7700204351181, 57.4257167596389 ], [ 18.77194675636215, 57.43040617264241 ], [ 18.77307574623967, 57.43537482826666 ], [ 18.77293343601964, 57.43791169345187 ], [ 18.77277597898583, 57.44010757361611 ], [ 18.78305175185177, 57.44225948229397 ], [ 18.78951543166731, 57.44359799897671 ], [ 18.79050768318034, 57.43885318421221 ], [ 18.79098240512225, 57.43591306047127 ], [ 18.78536120534185, 57.43406061868421 ], [ 18.78652502908366, 57.43003956553199 ], [ 18.7877246632561, 57.4258738846375 ], [ 18.78393701275905, 57.42594104491987 ], [ 18.78016645056939, 57.42642540096154 ], [ 18.7788492835884, 57.42407113779263 ], [ 18.7700204351181, 57.4257167596389 ] ] ] ] } },
{ "type": "Feature", "properties": { "AREA": 17080496.648241937, "PERIMETER": 22819.1341559586, "SCNRSEIE_": 1796, "SCNRSEIE_I": 4550, "SNID_1": "927", "SNID_2": "0927", "SNID_3": "0927", "SNID_4": 927.0, "NAMN": "Guldrupe", "LAN": "Gotlands län", "NOT_": null, "KOMMENTAR": null, "SCNRSEIE_A": 16021547.985, "SCNRSEIE_P": 29032.733, "HECTARES": 1708.0496648241899 }, "geometry": { "type": "MultiPolygon", "coordinates": [ [ [ [ 18.46294186904748, 57.39311841443303 ], [ 18.46442374597079, 57.39026180929923 ], [ 18.466422046567, 57.38612769725702 ], [ 18.4676335105229, 57.38370808590564 ], [ 18.47121991216943, 57.38181300807433 ], [ 18.46722415400883, 57.37757205088102 ], [ 18.46387307153089, 57.37711288660662 ], [ 18.45949668294838, 57.38021463527977 ], [ 18.45677068700337, 57.38271556335054 ], [ 18.4536009785921, 57.38376594281034 ], [ 18.45101319950667, 57.38170028220601 ], [ 18.4475678026802, 57.38129198706422 ], [ 18.44413618173902, 57.38086992114754 ], [ 18.44336241603255, 57.38292084568738 ], [ 18.44078298711817, 57.38791563117434 ], [ 18.43877825024254, 57.3905223363942 ], [ 18.43744001059828, 57.39224811365504 ], [ 18.43619079303658, 57.39394057292674 ], [ 18.43387016213096, 57.39696704856086 ], [ 18.4312339807066, 57.39983376313647 ], [ 18.42767458473509, 57.40361345988561 ], [ 18.4241396562596, 57.40663806166825 ], [ 18.41778248939488, 57.40825673469759 ], [ 18.41178588398535, 57.40974642759544 ], [ 18.40782485882493, 57.41072213030071 ], [ 18.40367807208996, 57.41175095657709 ], [ 18.40727491080183, 57.41616830222642 ], [ 18.41137100758978, 57.4212444471075 ], [ 18.41327566901323, 57.42359007980451 ], [ 18.41115743625339, 57.42544398546928 ], [ 18.4077412848269, 57.42857782534394 ], [ 18.40595864603552, 57.43018214263229 ], [ 18.40378501850414, 57.43205960261766 ], [ 18.40112708576478, 57.43439161132968 ], [ 18.39955139751369, 57.43648567351259 ], [ 18.40574439858444, 57.43728777741941 ], [ 18.40758028198342, 57.43531403471832 ], [ 18.41032871857893, 57.43241403070638 ], [ 18.41510988040288, 57.43374344898134 ], [ 18.41862404328622, 57.43470368531501 ], [ 18.4225889792963, 57.43736571532502 ], [ 18.42493968120415, 57.43890694024076 ], [ 18.42763352961152, 57.44070142790241 ], [ 18.42967483960868, 57.44321019689939 ], [ 18.43104639489827, 57.44488390565913 ], [ 18.42912154357125, 57.44816242761521 ], [ 18.44049286888486, 57.44577372125903 ], [ 18.45073901921908, 57.44495275084852 ], [ 18.45261026915217, 57.44332337977215 ], [ 18.45500058283716, 57.44193462393149 ], [ 18.45868435392222, 57.43882528027891 ], [ 18.45603487779727, 57.43757843824917 ], [ 18.45164503774865, 57.43462988429351 ], [ 18.44781377522614, 57.43237471019197 ], [ 18.44980013076287, 57.43041504525817 ], [ 18.45262075824091, 57.42764290607195 ], [ 18.45461036482386, 57.42619517680353 ], [ 18.45818080674456, 57.42476364112554 ], [ 18.46097677481754, 57.42364920257634 ], [ 18.46032270069322, 57.42139918863567 ], [ 18.46446296782905, 57.41862131858499 ], [ 18.46700777982823, 57.41566150285209 ], [ 18.47028642023906, 57.41160809431251 ], [ 18.46808053467886, 57.40625758459171 ], [ 18.46628469945331, 57.40248272604211 ], [ 18.46327224012288, 57.40049573803226 ], [ 18.46203478958306, 57.39848712945868 ], [ 18.46177892824293, 57.39546956212693 ], [ 18.46294186904748, 57.39311841443303 ] ] ] ] } },
{ "type": "Feature", "properties": { "AREA": 73983284.821693897, "PERIMETER": 48393.050695614758, "SCNRSEIE_": 1801, "SCNRSEIE_I": 4563, "SNID_1": "934", "SNID_2": "0934", "SNID_3": "0934", "SNID_4": 934.0, "NAMN": "Hejde", "LAN": "Gotlands län", "NOT_": null, "KOMMENTAR": null, "SCNRSEIE_A": 72306156.347000003, "SCNRSEIE_P": 60646.239, "HECTARES": 7398.3284821693896 }, "geometry": { "type": "MultiPolygon", "coordinates": [ [ [ [ 18.37005380988065, 57.34902854113424 ], [ 18.36963769211304, 57.35175895208626 ], [ 18.36747571811285, 57.35540629602426 ], [ 18.35979462286975, 57.35213879576191 ], [ 18.35641651369125, 57.35069812815858 ], [ 18.35061614056451, 57.34822850481758 ], [ 18.34562925046909, 57.35008838286679 ], [ 18.34671557518217, 57.35478402024498 ], [ 18.34000250071704, 57.35673402702807 ], [ 18.33330252497428, 57.35649594459547 ], [ 18.33160912942705, 57.35389348374743 ], [ 18.32671317874463, 57.35581069096814 ], [ 18.31889435764899, 57.35500591317215 ], [ 18.30931311524066, 57.35354398653702 ], [ 18.30882956916457, 57.35703001578843 ], [ 18.3091766830626, 57.35938115248393 ], [ 18.30864710832224, 57.3615520746777 ], [ 18.31247746537911, 57.36162407494709 ], [ 18.31575301136418, 57.36306787509621 ], [ 18.31817569026235, 57.36476668446702 ], [ 18.3163952699388, 57.36668869752354 ], [ 18.31477598582948, 57.36826600283118 ], [ 18.31402636330696, 57.37013139627381 ], [ 18.30114803652644, 57.37094435456448 ], [ 18.30023100409899, 57.37289832602 ], [ 18.29948223086819, 57.37472767179561 ], [ 18.29766095976231, 57.37631332564202 ], [ 18.29654968738119, 57.37807346679125 ], [ 18.29399855224821, 57.38033820025275 ], [ 18.29274755557351, 57.38206513168869 ], [ 18.29102509911218, 57.38410688786092 ], [ 18.28874643259862, 57.38573727231812 ], [ 18.28716503000736, 57.38744370924864 ], [ 18.28526257160193, 57.38892296137202 ], [ 18.28456873531064, 57.39093529166732 ], [ 18.286265234555, 57.39255926074944 ], [ 18.28209205948001, 57.39432564002705 ], [ 18.28170594561485, 57.39705048872836 ], [ 18.28220797686133, 57.39971304444269 ], [ 18.277489765501, 57.40257239833198 ], [ 18.28146758386349, 57.40427740795664 ], [ 18.27873949104161, 57.40549868977494 ], [ 18.2837901629358, 57.40934292546147 ], [ 18.27778030422895, 57.41151806768484 ], [ 18.27432964767057, 57.41094790810646 ], [ 18.2738409548475, 57.41361193719541 ], [ 18.27498006463121, 57.41597455896938 ], [ 18.27585118716314, 57.41778544386614 ], [ 18.27589965335468, 57.41958550880315 ], [ 18.27541222039783, 57.42149490036235 ], [ 18.27511174647097, 57.42336917740436 ], [ 18.27333356734232, 57.42524554543748 ], [ 18.27173219321914, 57.42705994085469 ], [ 18.27290548107439, 57.429152405889 ], [ 18.27380392714822, 57.43099421642211 ], [ 18.27563561549896, 57.43460535527031 ], [ 18.27985890904214, 57.43388017789762 ], [ 18.28429744081829, 57.43366268837597 ], [ 18.28359822312298, 57.43108047124029 ], [ 18.290772277202, 57.43019364045249 ], [ 18.29501837169482, 57.43036577808901 ], [ 18.29791232388507, 57.42789225302865 ], [ 18.30258124790132, 57.42804227702832 ], [ 18.30943634412566, 57.42807692726867 ], [ 18.3114583223388, 57.42284914446245 ], [ 18.31515123813575, 57.42249274866062 ], [ 18.32247475536834, 57.42117887585783 ], [ 18.32636969763556, 57.42031492709285 ], [ 18.3328053164, 57.41869038850252 ], [ 18.33837175439686, 57.41735690687553 ], [ 18.34469635216221, 57.41874325808713 ], [ 18.34859082898658, 57.41986384650345 ], [ 18.35236810385109, 57.4212113769908 ], [ 18.35670460671513, 57.42275400884451 ], [ 18.36144646728985, 57.4244635454032 ], [ 18.36821416500552, 57.42691761962269 ], [ 18.37206997804251, 57.42933644599513 ], [ 18.37383553658396, 57.43133062772212 ], [ 18.37718930160501, 57.43070531372296 ], [ 18.38094577734467, 57.43445083897355 ], [ 18.38508706424873, 57.43359361463022 ], [ 18.38225422594856, 57.42978431452939 ], [ 18.38579623647664, 57.42902914529835 ], [ 18.39193527128694, 57.428991185463 ], [ 18.3960294193732, 57.42572000982281 ], [ 18.40234077242956, 57.42354643403677 ], [ 18.39721970265914, 57.42173849775023 ], [ 18.40220753718188, 57.4178134172944 ], [ 18.39677180036157, 57.41351471813307 ], [ 18.40367807208996, 57.41175095657709 ], [ 18.40782485882493, 57.41072213030071 ], [ 18.41178588398535, 57.40974642759544 ], [ 18.41778248939488, 57.40825673469759 ], [ 18.4241396562596, 57.40663806166825 ], [ 18.42767458473509, 57.40361345988561 ], [ 18.4312339807066, 57.39983376313647 ], [ 18.43387016213096, 57.39696704856086 ], [ 18.43619079303658, 57.39394057292674 ], [ 18.43744001059828, 57.39224811365504 ], [ 18.43877825024254, 57.3905223363942 ], [ 18.44078298711817, 57.38791563117434 ], [ 18.44336241603255, 57.38292084568738 ], [ 18.44413618173902, 57.38086992114754 ], [ 18.4475678026802, 57.38129198706422 ], [ 18.45101319950667, 57.38170028220601 ], [ 18.4536009785921, 57.38376594281034 ], [ 18.45677068700337, 57.38271556335054 ], [ 18.45949668294838, 57.38021463527977 ], [ 18.46387307153089, 57.37711288660662 ], [ 18.45744690194916, 57.37615694741438 ], [ 18.44881439462413, 57.37310451133021 ], [ 18.45340367945058, 57.36935180120079 ], [ 18.4582377054574, 57.36537373789414 ], [ 18.46114516141695, 57.36295876122649 ], [ 18.45846600926224, 57.36156900057025 ], [ 18.46094818301573, 57.35951337534338 ], [ 18.46393542471939, 57.35732124504541 ], [ 18.46151253621302, 57.35576433656787 ], [ 18.45502858264249, 57.35357880387689 ], [ 18.44443620186286, 57.35208559588849 ], [ 18.44395601507265, 57.34988126456717 ], [ 18.44683548445514, 57.34788945408093 ], [ 18.44334547706222, 57.34467026699091 ], [ 18.43871500412335, 57.34370274031055 ], [ 18.43343658917583, 57.34459012676393 ], [ 18.42607211603438, 57.3421790475426 ], [ 18.42633379060068, 57.33836023036113 ], [ 18.42222063912595, 57.33556664518608 ], [ 18.42010691160138, 57.33848979094903 ], [ 18.41579848763176, 57.34468343752361 ], [ 18.41013952055997, 57.35010970876593 ], [ 18.40626000698466, 57.35247160876256 ], [ 18.40154833580527, 57.3523219295632 ], [ 18.39407667165931, 57.35035581264174 ], [ 18.38976999374244, 57.34845906065305 ], [ 18.39051677491899, 57.34492678868814 ], [ 18.3875616712456, 57.3429213404296 ], [ 18.38522001066703, 57.34649079294345 ], [ 18.37998540509557, 57.34630602653616 ], [ 18.37591374515583, 57.34704050698353 ], [ 18.37005380988065, 57.34902854113424 ] ] ] ] } },
{ "type": "Feature", "properties": { "AREA": 31069115.337775469, "PERIMETER": 24955.349120590428, "SCNRSEIE_": 1802, "SCNRSEIE_I": 4566, "SNID_1": "905", "SNID_2": "0905", "SNID_3": "0905", "SNID_4": 905.0, "NAMN": "Buttle", "LAN": "Gotlands län", "NOT_": null, "KOMMENTAR": null, "SCNRSEIE_A": 30402955.764, "SCNRSEIE_P": 30620.984, "HECTARES": 3106.9115337775502 }, "geometry": { "type": "MultiPolygon", "coordinates": [ [ [ [ 18.46294186904748, 57.39311841443303 ], [ 18.46177892824293, 57.39546956212693 ], [ 18.46203478958306, 57.39848712945868 ], [ 18.46327224012288, 57.40049573803226 ], [ 18.46628469945331, 57.40248272604211 ], [ 18.46808053467886, 57.40625758459171 ], [ 18.47430641631471, 57.40714358826364 ], [ 18.47727959771125, 57.4087738764407 ], [ 18.48242427737691, 57.41181331246815 ], [ 18.48574721135473, 57.4154573173923 ], [ 18.49068495711383, 57.41539258339238 ], [ 18.49770997486039, 57.41524263297647 ], [ 18.50216535731809, 57.41515631395767 ], [ 18.50655879874472, 57.41507565800867 ], [ 18.5108145754151, 57.41059140180631 ], [ 18.51769895526417, 57.41029217665506 ], [ 18.51471115644311, 57.41404716244188 ], [ 18.52414913864848, 57.41369107948854 ], [ 18.52772459552291, 57.413555455983 ], [ 18.53209363460665, 57.41340255417678 ], [ 18.53645915623709, 57.41387389713458 ], [ 18.54183341087643, 57.41665002736767 ], [ 18.54355587532459, 57.41895274499577 ], [ 18.54691186613511, 57.42244626183238 ], [ 18.54974718621016, 57.42556470735656 ], [ 18.55225093580292, 57.42725292862735 ], [ 18.56151952549924, 57.4265968836044 ], [ 18.56781970354951, 57.42561445497052 ], [ 18.57053948073639, 57.4267315635933 ], [ 18.57717551174298, 57.42504509725054 ], [ 18.58111949824248, 57.42476060016546 ], [ 18.5837477735774, 57.42604125806147 ], [ 18.58947477989755, 57.42560486244604 ], [ 18.59255919385091, 57.42099536932257 ], [ 18.59363173670018, 57.41689753521168 ], [ 18.5936758833778, 57.41435871324557 ], [ 18.59378792191038, 57.41049317495284 ], [ 18.59383705588391, 57.40845727818188 ], [ 18.59398735014057, 57.40400258855237 ], [ 18.59408005793654, 57.40026774728 ], [ 18.58909711488191, 57.40044986918141 ], [ 18.58442883507508, 57.40061137752935 ], [ 18.58256225765577, 57.39727915375133 ], [ 18.58100566871461, 57.39432641675149 ], [ 18.57995975463999, 57.39245841789789 ], [ 18.5782797574855, 57.3892433216169 ], [ 18.57997598218613, 57.38593138119899 ], [ 18.57444215406758, 57.38440924219083 ], [ 18.56964084274682, 57.3819768298363 ], [ 18.56696851658999, 57.38064297595664 ], [ 18.56357175951283, 57.38034468199265 ], [ 18.55975980580957, 57.38002833479872 ], [ 18.55222208907841, 57.37940249110758 ], [ 18.54871056979899, 57.37915112834139 ], [ 18.53880786511216, 57.37833791912318 ], [ 18.53044460840881, 57.37767030128136 ], [ 18.5286615802311, 57.37495995632639 ], [ 18.52322049579202, 57.37593096284007 ], [ 18.51308036094695, 57.37773951434806 ], [ 18.5096903750414, 57.37834245353923 ], [ 18.50484276918378, 57.37922803060505 ], [ 18.4990321841076, 57.37906050441418 ], [ 18.49290129260643, 57.37889065258842 ], [ 18.48603636624926, 57.379086427846 ], [ 18.48077089584697, 57.38006531451296 ], [ 18.47534453642854, 57.38106536031885 ], [ 18.47121991216943, 57.38181300807433 ], [ 18.4676335105229, 57.38370808590564 ], [ 18.466422046567, 57.38612769725702 ], [ 18.46442374597079, 57.39026180929923 ], [ 18.46294186904748, 57.39311841443303 ] ] ] ] } },
{ "type": "Feature", "properties": { "AREA": 40976667.761851668, "PERIMETER": 30585.626140644359, "SCNRSEIE_": 1806, "SCNRSEIE_I": 4573, "SNID_1": "897", "SNID_2": "0897", "SNID_3": "0897", "SNID_4": 897.0, "NAMN": "Ardre", "LAN": "Gotlands län", "NOT_": null, "KOMMENTAR": null, "SCNRSEIE_A": 41749552.99, "SCNRSEIE_P": 36379.893, "HECTARES": 4097.6667761851704 }, "geometry": { "type": "MultiPolygon", "coordinates": [ [ [ [ 18.69144546704887, 57.33453394793307 ], [ 18.69284397968104, 57.33687359405783 ], [ 18.69475429580735, 57.34006851198153 ], [ 18.69615105835929, 57.3424082552331 ], [ 18.70005666693271, 57.34407931110454 ], [ 18.70350531284096, 57.34556320249874 ], [ 18.70406414900753, 57.347356110139 ], [ 18.7004491231508, 57.35025135259547 ], [ 18.69790804724138, 57.35228189655248 ], [ 18.692939354049, 57.35279575457105 ], [ 18.68571253255694, 57.35437642171478 ], [ 18.67884506672725, 57.3570803654918 ], [ 18.67469235228538, 57.35871593073445 ], [ 18.6688740031843, 57.3609821683943 ], [ 18.66401833732674, 57.36288933639075 ], [ 18.65872702344672, 57.36283421592758 ], [ 18.6545313047806, 57.36280807329085 ], [ 18.6533243046757, 57.36557546935236 ], [ 18.65236383995207, 57.3677443685998 ], [ 18.65159910651287, 57.36954494941486 ], [ 18.6474866762869, 57.37847810770903 ], [ 18.64631705581233, 57.3809706559783 ], [ 18.64396684383576, 57.38329984296375 ], [ 18.64206054958314, 57.38596280916877 ], [ 18.64045850515519, 57.38886024268476 ], [ 18.63887527567859, 57.39170781155683 ], [ 18.63779216142449, 57.39365471530722 ], [ 18.63565540773471, 57.39744909015941 ], [ 18.63413395846628, 57.40021882353422 ], [ 18.63900591244385, 57.40107953897014 ], [ 18.65124041788621, 57.40325178385513 ], [ 18.65776373661071, 57.40441587800949 ], [ 18.66158881329861, 57.40509728056416 ], [ 18.66734136287426, 57.40613460095482 ], [ 18.67449342377307, 57.40742280894389 ], [ 18.67852678106834, 57.40429868304465 ], [ 18.68544073681219, 57.40533562945181 ], [ 18.69180617012933, 57.40627247442747 ], [ 18.69763286496046, 57.40712702709818 ], [ 18.70798611331268, 57.40867223245861 ], [ 18.71266630778841, 57.40534346305274 ], [ 18.71626828119144, 57.4041686799148 ], [ 18.71988569485047, 57.40319109744073 ], [ 18.7240319062184, 57.40682344661388 ], [ 18.72729707202388, 57.40586280198632 ], [ 18.7360736431379, 57.39708792209027 ], [ 18.73935779735877, 57.39380406789127 ], [ 18.74533340291104, 57.38780249228915 ], [ 18.7571208832017, 57.37595490207658 ], [ 18.762963508429, 57.3699733980306 ], [ 18.76451491027101, 57.36838268540514 ], [ 18.76733318625628, 57.36607516989316 ], [ 18.76591808419758, 57.36562296818675 ], [ 18.76380747470638, 57.36501674799759 ], [ 18.76113124961788, 57.36419917176913 ], [ 18.7578411483781, 57.36318930540687 ], [ 18.75646673744749, 57.36263756485574 ], [ 18.75312587823856, 57.36078424529767 ], [ 18.75067576435932, 57.35842484329256 ], [ 18.74402645890794, 57.3509436771261 ], [ 18.74059424625569, 57.34667541138726 ], [ 18.73591665907995, 57.34553564636498 ], [ 18.72561572643573, 57.34158852934956 ], [ 18.72277544239841, 57.34013609854709 ], [ 18.7172551675343, 57.33525980238769 ], [ 18.71411968712913, 57.33195429137795 ], [ 18.71385954250669, 57.32971425836532 ], [ 18.71494740459766, 57.32855708810461 ], [ 18.71733161244096, 57.32594141011809 ], [ 18.71668921582223, 57.32265009240597 ], [ 18.71032610759362, 57.32198865754606 ], [ 18.69869635981591, 57.32087319651693 ], [ 18.69522520924342, 57.32023427760837 ], [ 18.69373480550351, 57.31986423127093 ], [ 18.69321289431483, 57.3196921262804 ], [ 18.69261065054162, 57.32109383869196 ], [ 18.69130081470075, 57.32540933768401 ], [ 18.69005006477163, 57.32974143411601 ], [ 18.68962924966293, 57.33278444887407 ], [ 18.69144546704887, 57.33453394793307 ] ] ] ] } },
{ "type": "Feature", "properties": { "AREA": 26907810.017146409, "PERIMETER": 36090.110415452131, "SCNRSEIE_": 1808, "SCNRSEIE_I": 4576, "SNID_1": "941", "SNID_2": "0941", "SNID_3": "0941", "SNID_4": 941.0, "NAMN": "Klinte", "LAN": "Gotlands län", "NOT_": null, "KOMMENTAR": null, "SCNRSEIE_A": 28729812.608, "SCNRSEIE_P": 37333.598, "HECTARES": 2690.7810017146398 }, "geometry": { "type": "MultiPolygon", "coordinates": [ [ [ [ 18.17356499875969, 57.36072997825337 ], [ 18.17354934660383, 57.36072362759999 ], [ 18.17353301919409, 57.36078002571526 ], [ 18.17335002965294, 57.36206796962268 ], [ 18.17327273908, 57.36396473655876 ], [ 18.17336610749212, 57.36593015318944 ], [ 18.1759517736593, 57.37096560225708 ], [ 18.18170170259359, 57.37786358658963 ], [ 18.18414936799377, 57.38073669471271 ], [ 18.18865079207784, 57.38116358449587 ], [ 18.19071339462824, 57.38270545917554 ], [ 18.19137172577121, 57.38336667858117 ], [ 18.19609157896812, 57.38407660979826 ], [ 18.19687040656955, 57.38479839201904 ], [ 18.19627184359348, 57.38531278116558 ], [ 18.19023272693044, 57.38529255435691 ], [ 18.18806837821825, 57.38577366778519 ], [ 18.18758041049392, 57.38645658965563 ], [ 18.19044338181493, 57.38725574235098 ], [ 18.19724043770314, 57.38792627923112 ], [ 18.19831491639388, 57.38858854247742 ], [ 18.19640471246688, 57.3916968580964 ], [ 18.19285395000497, 57.39158456729731 ], [ 18.19318238433067, 57.38972793604028 ], [ 18.19228984054622, 57.38879270526161 ], [ 18.19063191798865, 57.38887801203042 ], [ 18.18664899778711, 57.39235776304509 ], [ 18.18577168864946, 57.39345225020788 ], [ 18.18534630321599, 57.39399595842558 ], [ 18.1872102741321, 57.39424692542403 ], [ 18.19213771270204, 57.39464314856333 ], [ 18.19580493533566, 57.39494192024554 ], [ 18.19889403773569, 57.39402992490047 ], [ 18.20536170588299, 57.39498475671402 ], [ 18.20781448014412, 57.39620456380991 ], [ 18.21042371146833, 57.39749310524854 ], [ 18.21725459325311, 57.39785208271535 ], [ 18.22094415559014, 57.39769154435019 ], [ 18.22115855011469, 57.40075948018329 ], [ 18.22142063454222, 57.40521433951791 ], [ 18.22607069973033, 57.40787371958946 ], [ 18.22999340469424, 57.4088043313849 ], [ 18.22809258328884, 57.4124070388884 ], [ 18.22640252927243, 57.41410127279274 ], [ 18.23128537969794, 57.41568612744287 ], [ 18.23770423421464, 57.41562178513607 ], [ 18.23807649970813, 57.40862154568897 ], [ 18.24454546720632, 57.40306192672146 ], [ 18.25393052850074, 57.40414192990061 ], [ 18.25573032301818, 57.39928774695022 ], [ 18.26741939253709, 57.40337602253215 ], [ 18.26818257000993, 57.40538670605274 ], [ 18.2687422846868, 57.40811545829251 ], [ 18.26905208676525, 57.41015746411483 ], [ 18.27432964767057, 57.41094790810646 ], [ 18.27778030422895, 57.41151806768484 ], [ 18.2837901629358, 57.40934292546147 ], [ 18.27873949104161, 57.40549868977494 ], [ 18.28146758386349, 57.40427740795664 ], [ 18.277489765501, 57.40257239833198 ], [ 18.28220797686133, 57.39971304444269 ], [ 18.28170594561485, 57.39705048872836 ], [ 18.28209205948001, 57.39432564002705 ], [ 18.286265234555, 57.39255926074944 ], [ 18.28456873531064, 57.39093529166732 ], [ 18.28526257160193, 57.38892296137202 ], [ 18.28716503000736, 57.38744370924864 ], [ 18.28874643259862, 57.38573727231812 ], [ 18.29102509911218, 57.38410688786092 ], [ 18.29274755557351, 57.38206513168869 ], [ 18.29399855224821, 57.38033820025275 ], [ 18.29654968738119, 57.37807346679125 ], [ 18.29766095976231, 57.37631332564202 ], [ 18.29948223086819, 57.37472767179561 ], [ 18.30023100409899, 57.37289832602 ], [ 18.30114803652644, 57.37094435456448 ], [ 18.31402636330696, 57.37013139627381 ], [ 18.31477598582948, 57.36826600283118 ], [ 18.3163952699388, 57.36668869752354 ], [ 18.31817569026235, 57.36476668446702 ], [ 18.31575301136418, 57.36306787509621 ], [ 18.31247746537911, 57.36162407494709 ], [ 18.30864710832224, 57.3615520746777 ], [ 18.30035605180446, 57.36154599744535 ], [ 18.29635449146732, 57.36056976091271 ], [ 18.28948795431768, 57.36153186816816 ], [ 18.28424108718104, 57.36377771212409 ], [ 18.28485009866034, 57.36636628588138 ], [ 18.27230260126861, 57.36627591572098 ], [ 18.26859757388318, 57.36200078333089 ], [ 18.26518597401006, 57.36262448082614 ], [ 18.2615307808128, 57.36367945713504 ], [ 18.26036452202248, 57.36547627846706 ], [ 18.25252765792485, 57.36440719242825 ], [ 18.24969182622178, 57.3665103515793 ], [ 18.24686549816267, 57.36791712138859 ], [ 18.23552376159458, 57.37189128838363 ], [ 18.23327821618063, 57.36986411182122 ], [ 18.22959913271384, 57.37102191319737 ], [ 18.22660023716679, 57.36894174617419 ], [ 18.22253117827689, 57.36692248084353 ], [ 18.21627763600334, 57.36485511508961 ], [ 18.21300583673389, 57.36613938253948 ], [ 18.21057822572325, 57.36473514728902 ], [ 18.20302210232998, 57.36740334764187 ], [ 18.20099394800162, 57.37107096423102 ], [ 18.19757981814157, 57.37184547667344 ], [ 18.19084217536728, 57.3700600448508 ], [ 18.18816032094922, 57.36802687380754 ], [ 18.17799986797007, 57.36937303041886 ], [ 18.17719324507467, 57.36740309764441 ], [ 18.18506762753623, 57.36577234556754 ], [ 18.18164976081937, 57.36320946608019 ], [ 18.17953065245744, 57.36163711851277 ], [ 18.17356499875969, 57.36072997825337 ] ] ], [ [ [ 18.17961600179089, 57.38979923988793 ], [ 18.18058415275203, 57.39048242746258 ], [ 18.18028356128989, 57.38988200687663 ], [ 18.17961600179089, 57.38979923988793 ] ] ] ] } },
{ "type": "Feature", "properties": { "AREA": 1298954.8888972104, "PERIMETER": 5255.7792788811403, "SCNRSEIE_": 1809, "SCNRSEIE_I": 4578, "SNID_1": "921", "SNID_2": "0921", "SNID_3": "0921", "SNID_4": 921.0, "NAMN": "Gammelgarn", "LAN": "Gotlands län", "NOT_": null, "KOMMENTAR": null, "SCNRSEIE_A": 1910432.44, "SCNRSEIE_P": 5586.437, "HECTARES": 129.89548888972001 }, "geometry": { "type": "MultiPolygon", "coordinates": [ [ [ [ 18.87958551132219, 57.39564411292895 ], [ 18.88016111263587, 57.39596498742637 ], [ 18.88415955011476, 57.39604248498874 ], [ 18.88629455463379, 57.39800731662796 ], [ 18.88799054061038, 57.3995740227993 ], [ 18.89411680377237, 57.39805825671815 ], [ 18.89311802912426, 57.39632617889364 ], [ 18.89494886146613, 57.3944753579497 ], [ 18.89630167293506, 57.39231791687619 ], [ 18.89460593556368, 57.39000491205712 ], [ 18.89280595389355, 57.38759623547167 ], [ 18.89030374741257, 57.38446892000133 ], [ 18.88800119206535, 57.38249045244897 ], [ 18.88673222467247, 57.38197309508525 ], [ 18.88372099541784, 57.38194974046584 ], [ 18.88348314268127, 57.38197550035505 ], [ 18.87747866597652, 57.38675830364965 ], [ 18.87761214854295, 57.38855198523363 ], [ 18.88235953925876, 57.39060134586879 ], [ 18.88424474545074, 57.39145372322785 ], [ 18.88389647746518, 57.39245954391958 ], [ 18.88249500024721, 57.39400323959503 ], [ 18.87979725379638, 57.39556959543879 ], [ 18.87958551132219, 57.39564411292895 ] ] ] ] } },
{ "type": "Feature", "properties": { "AREA": 29582797.514769316, "PERIMETER": 31779.506576939941, "SCNRSEIE_": 1813, "SCNRSEIE_I": 4592, "SNID_1": "923", "SNID_2": "0923", "SNID_3": "0923", "SNID_4": 923.0, "NAMN": "Garde", "LAN": "Gotlands län", "NOT_": null, "KOMMENTAR": null, "SCNRSEIE_A": 28715232.065000001, "SCNRSEIE_P": 38488.509, "HECTARES": 2958.27975147693 }, "geometry": { "type": "MultiPolygon", "coordinates": [ [ [ [ 18.64185683869997, 57.31781077993887 ], [ 18.64021515323475, 57.31444285459607 ], [ 18.63908423339285, 57.31212799767494 ], [ 18.63695360962646, 57.30781875507784 ], [ 18.63548987117633, 57.30483760331076 ], [ 18.6313463631196, 57.30418965288509 ], [ 18.62599636021079, 57.30336198691626 ], [ 18.6184922901136, 57.30217351275135 ], [ 18.60992263351943, 57.30085114230363 ], [ 18.6063094048217, 57.30028937332427 ], [ 18.60271665593703, 57.30048616695824 ], [ 18.59588855893393, 57.30086251260069 ], [ 18.58481442968015, 57.30144465096755 ], [ 18.57555591422341, 57.30194996461719 ], [ 18.567570627465, 57.3023951837924 ], [ 18.56353362970882, 57.30262143380538 ], [ 18.55566222408039, 57.3057059081446 ], [ 18.55187624792887, 57.30535319730426 ], [ 18.54889837149751, 57.30682418497659 ], [ 18.54346977327015, 57.309606222436 ], [ 18.53501700331275, 57.314605182195 ], [ 18.53257182899279, 57.31692660953317 ], [ 18.53056758992698, 57.31878472437498 ], [ 18.52780841364274, 57.32048843838689 ], [ 18.53889543618941, 57.32482965347972 ], [ 18.53938154542729, 57.32667868325834 ], [ 18.54123224811807, 57.333645739477 ], [ 18.54211914595078, 57.33677521059126 ], [ 18.5427547537885, 57.33878718643786 ], [ 18.54381622451592, 57.34224967856266 ], [ 18.54341756384248, 57.34548797406538 ], [ 18.5404229303679, 57.34689169254819 ], [ 18.54354238577764, 57.34878226224991 ], [ 18.54655014784975, 57.35058984003064 ], [ 18.5490535789353, 57.35201312914545 ], [ 18.55223647772146, 57.35393355340989 ], [ 18.55466635050252, 57.35542122857306 ], [ 18.55705702624636, 57.35688267591946 ], [ 18.55933399078087, 57.35826579234442 ], [ 18.56197918903333, 57.35987431225089 ], [ 18.56586346324834, 57.36223275967379 ], [ 18.56825541237965, 57.36367160134094 ], [ 18.57057739522528, 57.36508938953111 ], [ 18.57553638680333, 57.36809768325491 ], [ 18.57871178529005, 57.37351682467919 ], [ 18.57189473484507, 57.37598913612561 ], [ 18.56999239248501, 57.37838907567879 ], [ 18.56696851658999, 57.38064297595664 ], [ 18.56964084274682, 57.3819768298363 ], [ 18.57444215406758, 57.38440924219083 ], [ 18.57997598218613, 57.38593138119899 ], [ 18.5782797574855, 57.3892433216169 ], [ 18.5821096708139, 57.38972934016333 ], [ 18.58705520612713, 57.39028053593211 ], [ 18.58667442556043, 57.3874769830874 ], [ 18.58893756540211, 57.38542809390354 ], [ 18.59090945461017, 57.38211888704461 ], [ 18.5909660679842, 57.37974150024572 ], [ 18.59110924745132, 57.37554291985178 ], [ 18.59119541103202, 57.37358257070163 ], [ 18.59127550886997, 57.37126746611592 ], [ 18.59052303611794, 57.36942899308367 ], [ 18.5888897527854, 57.36553915624057 ], [ 18.58977016986312, 57.362348419577 ], [ 18.58889967823792, 57.35878320498367 ], [ 18.59792177639055, 57.35910883029845 ], [ 18.59851326330954, 57.35538095027386 ], [ 18.59163434829822, 57.35508422069418 ], [ 18.592312442278, 57.35243700320665 ], [ 18.59315339731771, 57.34914377905574 ], [ 18.59375013866449, 57.34679475050027 ], [ 18.59422798880156, 57.3449065682824 ], [ 18.59526735072512, 57.34078242815084 ], [ 18.5964525218633, 57.33910307161651 ], [ 18.59963504634658, 57.33463042459395 ], [ 18.60260924495002, 57.3304047259923 ], [ 18.60557581450127, 57.32622412852772 ], [ 18.59594256417246, 57.32460555094723 ], [ 18.59639618247648, 57.32253818846909 ], [ 18.60036915669242, 57.31840724613633 ], [ 18.60367519447907, 57.31938484452341 ], [ 18.60642973946339, 57.32091361809286 ], [ 18.60936816278809, 57.32251020562301 ], [ 18.61154234266128, 57.32439772461335 ], [ 18.61511864785892, 57.3237115086901 ], [ 18.61871744670177, 57.32302010339063 ], [ 18.62336951101501, 57.32212539325153 ], [ 18.62737488863168, 57.32135283961686 ], [ 18.63672594828259, 57.31932334725442 ], [ 18.64185683869997, 57.31781077993887 ] ] ] ] } },
{ "type": "Feature", "properties": { "AREA": 37975740.55144152, "PERIMETER": 29089.168144862619, "SCNRSEIE_": 1814, "SCNRSEIE_I": 4593, "SNID_1": "894", "SNID_2": "0894", "SNID_3": "0894", "SNID_4": 894.0, "NAMN": "Alskog", "LAN": "Gotlands län", "NOT_": null, "KOMMENTAR": null, "SCNRSEIE_A": 37717487.662, "SCNRSEIE_P": 33689.134, "HECTARES": 3797.57405514415 }, "geometry": { "type": "MultiPolygon", "coordinates": [ [ [ [ 18.69005006477163, 57.32974143411601 ], [ 18.69130081470075, 57.32540933768401 ], [ 18.69261065054162, 57.32109383869196 ], [ 18.69321289431483, 57.3196921262804 ], [ 18.69156983031557, 57.31915028599949 ], [ 18.68951435696217, 57.31813731692482 ], [ 18.68383610114513, 57.31326326778265 ], [ 18.68152698900521, 57.31282197938663 ], [ 18.67656837468849, 57.31183025714014 ], [ 18.67394927677648, 57.30975182205098 ], [ 18.67161410017552, 57.30747819814594 ], [ 18.67086748894182, 57.30672184662359 ], [ 18.6681988604308, 57.30783001430959 ], [ 18.66400599769392, 57.30957843611966 ], [ 18.66060206863645, 57.31098993446064 ], [ 18.65506763793148, 57.31329860562727 ], [ 18.65237046336503, 57.31435691915839 ], [ 18.64872750892226, 57.31566567401906 ], [ 18.64523446343675, 57.31679573178076 ], [ 18.64185683869997, 57.31781077993887 ], [ 18.63672594828259, 57.31932334725442 ], [ 18.62737488863168, 57.32135283961686 ], [ 18.62336951101501, 57.32212539325153 ], [ 18.61871744670177, 57.32302010339063 ], [ 18.61511864785892, 57.3237115086901 ], [ 18.61154234266128, 57.32439772461335 ], [ 18.60936816278809, 57.32251020562301 ], [ 18.60642973946339, 57.32091361809286 ], [ 18.60367519447907, 57.31938484452341 ], [ 18.60036915669242, 57.31840724613633 ], [ 18.59639618247648, 57.32253818846909 ], [ 18.59594256417246, 57.32460555094723 ], [ 18.60557581450127, 57.32622412852772 ], [ 18.60260924495002, 57.3304047259923 ], [ 18.59963504634658, 57.33463042459395 ], [ 18.5964525218633, 57.33910307161651 ], [ 18.59526735072512, 57.34078242815084 ], [ 18.59422798880156, 57.3449065682824 ], [ 18.59375013866449, 57.34679475050027 ], [ 18.59315339731771, 57.34914377905574 ], [ 18.592312442278, 57.35243700320665 ], [ 18.59163434829822, 57.35508422069418 ], [ 18.59851326330954, 57.35538095027386 ], [ 18.59792177639055, 57.35910883029845 ], [ 18.58889967823792, 57.35878320498367 ], [ 18.58977016986312, 57.362348419577 ], [ 18.5888897527854, 57.36553915624057 ], [ 18.59052303611794, 57.36942899308367 ], [ 18.59127550886997, 57.37126746611592 ], [ 18.59119541103202, 57.37358257070163 ], [ 18.59110924745132, 57.37554291985178 ], [ 18.5909660679842, 57.37974150024572 ], [ 18.59090945461017, 57.38211888704461 ], [ 18.60251156511534, 57.38345630076309 ], [ 18.60884297634628, 57.38419137346349 ], [ 18.6131121607517, 57.38468472577401 ], [ 18.61439237185849, 57.38843762070682 ], [ 18.61796526501379, 57.38818335221359 ], [ 18.62323911581329, 57.38715358043821 ], [ 18.62612032220021, 57.38581449356246 ], [ 18.63186685413703, 57.38636728004187 ], [ 18.64206054958314, 57.38596280916877 ], [ 18.64396684383576, 57.38329984296375 ], [ 18.64631705581233, 57.3809706559783 ], [ 18.6474866762869, 57.37847810770903 ], [ 18.65159910651287, 57.36954494941486 ], [ 18.65236383995207, 57.3677443685998 ], [ 18.6533243046757, 57.36557546935236 ], [ 18.6545313047806, 57.36280807329085 ], [ 18.65872702344672, 57.36283421592758 ], [ 18.66401833732674, 57.36288933639075 ], [ 18.6688740031843, 57.3609821683943 ], [ 18.67469235228538, 57.35871593073445 ], [ 18.67884506672725, 57.3570803654918 ], [ 18.68571253255694, 57.35437642171478 ], [ 18.692939354049, 57.35279575457105 ], [ 18.69790804724138, 57.35228189655248 ], [ 18.7004491231508, 57.35025135259547 ], [ 18.70406414900753, 57.347356110139 ], [ 18.70350531284096, 57.34556320249874 ], [ 18.70005666693271, 57.34407931110454 ], [ 18.69615105835929, 57.3424082552331 ], [ 18.69475429580735, 57.34006851198153 ], [ 18.69284397968104, 57.33687359405783 ], [ 18.69144546704887, 57.33453394793307 ], [ 18.68962924966293, 57.33278444887407 ], [ 18.69005006477163, 57.32974143411601 ] ] ] ] } },
{ "type": "Feature", "properties": { "AREA": 41560286.162950039, "PERIMETER": 31926.761221230288, "SCNRSEIE_": 1819, "SCNRSEIE_I": 4601, "SNID_1": "913", "SNID_2": "0913", "SNID_3": "0913", "SNID_4": 913.0, "NAMN": "Etelhem", "LAN": "Gotlands län", "NOT_": null, "KOMMENTAR": null, "SCNRSEIE_A": 40801270.335000001, "SCNRSEIE_P": 37780.345, "HECTARES": 4156.0286162949997 }, "geometry": { "type": "MultiPolygon", "coordinates": [ [ [ [ 18.44190079242479, 57.32335936361719 ], [ 18.43692405015744, 57.32993284209024 ], [ 18.43399446637119, 57.33327301424354 ], [ 18.43222327312571, 57.33525038314462 ], [ 18.42633379060068, 57.33836023036113 ], [ 18.42607211603438, 57.3421790475426 ], [ 18.43343658917583, 57.34459012676393 ], [ 18.43871500412335, 57.34370274031055 ], [ 18.44334547706222, 57.34467026699091 ], [ 18.44683548445514, 57.34788945408093 ], [ 18.44395601507265, 57.34988126456717 ], [ 18.44443620186286, 57.35208559588849 ], [ 18.45502858264249, 57.35357880387689 ], [ 18.46151253621302, 57.35576433656787 ], [ 18.46393542471939, 57.35732124504541 ], [ 18.46094818301573, 57.35951337534338 ], [ 18.45846600926224, 57.36156900057025 ], [ 18.46114516141695, 57.36295876122649 ], [ 18.4582377054574, 57.36537373789414 ], [ 18.45340367945058, 57.36935180120079 ], [ 18.44881439462413, 57.37310451133021 ], [ 18.45744690194916, 57.37615694741438 ], [ 18.46387307153089, 57.37711288660662 ], [ 18.46722415400883, 57.37757205088102 ], [ 18.47121991216943, 57.38181300807433 ], [ 18.47534453642854, 57.38106536031885 ], [ 18.48077089584697, 57.38006531451296 ], [ 18.48603636624926, 57.379086427846 ], [ 18.49290129260643, 57.37889065258842 ], [ 18.4990321841076, 57.37906050441418 ], [ 18.50484276918378, 57.37922803060505 ], [ 18.5096903750414, 57.37834245353923 ], [ 18.51308036094695, 57.37773951434806 ], [ 18.52322049579202, 57.37593096284007 ], [ 18.5286615802311, 57.37495995632639 ], [ 18.53044460840881, 57.37767030128136 ], [ 18.53880786511216, 57.37833791912318 ], [ 18.54871056979899, 57.37915112834139 ], [ 18.55222208907841, 57.37940249110758 ], [ 18.55975980580957, 57.38002833479872 ], [ 18.56357175951283, 57.38034468199265 ], [ 18.56696851658999, 57.38064297595664 ], [ 18.56999239248501, 57.37838907567879 ], [ 18.57189473484507, 57.37598913612561 ], [ 18.57871178529005, 57.37351682467919 ], [ 18.57553638680333, 57.36809768325491 ], [ 18.57057739522528, 57.36508938953111 ], [ 18.56825541237965, 57.36367160134094 ], [ 18.56586346324834, 57.36223275967379 ], [ 18.56197918903333, 57.35987431225089 ], [ 18.55933399078087, 57.35826579234442 ], [ 18.55705702624636, 57.35688267591946 ], [ 18.55466635050252, 57.35542122857306 ], [ 18.55223647772146, 57.35393355340989 ], [ 18.5490535789353, 57.35201312914545 ], [ 18.54655014784975, 57.35058984003064 ], [ 18.54354238577764, 57.34878226224991 ], [ 18.5404229303679, 57.34689169254819 ], [ 18.54341756384248, 57.34548797406538 ], [ 18.54381622451592, 57.34224967856266 ], [ 18.5427547537885, 57.33878718643786 ], [ 18.54211914595078, 57.33677521059126 ], [ 18.54123224811807, 57.333645739477 ], [ 18.53938154542729, 57.32667868325834 ], [ 18.53889543618941, 57.32482965347972 ], [ 18.52780841364274, 57.32048843838689 ], [ 18.52454072124218, 57.32250415449574 ], [ 18.52115409550611, 57.31826968395155 ], [ 18.50703283913961, 57.31760359916846 ], [ 18.4987211607767, 57.31488910758905 ], [ 18.49491665056371, 57.31366349511688 ], [ 18.49340333511292, 57.30930738847752 ], [ 18.48889329257967, 57.31285339795466 ], [ 18.48872575621981, 57.31881300372274 ], [ 18.48865413443223, 57.32278520957824 ], [ 18.48807178230018, 57.32578911825638 ], [ 18.47832988910454, 57.32528235156713 ], [ 18.47431574524382, 57.3250621250999 ], [ 18.47082641590661, 57.32486658662815 ], [ 18.4598181105079, 57.32426393584623 ], [ 18.45553093576544, 57.32402650614532 ], [ 18.45075649242921, 57.32373619800219 ], [ 18.44552650029631, 57.32239074156525 ], [ 18.44190079242479, 57.32335936361719 ] ] ] ] } },
{ "type": "Feature", "properties": { "AREA": 46578807.581094734, "PERIMETER": 32762.179747442689, "SCNRSEIE_": 1830, "SCNRSEIE_I": 4629, "SNID_1": "919", "SNID_2": "0919", "SNID_3": "0919", "SNID_4": 919.0, "NAMN": "Fröjel", "LAN": "Gotlands län", "NOT_": null, "KOMMENTAR": null, "SCNRSEIE_A": 47159133.016999997, "SCNRSEIE_P": 44908.381, "HECTARES": 4657.8807581094698 }, "geometry": { "type": "MultiPolygon", "coordinates": [ [ [ [ 18.26002477461776, 57.31500858270761 ], [ 18.25393041977133, 57.31046075421432 ], [ 18.25010956585437, 57.3076022143507 ], [ 18.24673704679887, 57.30749254543652 ], [ 18.23458432992848, 57.30710359107197 ], [ 18.22498061824873, 57.30682157717931 ], [ 18.21942235855261, 57.3066320220523 ], [ 18.21478550542675, 57.30647388696601 ], [ 18.21128524548146, 57.30672505592926 ], [ 18.20519004855883, 57.3092443060816 ], [ 18.20141143427838, 57.31083445979899 ], [ 18.19771128497733, 57.31239155667363 ], [ 18.19289628927606, 57.31231235910702 ], [ 18.1862750344641, 57.31221777051391 ], [ 18.18101658668835, 57.31214651143892 ], [ 18.17556216589831, 57.31202931614989 ], [ 18.17098181584053, 57.31107804964964 ], [ 18.16754314854718, 57.31223405895457 ], [ 18.1632250976983, 57.31369392857338 ], [ 18.16223549575311, 57.31403305836071 ], [ 18.16285142953198, 57.31420848944494 ], [ 18.1644176705193, 57.31481688795881 ], [ 18.17173309653942, 57.31963786629207 ], [ 18.17367761014525, 57.32302363605351 ], [ 18.1734332570093, 57.32671109046568 ], [ 18.17248091391349, 57.32972020615068 ], [ 18.1753410239909, 57.33441814439111 ], [ 18.17722267199618, 57.33706847841857 ], [ 18.18134247676837, 57.34067361391484 ], [ 18.18550689651575, 57.34213094048107 ], [ 18.18488304372767, 57.34764007676188 ], [ 18.18345997349602, 57.3485023533025 ], [ 18.18201901206044, 57.34857448484665 ], [ 18.1809777905481, 57.34686050728123 ], [ 18.1793979396977, 57.3463244167682 ], [ 18.17691849764708, 57.34652386631518 ], [ 18.17235957823286, 57.34900802856433 ], [ 18.17190065142934, 57.35013947589579 ], [ 18.17410785035243, 57.35164295303115 ], [ 18.1767652986581, 57.35342535261849 ], [ 18.17757683888756, 57.35492811112645 ], [ 18.17784236365833, 57.35801310277431 ], [ 18.17663454194052, 57.35887123759033 ], [ 18.17479044577184, 57.35940000171264 ], [ 18.17382070819227, 57.36034345181684 ], [ 18.17360100127244, 57.36054520101405 ], [ 18.17354934660383, 57.36072362759999 ], [ 18.17356499875969, 57.36072997825337 ], [ 18.17953065245744, 57.36163711851277 ], [ 18.18164976081937, 57.36320946608019 ], [ 18.18506762753623, 57.36577234556754 ], [ 18.17719324507467, 57.36740309764441 ], [ 18.17799986797007, 57.36937303041886 ], [ 18.18816032094922, 57.36802687380754 ], [ 18.19084217536728, 57.3700600448508 ], [ 18.19757981814157, 57.37184547667344 ], [ 18.20099394800162, 57.37107096423102 ], [ 18.20302210232998, 57.36740334764187 ], [ 18.21057822572325, 57.36473514728902 ], [ 18.21300583673389, 57.36613938253948 ], [ 18.21627763600334, 57.36485511508961 ], [ 18.22253117827689, 57.36692248084353 ], [ 18.22660023716679, 57.36894174617419 ], [ 18.22959913271384, 57.37102191319737 ], [ 18.23327821618063, 57.36986411182122 ], [ 18.23552376159458, 57.37189128838363 ], [ 18.24686549816267, 57.36791712138859 ], [ 18.24969182622178, 57.3665103515793 ], [ 18.25252765792485, 57.36440719242825 ], [ 18.26036452202248, 57.36547627846706 ], [ 18.2615307808128, 57.36367945713504 ], [ 18.26518597401006, 57.36262448082614 ], [ 18.26859757388318, 57.36200078333089 ], [ 18.27230260126861, 57.36627591572098 ], [ 18.28485009866034, 57.36636628588138 ], [ 18.28424108718104, 57.36377771212409 ], [ 18.28948795431768, 57.36153186816816 ], [ 18.29635449146732, 57.36056976091271 ], [ 18.30035605180446, 57.36154599744535 ], [ 18.30864710832224, 57.3615520746777 ], [ 18.3091766830626, 57.35938115248393 ], [ 18.30882956916457, 57.35703001578843 ], [ 18.30931311524066, 57.35354398653702 ], [ 18.31149984245322, 57.35088198072275 ], [ 18.31307112657483, 57.34794023645255 ], [ 18.31438304638866, 57.34585699188853 ], [ 18.31541969232297, 57.34348726106729 ], [ 18.31594555979701, 57.34166672941723 ], [ 18.3166107926511, 57.33982086771092 ], [ 18.31823590736111, 57.3378196886456 ], [ 18.31255467431083, 57.33257656640903 ], [ 18.30874426640358, 57.3327373806672 ], [ 18.30582153748116, 57.33179840155069 ], [ 18.30254635878656, 57.33101907132003 ], [ 18.29973513750928, 57.33205845744484 ], [ 18.29587328584655, 57.33036985479728 ], [ 18.28773239279855, 57.32688364889001 ], [ 18.28331977667981, 57.32498094000128 ], [ 18.27982662602072, 57.32347324859101 ], [ 18.27132463693802, 57.31984937503898 ], [ 18.2628800976444, 57.31621942554126 ], [ 18.26002477461776, 57.31500858270761 ] ] ] ] } },
{ "type": "Feature", "properties": { "AREA": 1958125.5112552643, "PERIMETER": 6606.5754145168503, "SCNRSEIE_": 1837, "SCNRSEIE_I": 4642, "SNID_1": "947", "SNID_2": "0947", "SNID_3": "0947", "SNID_4": 947.0, "NAMN": "Lojsta", "LAN": "Gotlands län", "NOT_": null, "KOMMENTAR": null, "SCNRSEIE_A": 1815002.624, "SCNRSEIE_P": 6656.943, "HECTARES": 195.81255112553001 }, "geometry": { "type": "MultiPolygon", "coordinates": [ [ [ [ 18.36932814006346, 57.33927426287029 ], [ 18.36559300055713, 57.33925598784048 ], [ 18.36435479614559, 57.33599335226793 ], [ 18.35920835647106, 57.33541074670689 ], [ 18.35389721526165, 57.33481770120777 ], [ 18.35080931561592, 57.34000503255145 ], [ 18.3494714845514, 57.34203988039694 ], [ 18.34798594227813, 57.34515557781409 ], [ 18.34562925046909, 57.35008838286679 ], [ 18.35061614056451, 57.34822850481758 ], [ 18.35641651369125, 57.35069812815858 ], [ 18.35979462286975, 57.35213879576191 ], [ 18.36747571811285, 57.35540629602426 ], [ 18.36963769211304, 57.35175895208626 ], [ 18.37005380988065, 57.34902854113424 ], [ 18.36739941614379, 57.34665007572477 ], [ 18.36548120375716, 57.34493103419692 ], [ 18.36668122549321, 57.34316392637717 ], [ 18.36932814006346, 57.33927426287029 ] ] ] ] } },
{ "type": "Feature", "properties": { "AREA": 26496061.84713459, "PERIMETER": 32496.937446377178, "SCNRSEIE_": 1838, "SCNRSEIE_I": 4643, "SNID_1": "947", "SNID_2": "0947", "SNID_3": "0947", "SNID_4": 947.0, "NAMN": "Lojsta", "LAN": "Gotlands län", "NOT_": null, "KOMMENTAR": null, "SCNRSEIE_A": 21361727.543000001, "SCNRSEIE_P": 44917.146, "HECTARES": 2649.6061847134602 }, "geometry": { "type": "MultiPolygon", "coordinates": [ [ [ [ 18.33465997784591, 57.32826654980605 ], [ 18.33824698660284, 57.32883663139109 ], [ 18.33539858970884, 57.33064569478449 ], [ 18.33242845706467, 57.33183726068282 ], [ 18.32782577708573, 57.33365881631759 ], [ 18.32764460883234, 57.33761943618793 ], [ 18.33063761156971, 57.34089660165648 ], [ 18.33017422939461, 57.34388823844245 ], [ 18.33011402014898, 57.34606782499688 ], [ 18.33151609379927, 57.34803390493005 ], [ 18.32985730734202, 57.34958984518632 ], [ 18.33160912942705, 57.35389348374743 ], [ 18.33330252497428, 57.35649594459547 ], [ 18.34000250071704, 57.35673402702807 ], [ 18.34671557518217, 57.35478402024498 ], [ 18.34562925046909, 57.35008838286679 ], [ 18.34798594227813, 57.34515557781409 ], [ 18.3494714845514, 57.34203988039694 ], [ 18.35080931561592, 57.34000503255145 ], [ 18.35389721526165, 57.33481770120777 ], [ 18.35920835647106, 57.33541074670689 ], [ 18.36435479614559, 57.33599335226793 ], [ 18.36559300055713, 57.33925598784048 ], [ 18.36932814006346, 57.33927426287029 ], [ 18.36668122549321, 57.34316392637717 ], [ 18.36548120375716, 57.34493103419692 ], [ 18.36739941614379, 57.34665007572477 ], [ 18.37005380988065, 57.34902854113424 ], [ 18.37591374515583, 57.34704050698353 ], [ 18.37998540509557, 57.34630602653616 ], [ 18.38522001066703, 57.34649079294345 ], [ 18.3875616712456, 57.3429213404296 ], [ 18.39051677491899, 57.34492678868814 ], [ 18.38976999374244, 57.34845906065305 ], [ 18.39407667165931, 57.35035581264174 ], [ 18.40154833580527, 57.3523219295632 ], [ 18.40626000698466, 57.35247160876256 ], [ 18.41013952055997, 57.35010970876593 ], [ 18.41579848763176, 57.34468343752361 ], [ 18.4127029210588, 57.3423175441921 ], [ 18.41421589352559, 57.3386120789581 ], [ 18.4180952965968, 57.33531108136314 ], [ 18.41475272435894, 57.33405989068531 ], [ 18.41306418361528, 57.33153463463196 ], [ 18.41189456731267, 57.32973530138195 ], [ 18.41130621262382, 57.32784754936644 ], [ 18.4107941519006, 57.32498353750613 ], [ 18.41020939563106, 57.3199469899052 ], [ 18.41108604681236, 57.31819959136797 ], [ 18.41459323249298, 57.31122327789826 ], [ 18.41824963426444, 57.3101726835124 ], [ 18.42153203554878, 57.30929138921391 ], [ 18.42014528252986, 57.30481068098426 ], [ 18.41889528043153, 57.30061451413403 ], [ 18.41443117233626, 57.29815592788842 ], [ 18.41366416630354, 57.29508608510886 ], [ 18.41133615174335, 57.29375540028607 ], [ 18.40932993555776, 57.29139849105094 ], [ 18.40861806505801, 57.28924826177565 ], [ 18.40178698580525, 57.28913347499223 ], [ 18.39931972864196, 57.29073397177883 ], [ 18.39747433768326, 57.29404194738845 ], [ 18.39563096982652, 57.29714770463234 ], [ 18.39926582072368, 57.29983966742413 ], [ 18.40295919450627, 57.30435380474464 ], [ 18.40346829145964, 57.30727638741845 ], [ 18.3959527196724, 57.30741796108601 ], [ 18.39273141142237, 57.30654544963662 ], [ 18.38803918701959, 57.30371789165299 ], [ 18.38509286349311, 57.30214346509471 ], [ 18.38055995328066, 57.30110448958099 ], [ 18.37939863207185, 57.29790329486922 ], [ 18.378568759251, 57.29558463117951 ], [ 18.37352731551499, 57.2961638589296 ], [ 18.3695867121508, 57.29479795462729 ], [ 18.36405746024195, 57.2951621507615 ], [ 18.36010911514761, 57.29541313002149 ], [ 18.35964972895514, 57.29270501371035 ], [ 18.3458628100125, 57.2937749238391 ], [ 18.34865671780224, 57.29591023488775 ], [ 18.34562770008747, 57.29899884516946 ], [ 18.34278253028805, 57.3019038985781 ], [ 18.33921536648222, 57.30562739555408 ], [ 18.33586593867054, 57.3090590039456 ], [ 18.34142371495825, 57.3098588216487 ], [ 18.34327916957315, 57.31474417449468 ], [ 18.34523057991985, 57.3164070392961 ], [ 18.34253307006894, 57.31840180861263 ], [ 18.33995713925795, 57.32032668406696 ], [ 18.33679596014335, 57.32264959074204 ], [ 18.33218514036239, 57.32412121714796 ], [ 18.33465997784591, 57.32826654980605 ] ] ] ] } },
{ "type": "Feature", "properties": { "AREA": 1930787.9321086407, "PERIMETER": 5789.6835833613904, "SCNRSEIE_": 1840, "SCNRSEIE_I": 4648, "SNID_1": "924", "SNID_2": "0924", "SNID_3": "0924", "SNID_4": 924.0, "NAMN": "Gerum", "LAN": "Gotlands län", "NOT_": null, "KOMMENTAR": null, "SCNRSEIE_A": 1712161.077, "SCNRSEIE_P": 7260.548, "HECTARES": 193.07879321086 }, "geometry": { "type": "MultiPolygon", "coordinates": [ [ [ [ 18.31823590736111, 57.3378196886456 ], [ 18.3166107926511, 57.33982086771092 ], [ 18.31594555979701, 57.34166672941723 ], [ 18.31541969232297, 57.34348726106729 ], [ 18.31438304638866, 57.34585699188853 ], [ 18.31307112657483, 57.34794023645255 ], [ 18.31149984245322, 57.35088198072275 ], [ 18.30931311524066, 57.35354398653702 ], [ 18.31889435764899, 57.35500591317215 ], [ 18.32671317874463, 57.35581069096814 ], [ 18.33160912942705, 57.35389348374743 ], [ 18.32985730734202, 57.34958984518632 ], [ 18.33151609379927, 57.34803390493005 ], [ 18.33011402014898, 57.34606782499688 ], [ 18.33017422939461, 57.34388823844245 ], [ 18.33063761156971, 57.34089660165648 ], [ 18.32764460883234, 57.33761943618793 ], [ 18.32281871766149, 57.33688966988504 ], [ 18.31823590736111, 57.3378196886456 ] ] ] ] } },
{ "type": "Feature", "properties": { "AREA": 38828997.495894432, "PERIMETER": 35341.278844475302, "SCNRSEIE_": 1843, "SCNRSEIE_I": 4661, "SNID_1": "967", "SNID_2": "0967", "SNID_3": "0967", "SNID_4": 967.0, "NAMN": "Stånga", "LAN": "Gotlands län", "NOT_": null, "KOMMENTAR": null, "SCNRSEIE_A": 37037730.979000002, "SCNRSEIE_P": 47014.419, "HECTARES": 3882.89974958944 }, "geometry": { "type": "MultiPolygon", "coordinates": [ [ [ [ 18.51920159188975, 57.26589246099994 ], [ 18.51641861282196, 57.26243091318145 ], [ 18.50978002360256, 57.26287494150394 ], [ 18.5056372328799, 57.26332781369892 ], [ 18.49812760979925, 57.26254569159762 ], [ 18.49754215302952, 57.25753194432666 ], [ 18.49105028895386, 57.25707799297363 ], [ 18.48141824079909, 57.25577872169256 ], [ 18.47811995025099, 57.25386807445791 ], [ 18.47722858353756, 57.25131320727824 ], [ 18.47014540100539, 57.25277974775236 ], [ 18.47091277909342, 57.25568758646526 ], [ 18.46232810138623, 57.25464772882691 ], [ 18.46050247523944, 57.25737145255825 ], [ 18.45627670910827, 57.25439821373136 ], [ 18.44943696556893, 57.25473998356727 ], [ 18.45207700951858, 57.2579813383473 ], [ 18.4520569695809, 57.26220847524018 ], [ 18.4438542894278, 57.26107386458597 ], [ 18.43996598957139, 57.26115095435863 ], [ 18.43389626654884, 57.26152961991247 ], [ 18.43426206560108, 57.26372731060128 ], [ 18.43390368059351, 57.26570673840597 ], [ 18.43618032034888, 57.27013725217863 ], [ 18.43543221938929, 57.27223256355934 ], [ 18.43457525395749, 57.27678712243985 ], [ 18.43018739729949, 57.28049916650705 ], [ 18.42506529343726, 57.28486412662753 ], [ 18.42261085414678, 57.28668493394296 ], [ 18.42048262841557, 57.28825634446634 ], [ 18.41610446894601, 57.29150047942433 ], [ 18.42040582234396, 57.29371981135796 ], [ 18.4194934093913, 57.29793399297856 ], [ 18.41889528043153, 57.30061451413403 ], [ 18.42014528252986, 57.30481068098426 ], [ 18.42153203554878, 57.30929138921391 ], [ 18.41824963426444, 57.3101726835124 ], [ 18.41459323249298, 57.31122327789826 ], [ 18.41108604681236, 57.31819959136797 ], [ 18.41020939563106, 57.3199469899052 ], [ 18.4107941519006, 57.32498353750613 ], [ 18.41130621262382, 57.32784754936644 ], [ 18.41189456731267, 57.32973530138195 ], [ 18.41306418361528, 57.33153463463196 ], [ 18.41475272435894, 57.33405989068531 ], [ 18.4180952965968, 57.33531108136314 ], [ 18.41421589352559, 57.3386120789581 ], [ 18.4127029210588, 57.3423175441921 ], [ 18.41579848763176, 57.34468343752361 ], [ 18.42010691160138, 57.33848979094903 ], [ 18.42222063912595, 57.33556664518608 ], [ 18.42633379060068, 57.33836023036113 ], [ 18.43222327312571, 57.33525038314462 ], [ 18.43399446637119, 57.33327301424354 ], [ 18.43692405015744, 57.32993284209024 ], [ 18.44190079242479, 57.32335936361719 ], [ 18.44552650029631, 57.32239074156525 ], [ 18.45075649242921, 57.32373619800219 ], [ 18.45553093576544, 57.32402650614532 ], [ 18.4598181105079, 57.32426393584623 ], [ 18.47082641590661, 57.32486658662815 ], [ 18.47431574524382, 57.3250621250999 ], [ 18.47832988910454, 57.32528235156713 ], [ 18.48807178230018, 57.32578911825638 ], [ 18.48865413443223, 57.32278520957824 ], [ 18.48872575621981, 57.31881300372274 ], [ 18.48889329257967, 57.31285339795466 ], [ 18.49340333511292, 57.30930738847752 ], [ 18.49822857444268, 57.30455064545202 ], [ 18.50639756956053, 57.30317162233155 ], [ 18.51180036876529, 57.30359900299484 ], [ 18.51246911749339, 57.30112307455411 ], [ 18.50680682604706, 57.29961437915178 ], [ 18.50273590600111, 57.29784670135867 ], [ 18.49682149762541, 57.29528731905864 ], [ 18.49786023903729, 57.29195911760189 ], [ 18.50148594705726, 57.29221832332858 ], [ 18.50247577305866, 57.29018478238839 ], [ 18.50752042865543, 57.2893173680845 ], [ 18.50700237571555, 57.28657946735947 ], [ 18.50772697029773, 57.28478068052595 ], [ 18.50779325657413, 57.28296908578399 ], [ 18.50958403237576, 57.28137636499351 ], [ 18.52084378013667, 57.28020382622694 ], [ 18.5191993410502, 57.27684800029846 ], [ 18.51651009798612, 57.27131828245934 ], [ 18.5218636586003, 57.27108138907466 ], [ 18.52517582319894, 57.27074021750793 ], [ 18.52894552248517, 57.27033513464176 ], [ 18.53074209775756, 57.26656800146691 ], [ 18.52617502520687, 57.26469955845928 ], [ 18.52313555589059, 57.26597814418432 ], [ 18.51920159188975, 57.26589246099994 ] ] ] ] } },
{ "type": "Feature", "properties": { "AREA": 13964464.881924629, "PERIMETER": 18938.421462768671, "SCNRSEIE_": 1852, "SCNRSEIE_I": 4689, "SNID_1": "924", "SNID_2": "0924", "SNID_3": "0924", "SNID_4": 924.0, "NAMN": "Gerum", "LAN": "Gotlands län", "NOT_": null, "KOMMENTAR": null, "SCNRSEIE_A": 12186158.132, "SCNRSEIE_P": 18319.107, "HECTARES": 1396.44648819246 }, "geometry": { "type": "MultiPolygon", "coordinates": [ [ [ [ 18.35964972895514, 57.29270501371035 ], [ 18.35902439027715, 57.2890975595551 ], [ 18.34853509885652, 57.29123254395522 ], [ 18.34612996561565, 57.28805174313516 ], [ 18.34277128570395, 57.28471945003434 ], [ 18.33567020695329, 57.2860618296393 ], [ 18.3316048810164, 57.28299053124847 ], [ 18.32771736753286, 57.28023446784447 ], [ 18.32510881391943, 57.27865181517667 ], [ 18.32139042933958, 57.2784209350017 ], [ 18.31770264339251, 57.27949180259763 ], [ 18.30792327605947, 57.2823053637556 ], [ 18.30659406981924, 57.28499083393385 ], [ 18.30561541686249, 57.28688772416801 ], [ 18.30444826844784, 57.28915668824292 ], [ 18.30197139921358, 57.29407463217098 ], [ 18.30100212383258, 57.29599375528279 ], [ 18.29915908779749, 57.29962353915403 ], [ 18.2980105719583, 57.30174831953872 ], [ 18.29756968803711, 57.30418697445256 ], [ 18.2960080878832, 57.31315588232869 ], [ 18.297384373416, 57.31665894098318 ], [ 18.29852269240356, 57.31860363930224 ], [ 18.30341271393042, 57.31925218049528 ], [ 18.30462008536884, 57.32101577460388 ], [ 18.30604333600359, 57.32345334002922 ], [ 18.30790294915972, 57.32519046005505 ], [ 18.30982811284187, 57.32672870053872 ], [ 18.31166823124506, 57.32860091940112 ], [ 18.31255467431083, 57.33257656640903 ], [ 18.31823590736111, 57.3378196886456 ], [ 18.32281871766149, 57.33688966988504 ], [ 18.32764460883234, 57.33761943618793 ], [ 18.32782577708573, 57.33365881631759 ], [ 18.33242845706467, 57.33183726068282 ], [ 18.33539858970884, 57.33064569478449 ], [ 18.33824698660284, 57.32883663139109 ], [ 18.33465997784591, 57.32826654980605 ], [ 18.33218514036239, 57.32412121714796 ], [ 18.33679596014335, 57.32264959074204 ], [ 18.33995713925795, 57.32032668406696 ], [ 18.34253307006894, 57.31840180861263 ], [ 18.34523057991985, 57.3164070392961 ], [ 18.34327916957315, 57.31474417449468 ], [ 18.34142371495825, 57.3098588216487 ], [ 18.33586593867054, 57.3090590039456 ], [ 18.33921536648222, 57.30562739555408 ], [ 18.34278253028805, 57.3019038985781 ], [ 18.34562770008747, 57.29899884516946 ], [ 18.34865671780224, 57.29591023488775 ], [ 18.3458628100125, 57.2937749238391 ], [ 18.35964972895514, 57.29270501371035 ] ] ] ] } },
{ "type": "Feature", "properties": { "AREA": 31725113.092394829, "PERIMETER": 29258.968984637238, "SCNRSEIE_": 1853, "SCNRSEIE_I": 4690, "SNID_1": "945", "SNID_2": "0945", "SNID_3": "0945", "SNID_4": 945.0, "NAMN": "Levide", "LAN": "Gotlands län", "NOT_": null, "KOMMENTAR": null, "SCNRSEIE_A": 31533387.654, "SCNRSEIE_P": 29770.288, "HECTARES": 3172.5113092394799 }, "geometry": { "type": "MultiPolygon", "coordinates": [ [ [ [ 18.24371818448416, 57.24751000365733 ], [ 18.24643812037783, 57.25215068837322 ], [ 18.24856737302704, 57.25574291465599 ], [ 18.24540372396536, 57.25677901717116 ], [ 18.23940122767084, 57.25872340237422 ], [ 18.23967721221745, 57.26205968702515 ], [ 18.24017430089966, 57.26792928153048 ], [ 18.24038740072121, 57.27087599490981 ], [ 18.24129952729452, 57.27370144637425 ], [ 18.24201844680108, 57.27601848533018 ], [ 18.24298992957042, 57.27882930437422 ], [ 18.24428734368714, 57.28258587257443 ], [ 18.24577648661063, 57.28613216943913 ], [ 18.24693135622628, 57.28901117756784 ], [ 18.24764370957337, 57.2908118497636 ], [ 18.24902353155143, 57.2948272892952 ], [ 18.24959936563945, 57.29700342641411 ], [ 18.25016344992787, 57.29878459458858 ], [ 18.25010956585437, 57.3076022143507 ], [ 18.25393041977133, 57.31046075421432 ], [ 18.26002477461776, 57.31500858270761 ], [ 18.2628800976444, 57.31621942554126 ], [ 18.27132463693802, 57.31984937503898 ], [ 18.27982662602072, 57.32347324859101 ], [ 18.28331977667981, 57.32498094000128 ], [ 18.28773239279855, 57.32688364889001 ], [ 18.29587328584655, 57.33036985479728 ], [ 18.29973513750928, 57.33205845744484 ], [ 18.30254635878656, 57.33101907132003 ], [ 18.30582153748116, 57.33179840155069 ], [ 18.30874426640358, 57.3327373806672 ], [ 18.31255467431083, 57.33257656640903 ], [ 18.31166823124506, 57.32860091940112 ], [ 18.30982811284187, 57.32672870053872 ], [ 18.30790294915972, 57.32519046005505 ], [ 18.30604333600359, 57.32345334002922 ], [ 18.30462008536884, 57.32101577460388 ], [ 18.30341271393042, 57.31925218049528 ], [ 18.29852269240356, 57.31860363930224 ], [ 18.297384373416, 57.31665894098318 ], [ 18.2960080878832, 57.31315588232869 ], [ 18.29756968803711, 57.30418697445256 ], [ 18.2980105719583, 57.30174831953872 ], [ 18.29915908779749, 57.29962353915403 ], [ 18.30100212383258, 57.29599375528279 ], [ 18.30197139921358, 57.29407463217098 ], [ 18.30444826844784, 57.28915668824292 ], [ 18.30561541686249, 57.28688772416801 ], [ 18.30659406981924, 57.28499083393385 ], [ 18.30792327605947, 57.2823053637556 ], [ 18.31770264339251, 57.27949180259763 ], [ 18.32139042933958, 57.2784209350017 ], [ 18.31147101524703, 57.27251505110447 ], [ 18.30560443954484, 57.26776761998723 ], [ 18.30436750662913, 57.26495810504038 ], [ 18.302834493912, 57.26147619228457 ], [ 18.30175972350889, 57.25903626135779 ], [ 18.30077799618948, 57.25680550915063 ], [ 18.29971087006058, 57.25438328446378 ], [ 18.29829593848105, 57.25113255790491 ], [ 18.2969268584405, 57.24800667956715 ], [ 18.29949525826723, 57.24668460680036 ], [ 18.29964045323334, 57.24389701753428 ], [ 18.29994684299442, 57.23966442555817 ], [ 18.30006351385622, 57.23786553014212 ], [ 18.30004281307696, 57.23452423753962 ], [ 18.29975740986582, 57.23198317765214 ], [ 18.29950521700026, 57.23011973044164 ], [ 18.29299592724109, 57.23030720847766 ], [ 18.28766018305102, 57.23048912582736 ], [ 18.28756094366705, 57.23295695232105 ], [ 18.28762010949875, 57.23679598601525 ], [ 18.28216376009566, 57.2392078285106 ], [ 18.27422770430785, 57.24063065116525 ], [ 18.26664813956481, 57.24253101165522 ], [ 18.26394984544598, 57.24368874807259 ], [ 18.25863852241773, 57.24598440560051 ], [ 18.25406792383832, 57.24646426395454 ], [ 18.2493479791611, 57.24694245660198 ], [ 18.24371818448416, 57.24751000365733 ] ] ] ] } },
{ "type": "Feature", "properties": { "AREA": 18130036.654277086, "PERIMETER": 20092.772472740249, "SCNRSEIE_": 1856, "SCNRSEIE_I": 4704, "SNID_1": "950", "SNID_2": "0950", "SNID_3": "0950", "SNID_4": 950.0, "NAMN": "Lye", "LAN": "Gotlands län", "NOT_": null, "KOMMENTAR": null, "SCNRSEIE_A": 18295635.101, "SCNRSEIE_P": 22687.26, "HECTARES": 1813.0036654277101 }, "geometry": { "type": "MultiPolygon", "coordinates": [ [ [ [ 18.52894552248517, 57.27033513464176 ], [ 18.52517582319894, 57.27074021750793 ], [ 18.5218636586003, 57.27108138907466 ], [ 18.51651009798612, 57.27131828245934 ], [ 18.5191993410502, 57.27684800029846 ], [ 18.52084378013667, 57.28020382622694 ], [ 18.50958403237576, 57.28137636499351 ], [ 18.50779325657413, 57.28296908578399 ], [ 18.50772697029773, 57.28478068052595 ], [ 18.50700237571555, 57.28657946735947 ], [ 18.50752042865543, 57.2893173680845 ], [ 18.50247577305866, 57.29018478238839 ], [ 18.50148594705726, 57.29221832332858 ], [ 18.49786023903729, 57.29195911760189 ], [ 18.49682149762541, 57.29528731905864 ], [ 18.50273590600111, 57.29784670135867 ], [ 18.50680682604706, 57.29961437915178 ], [ 18.51246911749339, 57.30112307455411 ], [ 18.51180036876529, 57.30359900299484 ], [ 18.50639756956053, 57.30317162233155 ], [ 18.49822857444268, 57.30455064545202 ], [ 18.49340333511292, 57.30930738847752 ], [ 18.49491665056371, 57.31366349511688 ], [ 18.4987211607767, 57.31488910758905 ], [ 18.50703283913961, 57.31760359916846 ], [ 18.52115409550611, 57.31826968395155 ], [ 18.52454072124218, 57.32250415449574 ], [ 18.52780841364274, 57.32048843838689 ], [ 18.53056758992698, 57.31878472437498 ], [ 18.53257182899279, 57.31692660953317 ], [ 18.53501700331275, 57.314605182195 ], [ 18.54346977327015, 57.309606222436 ], [ 18.54889837149751, 57.30682418497659 ], [ 18.55187624792887, 57.30535319730426 ], [ 18.55566222408039, 57.3057059081446 ], [ 18.56353362970882, 57.30262143380538 ], [ 18.56647643428033, 57.29931084426967 ], [ 18.57529191917689, 57.2939692345217 ], [ 18.57419701570016, 57.29027402055249 ], [ 18.57292129783811, 57.28654243208278 ], [ 18.5773875007022, 57.28501556605413 ], [ 18.57523161750288, 57.28221076157222 ], [ 18.57317476137521, 57.27953401858323 ], [ 18.57030692737856, 57.27579693813042 ], [ 18.56898082101786, 57.27406531825859 ], [ 18.56579894880687, 57.27215882645833 ], [ 18.56243909332426, 57.27088947918534 ], [ 18.55703259764276, 57.26866319896667 ], [ 18.55317929074362, 57.27049940386664 ], [ 18.54797807221809, 57.27149790655146 ], [ 18.5468096073901, 57.27318085824308 ], [ 18.54069597616344, 57.27225399116132 ], [ 18.53405655949363, 57.27116754375641 ], [ 18.52894552248517, 57.27033513464176 ] ] ] ] } },
{ "type": "Feature", "properties": { "AREA": 25967198.746029377, "PERIMETER": 24411.784866990401, "SCNRSEIE_": 1857, "SCNRSEIE_I": 4707, "SNID_1": "944", "SNID_2": "0944", "SNID_3": "0944", "SNID_4": 944.0, "NAMN": "Lau", "LAN": "Gotlands län", "NOT_": null, "KOMMENTAR": null, "SCNRSEIE_A": 27665520.442000002, "SCNRSEIE_P": 26618.66, "HECTARES": 2596.7198746029399 }, "geometry": { "type": "MultiPolygon", "coordinates": [ [ [ [ 18.56898082101786, 57.27406531825859 ], [ 18.57030692737856, 57.27579693813042 ], [ 18.57317476137521, 57.27953401858323 ], [ 18.57523161750288, 57.28221076157222 ], [ 18.5773875007022, 57.28501556605413 ], [ 18.57292129783811, 57.28654243208278 ], [ 18.57419701570016, 57.29027402055249 ], [ 18.57529191917689, 57.2939692345217 ], [ 18.56647643428033, 57.29931084426967 ], [ 18.56353362970882, 57.30262143380538 ], [ 18.567570627465, 57.3023951837924 ], [ 18.57555591422341, 57.30194996461719 ], [ 18.58481442968015, 57.30144465096755 ], [ 18.59588855893393, 57.30086251260069 ], [ 18.60271665593703, 57.30048616695824 ], [ 18.6063094048217, 57.30028937332427 ], [ 18.60992263351943, 57.30085114230363 ], [ 18.6184922901136, 57.30217351275135 ], [ 18.62599636021079, 57.30336198691626 ], [ 18.6313463631196, 57.30418965288509 ], [ 18.63548987117633, 57.30483760331076 ], [ 18.63695360962646, 57.30781875507784 ], [ 18.63908423339285, 57.31212799767494 ], [ 18.64021515323475, 57.31444285459607 ], [ 18.64185683869997, 57.31781077993887 ], [ 18.64523446343675, 57.31679573178076 ], [ 18.64872750892226, 57.31566567401906 ], [ 18.65237046336503, 57.31435691915839 ], [ 18.65506763793148, 57.31329860562727 ], [ 18.66060206863645, 57.31098993446064 ], [ 18.66400599769392, 57.30957843611966 ], [ 18.6681988604308, 57.30783001430959 ], [ 18.67086748894182, 57.30672184662359 ], [ 18.66999224427761, 57.30583513737709 ], [ 18.66829953727429, 57.30434639989556 ], [ 18.66620831571225, 57.30242649053911 ], [ 18.66373598069068, 57.30008397934993 ], [ 18.6626956672155, 57.29544489933152 ], [ 18.66388402267844, 57.28830249758123 ], [ 18.66662378851592, 57.28426919447004 ], [ 18.67046105197888, 57.28155842272021 ], [ 18.67800885027038, 57.27666047881903 ], [ 18.6802322251857, 57.27518115752412 ], [ 18.68167698231034, 57.27419318365124 ], [ 18.68084879187902, 57.27383738352839 ], [ 18.67702218124918, 57.27339028301533 ], [ 18.67418392801449, 57.27224223449965 ], [ 18.67161234026622, 57.27071077582387 ], [ 18.6700841080537, 57.26883651290385 ], [ 18.6685768699264, 57.26720426048558 ], [ 18.66750879098076, 57.26524760638308 ], [ 18.66497072738179, 57.26400268018247 ], [ 18.66195423767039, 57.26289445967944 ], [ 18.65895245531599, 57.26205519549706 ], [ 18.64931051261243, 57.26379215972371 ], [ 18.64151588654523, 57.26519917061037 ], [ 18.63762965127316, 57.2668994162759 ], [ 18.63759589229799, 57.26899794271247 ], [ 18.62853239655602, 57.26803846452781 ], [ 18.62325239320921, 57.26748770450916 ], [ 18.60689550185202, 57.26573323426466 ], [ 18.60163330296377, 57.26549105830943 ], [ 18.5956284510659, 57.26521134299728 ], [ 18.5895481008259, 57.26491944585303 ], [ 18.58616982547952, 57.26475615848749 ], [ 18.58182199579743, 57.26454242268283 ], [ 18.57711260672208, 57.26431396518097 ], [ 18.57426488938304, 57.26768280092436 ], [ 18.57275137115969, 57.26944549518869 ], [ 18.56898082101786, 57.27406531825859 ] ] ] ] } },
{ "type": "Feature", "properties": { "AREA": 41337165.830600254, "PERIMETER": 31363.157333750602, "SCNRSEIE_": 1866, "SCNRSEIE_I": 4730, "SNID_1": "910", "SNID_2": "0910", "SNID_3": "0910", "SNID_4": 910.0, "NAMN": "Eksta", "LAN": "Gotlands län", "NOT_": null, "KOMMENTAR": null, "SCNRSEIE_A": 47338849.123999998, "SCNRSEIE_P": 32876.498, "HECTARES": 4133.7165830600297 }, "geometry": { "type": "MultiPolygon", "coordinates": [ [ [ [ 18.16223549575311, 57.31403305836071 ], [ 18.1632250976983, 57.31369392857338 ], [ 18.16754314854718, 57.31223405895457 ], [ 18.17098181584053, 57.31107804964964 ], [ 18.17556216589831, 57.31202931614989 ], [ 18.18101658668835, 57.31214651143892 ], [ 18.1862750344641, 57.31221777051391 ], [ 18.19289628927606, 57.31231235910702 ], [ 18.19771128497733, 57.31239155667363 ], [ 18.20141143427838, 57.31083445979899 ], [ 18.20519004855883, 57.3092443060816 ], [ 18.21128524548146, 57.30672505592926 ], [ 18.21478550542675, 57.30647388696601 ], [ 18.21942235855261, 57.3066320220523 ], [ 18.22498061824873, 57.30682157717931 ], [ 18.23458432992848, 57.30710359107197 ], [ 18.24673704679887, 57.30749254543652 ], [ 18.25010956585437, 57.3076022143507 ], [ 18.25016344992787, 57.29878459458858 ], [ 18.24959936563945, 57.29700342641411 ], [ 18.24902353155143, 57.2948272892952 ], [ 18.24764370957337, 57.2908118497636 ], [ 18.24693135622628, 57.28901117756784 ], [ 18.24577648661063, 57.28613216943913 ], [ 18.24428734368714, 57.28258587257443 ], [ 18.24298992957042, 57.27882930437422 ], [ 18.24201844680108, 57.27601848533018 ], [ 18.24129952729452, 57.27370144637425 ], [ 18.24038740072121, 57.27087599490981 ], [ 18.23529235971936, 57.27219177624684 ], [ 18.23112544264373, 57.2688722531033 ], [ 18.22493038621332, 57.26887047212369 ], [ 18.21934659247877, 57.26886553610852 ], [ 18.21291987642887, 57.2688720144326 ], [ 18.20818405589387, 57.26931739409414 ], [ 18.20565819590995, 57.27050646715014 ], [ 18.20022732840961, 57.27279735127942 ], [ 18.19754684240392, 57.27055329139242 ], [ 18.19118599388774, 57.2690169169844 ], [ 18.18677815869919, 57.26793274835543 ], [ 18.18364436281838, 57.27008504067941 ], [ 18.17780051049164, 57.27380653787287 ], [ 18.17266627611129, 57.27277599776025 ], [ 18.16821705906084, 57.2718850973613 ], [ 18.16042325685692, 57.27032011239525 ], [ 18.15459539159365, 57.26915371284696 ], [ 18.15108951944241, 57.26845110617565 ], [ 18.14605218992901, 57.26745362434768 ], [ 18.14529262518061, 57.26557246086812 ], [ 18.14477424058473, 57.26354307604671 ], [ 18.1510239588761, 57.26063753026352 ], [ 18.15308103189807, 57.25789531128442 ], [ 18.15020309823998, 57.25544744285509 ], [ 18.14750789637528, 57.25270854556118 ], [ 18.14486810434699, 57.25067376267771 ], [ 18.1427707055699, 57.24911842563093 ], [ 18.14032855843603, 57.24735857100922 ], [ 18.13920386668073, 57.24751399591761 ], [ 18.13791525436637, 57.2473133584158 ], [ 18.13537540146653, 57.2464532404201 ], [ 18.13278435303983, 57.24845945627628 ], [ 18.13024696599584, 57.24737462568986 ], [ 18.128138710936, 57.24494341398314 ], [ 18.12676599739645, 57.24445677682509 ], [ 18.1253479273284, 57.24509378005543 ], [ 18.12052558448094, 57.25010514681643 ], [ 18.11667256002571, 57.25155937983715 ], [ 18.11107305249622, 57.25159038224108 ], [ 18.11400970319836, 57.25429409513287 ], [ 18.11309750441572, 57.25481386888289 ], [ 18.11133989426033, 57.25480121870559 ], [ 18.10774124872847, 57.2552983569179 ], [ 18.09842274852848, 57.25790297058352 ], [ 18.09402095717241, 57.25908804405387 ], [ 18.09324885665613, 57.26026981824005 ], [ 18.0941374678746, 57.26470892859719 ], [ 18.09610278925782, 57.2720656713042 ], [ 18.09871011389413, 57.28039874234635 ], [ 18.10390701884167, 57.28740894744731 ], [ 18.10754572205036, 57.28989339243827 ], [ 18.11464024680382, 57.29244905815761 ], [ 18.12543354077986, 57.2944421118167 ], [ 18.12806615209685, 57.29540853530342 ], [ 18.137235385419, 57.30212842715334 ], [ 18.14859661339294, 57.30646242435728 ], [ 18.15129413301745, 57.30764274721511 ], [ 18.15827427573388, 57.31272224273582 ], [ 18.16029212350472, 57.31364561486432 ], [ 18.16214125368471, 57.31400621579196 ], [ 18.16223549575311, 57.31403305836071 ] ] ] ] } },
{ "type": "Feature", "properties": { "AREA": 18688809.411135674, "PERIMETER": 28098.11330904605, "SCNRSEIE_": 1868, "SCNRSEIE_I": 4733, "SNID_1": "946", "SNID_2": "0946", "SNID_3": "0946", "SNID_4": 946.0, "NAMN": "Linde", "LAN": "Gotlands län", "NOT_": null, "KOMMENTAR": null, "SCNRSEIE_A": 18529719.546999998, "SCNRSEIE_P": 28555.533, "HECTARES": 1868.8809411135701 }, "geometry": { "type": "MultiPolygon", "coordinates": [ [ [ [ 18.4520569695809, 57.26220847524018 ], [ 18.45207700951858, 57.2579813383473 ], [ 18.44943696556893, 57.25473998356727 ], [ 18.44175898114528, 57.2553279857899 ], [ 18.43599930499032, 57.25640992024777 ], [ 18.432568495748, 57.25705668739884 ], [ 18.43166305961783, 57.25525200753143 ], [ 18.42251754395742, 57.25618842468174 ], [ 18.41583299676934, 57.25685744938607 ], [ 18.40830104120154, 57.25703167107218 ], [ 18.40460351568112, 57.25648839841914 ], [ 18.40358477834569, 57.25408394561114 ], [ 18.40017567768459, 57.2523622534483 ], [ 18.3978905273648, 57.25416113631727 ], [ 18.39731479202932, 57.25596524199749 ], [ 18.39673524406436, 57.25803885540256 ], [ 18.39268181940443, 57.25812238139115 ], [ 18.38982663809814, 57.25448448319034 ], [ 18.38754355688421, 57.25158492906702 ], [ 18.38372871964835, 57.25314499253082 ], [ 18.38457756422842, 57.25758374140984 ], [ 18.38134936461244, 57.26019674638903 ], [ 18.37878520445133, 57.2622929659431 ], [ 18.38093712138962, 57.26471031676871 ], [ 18.37697520800828, 57.26558195177357 ], [ 18.37337732613542, 57.26641457268767 ], [ 18.36853176396865, 57.26548941399084 ], [ 18.36640491806273, 57.2672754784172 ], [ 18.37129309887012, 57.26854124693815 ], [ 18.37033391625872, 57.27045626329254 ], [ 18.36776356431718, 57.2727814505628 ], [ 18.36449890302818, 57.27353065015857 ], [ 18.365326691564, 57.27548119164995 ], [ 18.36374388026767, 57.2771393303552 ], [ 18.35796056134217, 57.27580160063677 ], [ 18.35269630396106, 57.27461938138175 ], [ 18.34842939460755, 57.27367722019355 ], [ 18.3449015871998, 57.2743458818799 ], [ 18.34659108730345, 57.27750523526693 ], [ 18.34956536431384, 57.27632217715372 ], [ 18.35470027419644, 57.28022011017193 ], [ 18.36143568063306, 57.28457492977817 ], [ 18.35845024624716, 57.28574951250095 ], [ 18.35902439027715, 57.2890975595551 ], [ 18.35964972895514, 57.29270501371035 ], [ 18.36010911514761, 57.29541313002149 ], [ 18.36405746024195, 57.2951621507615 ], [ 18.3695867121508, 57.29479795462729 ], [ 18.37352731551499, 57.2961638589296 ], [ 18.378568759251, 57.29558463117951 ], [ 18.37939863207185, 57.29790329486922 ], [ 18.38055995328066, 57.30110448958099 ], [ 18.38509286349311, 57.30214346509471 ], [ 18.38803918701959, 57.30371789165299 ], [ 18.39273141142237, 57.30654544963662 ], [ 18.3959527196724, 57.30741796108601 ], [ 18.40346829145964, 57.30727638741845 ], [ 18.40295919450627, 57.30435380474464 ], [ 18.39926582072368, 57.29983966742413 ], [ 18.39563096982652, 57.29714770463234 ], [ 18.39747433768326, 57.29404194738845 ], [ 18.39931972864196, 57.29073397177883 ], [ 18.40178698580525, 57.28913347499223 ], [ 18.40861806505801, 57.28924826177565 ], [ 18.40932993555776, 57.29139849105094 ], [ 18.41133615174335, 57.29375540028607 ], [ 18.41366416630354, 57.29508608510886 ], [ 18.41443117233626, 57.29815592788842 ], [ 18.41889528043153, 57.30061451413403 ], [ 18.4194934093913, 57.29793399297856 ], [ 18.42040582234396, 57.29371981135796 ], [ 18.41610446894601, 57.29150047942433 ], [ 18.42048262841557, 57.28825634446634 ], [ 18.42261085414678, 57.28668493394296 ], [ 18.42506529343726, 57.28486412662753 ], [ 18.43018739729949, 57.28049916650705 ], [ 18.43457525395749, 57.27678712243985 ], [ 18.43543221938929, 57.27223256355934 ], [ 18.43618032034888, 57.27013725217863 ], [ 18.43390368059351, 57.26570673840597 ], [ 18.43426206560108, 57.26372731060128 ], [ 18.43389626654884, 57.26152961991247 ], [ 18.43996598957139, 57.26115095435863 ], [ 18.4438542894278, 57.26107386458597 ], [ 18.4520569695809, 57.26220847524018 ] ] ] ] } },
{ "type": "Feature", "properties": { "AREA": 17371805.41372776, "PERIMETER": 23449.5119114519, "SCNRSEIE_": 1875, "SCNRSEIE_I": 4749, "SNID_1": "914", "SNID_2": "0914", "SNID_3": "0914", "SNID_4": 914.0, "NAMN": "Fardhem", "LAN": "Gotlands län", "NOT_": null, "KOMMENTAR": null, "SCNRSEIE_A": 17390606.713, "SCNRSEIE_P": 24025.911, "HECTARES": 1737.18054137278 }, "geometry": { "type": "MultiPolygon", "coordinates": [ [ [ [ 18.31166336138806, 57.22972654814212 ], [ 18.30692502007182, 57.2298772428992 ], [ 18.29950521700026, 57.23011973044164 ], [ 18.29975740986582, 57.23198317765214 ], [ 18.30004281307696, 57.23452423753962 ], [ 18.30006351385622, 57.23786553014212 ], [ 18.29994684299442, 57.23966442555817 ], [ 18.29964045323334, 57.24389701753428 ], [ 18.29949525826723, 57.24668460680036 ], [ 18.2969268584405, 57.24800667956715 ], [ 18.29829593848105, 57.25113255790491 ], [ 18.29971087006058, 57.25438328446378 ], [ 18.30077799618948, 57.25680550915063 ], [ 18.30175972350889, 57.25903626135779 ], [ 18.302834493912, 57.26147619228457 ], [ 18.30436750662913, 57.26495810504038 ], [ 18.30560443954484, 57.26776761998723 ], [ 18.31147101524703, 57.27251505110447 ], [ 18.32139042933958, 57.2784209350017 ], [ 18.32510881391943, 57.27865181517667 ], [ 18.32771736753286, 57.28023446784447 ], [ 18.3316048810164, 57.28299053124847 ], [ 18.33567020695329, 57.2860618296393 ], [ 18.34277128570395, 57.28471945003434 ], [ 18.34612996561565, 57.28805174313516 ], [ 18.34853509885652, 57.29123254395522 ], [ 18.35902439027715, 57.2890975595551 ], [ 18.35845024624716, 57.28574951250095 ], [ 18.36143568063306, 57.28457492977817 ], [ 18.35470027419644, 57.28022011017193 ], [ 18.34956536431384, 57.27632217715372 ], [ 18.34659108730345, 57.27750523526693 ], [ 18.3449015871998, 57.2743458818799 ], [ 18.34842939460755, 57.27367722019355 ], [ 18.35269630396106, 57.27461938138175 ], [ 18.35796056134217, 57.27580160063677 ], [ 18.36374388026767, 57.2771393303552 ], [ 18.365326691564, 57.27548119164995 ], [ 18.36449890302818, 57.27353065015857 ], [ 18.36776356431718, 57.2727814505628 ], [ 18.37033391625872, 57.27045626329254 ], [ 18.37129309887012, 57.26854124693815 ], [ 18.36640491806273, 57.2672754784172 ], [ 18.36853176396865, 57.26548941399084 ], [ 18.37337732613542, 57.26641457268767 ], [ 18.37697520800828, 57.26558195177357 ], [ 18.38093712138962, 57.26471031676871 ], [ 18.37878520445133, 57.2622929659431 ], [ 18.38134936461244, 57.26019674638903 ], [ 18.38457756422842, 57.25758374140984 ], [ 18.38372871964835, 57.25314499253082 ], [ 18.37177867664255, 57.25138685618261 ], [ 18.36356501779771, 57.25468499215335 ], [ 18.35962848592786, 57.25396559174578 ], [ 18.35499784765457, 57.25348476188914 ], [ 18.35029012021102, 57.25299624221796 ], [ 18.34652171022955, 57.25260543919176 ], [ 18.33868119742688, 57.25180706018611 ], [ 18.33719408076121, 57.24978889023237 ], [ 18.3354636364209, 57.24751057948694 ], [ 18.32450143083037, 57.24055786681999 ], [ 18.32234520927844, 57.23918621642753 ], [ 18.32153636690482, 57.23743727683559 ], [ 18.32049782928682, 57.23526170104386 ], [ 18.3192589244908, 57.23266788221112 ], [ 18.31775630502454, 57.22954039078404 ], [ 18.31166336138806, 57.22972654814212 ] ] ] ] } },
{ "type": "Feature", "properties": { "AREA": 39152225.462515235, "PERIMETER": 37207.567107890151, "SCNRSEIE_": 1879, "SCNRSEIE_I": 4757, "SNID_1": "955", "SNID_2": "0955", "SNID_3": "0955", "SNID_4": 955.0, "NAMN": "När", "LAN": "Gotlands län", "NOT_": null, "KOMMENTAR": null, "SCNRSEIE_A": 47392134.603, "SCNRSEIE_P": 33295.238, "HECTARES": 3915.2225462515198 }, "geometry": { "type": "MultiPolygon", "coordinates": [ [ [ [ 18.57711260672208, 57.26431396518097 ], [ 18.58182199579743, 57.26454242268283 ], [ 18.58616982547952, 57.26475615848749 ], [ 18.5895481008259, 57.26491944585303 ], [ 18.5956284510659, 57.26521134299728 ], [ 18.60163330296377, 57.26549105830943 ], [ 18.60689550185202, 57.26573323426466 ], [ 18.62325239320921, 57.26748770450916 ], [ 18.62853239655602, 57.26803846452781 ], [ 18.63759589229799, 57.26899794271247 ], [ 18.63762965127316, 57.2668994162759 ], [ 18.64151588654523, 57.26519917061037 ], [ 18.64931051261243, 57.26379215972371 ], [ 18.65895245531599, 57.26205519549706 ], [ 18.66195423767039, 57.26289445967944 ], [ 18.66497072738179, 57.26400268018247 ], [ 18.66750879098076, 57.26524760638308 ], [ 18.6685768699264, 57.26720426048558 ], [ 18.6700841080537, 57.26883651290385 ], [ 18.67161234026622, 57.27071077582387 ], [ 18.67418392801449, 57.27224223449965 ], [ 18.67702218124918, 57.27339028301533 ], [ 18.68084879187902, 57.27383738352839 ], [ 18.68167698231034, 57.27419318365124 ], [ 18.68182257292846, 57.27409362004008 ], [ 18.68312416905375, 57.27334508766236 ], [ 18.68608640058167, 57.27283699223425 ], [ 18.70018953948847, 57.27481285313817 ], [ 18.71026248282918, 57.27572140733392 ], [ 18.71333749909807, 57.27264954688479 ], [ 18.71738044184661, 57.26756066637522 ], [ 18.71927463494961, 57.26634879617921 ], [ 18.71959870097263, 57.26499363766179 ], [ 18.71805250928566, 57.26368184900218 ], [ 18.71084553833764, 57.26101867594286 ], [ 18.70869393110112, 57.26022389577224 ], [ 18.70808776088676, 57.25905198107939 ], [ 18.71230401952328, 57.2570138925857 ], [ 18.71135897698948, 57.25385532574354 ], [ 18.71042712031046, 57.25065152649877 ], [ 18.71207975066718, 57.24595944013889 ], [ 18.71261232258182, 57.2447252520824 ], [ 18.70812729751927, 57.24290634918467 ], [ 18.70540246323253, 57.24239430055852 ], [ 18.70323659017576, 57.24266889711318 ], [ 18.70068061125038, 57.24473132951003 ], [ 18.6980186061264, 57.24523289050902 ], [ 18.68335589821891, 57.2442220794698 ], [ 18.67252478290235, 57.2438858138865 ], [ 18.66995153324145, 57.2427586190258 ], [ 18.66778525133013, 57.23982527120324 ], [ 18.6684127576317, 57.23830163226958 ], [ 18.67471424056904, 57.23623521399774 ], [ 18.6808491532782, 57.23437891966954 ], [ 18.68668564599828, 57.23358930076628 ], [ 18.68954176909434, 57.23346084945204 ], [ 18.69284626595803, 57.23165095730372 ], [ 18.69522405229317, 57.23155134042452 ], [ 18.70109797556698, 57.23314999215745 ], [ 18.70397653574151, 57.23373045081811 ], [ 18.70583682615941, 57.23357968776487 ], [ 18.70580231391643, 57.23314025548368 ], [ 18.70431006848115, 57.23249190722792 ], [ 18.69955695477909, 57.22532429160468 ], [ 18.6978799525983, 57.22336842886983 ], [ 18.69609166331681, 57.22295141514761 ], [ 18.69201547675868, 57.22398853729156 ], [ 18.69008040462371, 57.22296388498932 ], [ 18.68940363695623, 57.22108375866023 ], [ 18.68745363447903, 57.217741480519 ], [ 18.68438192623825, 57.21678775386862 ], [ 18.68136341762654, 57.21651553542969 ], [ 18.67910735303749, 57.21689062652946 ], [ 18.67813983807973, 57.217865093452 ], [ 18.68268944507289, 57.22248660660699 ], [ 18.68235526495828, 57.22372510048424 ], [ 18.67872263295795, 57.22514692523721 ], [ 18.67766405888658, 57.22623127838707 ], [ 18.67769497160997, 57.2298242459621 ], [ 18.67555888139417, 57.23047502652703 ], [ 18.67267333790287, 57.23064875460135 ], [ 18.66772814540194, 57.22968347071851 ], [ 18.66452423153261, 57.22617178494718 ], [ 18.6559256511497, 57.22099476902835 ], [ 18.64468809076194, 57.21678429347977 ], [ 18.64295303131857, 57.21726373900704 ], [ 18.63965115209946, 57.2219291803361 ], [ 18.637622962051, 57.2226936699819 ], [ 18.63493141598506, 57.22279927153955 ], [ 18.62566757716274, 57.22033942801735 ], [ 18.62272293976985, 57.21994734897402 ], [ 18.62056591845289, 57.220328138003 ], [ 18.61902412863418, 57.22052440851677 ], [ 18.61718116220723, 57.22089810060645 ], [ 18.6141022519456, 57.2213533216181 ], [ 18.61060466837412, 57.22153033288114 ], [ 18.60849511850985, 57.22101145377721 ], [ 18.60565903796623, 57.21899045494826 ], [ 18.59832114364272, 57.21765357245913 ], [ 18.59183400571507, 57.21661182698741 ], [ 18.58883742210493, 57.2168400038201 ], [ 18.58428843395679, 57.2186656748238 ], [ 18.58037388308706, 57.21902176604127 ], [ 18.57892812705132, 57.21895488678198 ], [ 18.57838906796222, 57.21893299016251 ], [ 18.57881645671222, 57.22030939294726 ], [ 18.57719082520156, 57.2222049321752 ], [ 18.5738516982227, 57.22184733418811 ], [ 18.57007770007465, 57.2218182620184 ], [ 18.56822904177042, 57.22688539422582 ], [ 18.57155302729546, 57.22783637880227 ], [ 18.57159612076741, 57.22990619803621 ], [ 18.57521636594127, 57.23049567083876 ], [ 18.57872226417253, 57.2306653733617 ], [ 18.57826829029964, 57.24061608386386 ], [ 18.57817260633004, 57.24270693816189 ], [ 18.57805442108086, 57.24526989623715 ], [ 18.57792062746861, 57.24751433169128 ], [ 18.57777215119306, 57.25075179723985 ], [ 18.5776489276002, 57.25319366193413 ], [ 18.57737497896966, 57.25964103662042 ], [ 18.57711260672208, 57.26431396518097 ] ] ] ] } },
{ "type": "Feature", "properties": { "AREA": 41375405.869570494, "PERIMETER": 39867.624408423762, "SCNRSEIE_": 1882, "SCNRSEIE_I": 4763, "SNID_1": "904", "SNID_2": "0904", "SNID_3": "0904", "SNID_4": 904.0, "NAMN": "Burs", "LAN": "Gotlands län", "NOT_": null, "KOMMENTAR": null, "SCNRSEIE_A": 45371160.802000001, "SCNRSEIE_P": 47831.181, "HECTARES": 4137.5405869570504 }, "geometry": { "type": "MultiPolygon", "coordinates": [ [ [ [ 18.44943696556893, 57.25473998356727 ], [ 18.45627670910827, 57.25439821373136 ], [ 18.46050247523944, 57.25737145255825 ], [ 18.46232810138623, 57.25464772882691 ], [ 18.47091277909342, 57.25568758646526 ], [ 18.47014540100539, 57.25277974775236 ], [ 18.47722858353756, 57.25131320727824 ], [ 18.47811995025099, 57.25386807445791 ], [ 18.48141824079909, 57.25577872169256 ], [ 18.49105028895386, 57.25707799297363 ], [ 18.49754215302952, 57.25753194432666 ], [ 18.49812760979925, 57.26254569159762 ], [ 18.5056372328799, 57.26332781369892 ], [ 18.50978002360256, 57.26287494150394 ], [ 18.51641861282196, 57.26243091318145 ], [ 18.51920159188975, 57.26589246099994 ], [ 18.52313555589059, 57.26597814418432 ], [ 18.52617502520687, 57.26469955845928 ], [ 18.53074209775756, 57.26656800146691 ], [ 18.52894552248517, 57.27033513464176 ], [ 18.53405655949363, 57.27116754375641 ], [ 18.54069597616344, 57.27225399116132 ], [ 18.5468096073901, 57.27318085824308 ], [ 18.54797807221809, 57.27149790655146 ], [ 18.55317929074362, 57.27049940386664 ], [ 18.55703259764276, 57.26866319896667 ], [ 18.56243909332426, 57.27088947918534 ], [ 18.56579894880687, 57.27215882645833 ], [ 18.56898082101786, 57.27406531825859 ], [ 18.57275137115969, 57.26944549518869 ], [ 18.57426488938304, 57.26768280092436 ], [ 18.57711260672208, 57.26431396518097 ], [ 18.57737497896966, 57.25964103662042 ], [ 18.5776489276002, 57.25319366193413 ], [ 18.57777215119306, 57.25075179723985 ], [ 18.57792062746861, 57.24751433169128 ], [ 18.57805442108086, 57.24526989623715 ], [ 18.57817260633004, 57.24270693816189 ], [ 18.57826829029964, 57.24061608386386 ], [ 18.57872226417253, 57.2306653733617 ], [ 18.57521636594127, 57.23049567083876 ], [ 18.57159612076741, 57.22990619803621 ], [ 18.57155302729546, 57.22783637880227 ], [ 18.56822904177042, 57.22688539422582 ], [ 18.57007770007465, 57.2218182620184 ], [ 18.5738516982227, 57.22184733418811 ], [ 18.57719082520156, 57.2222049321752 ], [ 18.57881645671222, 57.22030939294726 ], [ 18.57838906796222, 57.21893299016251 ], [ 18.57663584265368, 57.2188617578152 ], [ 18.57107692201739, 57.21605558574542 ], [ 18.5609825210883, 57.20970136659396 ], [ 18.55695386865067, 57.20762462504825 ], [ 18.55550340740973, 57.20771031005681 ], [ 18.55277751745689, 57.21201933493861 ], [ 18.54829460686279, 57.20671809168707 ], [ 18.5469663151911, 57.20197671004941 ], [ 18.54895348911305, 57.2008732057238 ], [ 18.556990828295, 57.20011333439216 ], [ 18.57574657845275, 57.20014998972039 ], [ 18.57525325657028, 57.19886719620435 ], [ 18.57132641187292, 57.19704022043031 ], [ 18.56171639673467, 57.19311904476352 ], [ 18.55645629431562, 57.19181500255934 ], [ 18.55080884014873, 57.19086060325274 ], [ 18.54835945457255, 57.19050164959468 ], [ 18.54834200972401, 57.19210032349559 ], [ 18.54882698012441, 57.19395393828916 ], [ 18.54545527284287, 57.19501579940531 ], [ 18.54014577404883, 57.19667675897309 ], [ 18.53489100408222, 57.19378608040768 ], [ 18.52978963620869, 57.19105806667526 ], [ 18.52657403082352, 57.19278528684443 ], [ 18.52238280606515, 57.19503218469892 ], [ 18.5162211720262, 57.19831869605912 ], [ 18.51355431018774, 57.19972833152269 ], [ 18.50947214125163, 57.20184663503224 ], [ 18.50474165305294, 57.20438754189871 ], [ 18.50875926564963, 57.20868055747812 ], [ 18.50792121173708, 57.2114835993713 ], [ 18.50487365874316, 57.2130269169829 ], [ 18.51450338229464, 57.21852867795649 ], [ 18.51455096825979, 57.22070170486219 ], [ 18.51496296373418, 57.22253894027892 ], [ 18.51533883313286, 57.22441738348261 ], [ 18.50763838345161, 57.22734584848831 ], [ 18.50129328461503, 57.22769775180107 ], [ 18.49457520712511, 57.22807538092059 ], [ 18.49055752671132, 57.22831857637659 ], [ 18.49138310280357, 57.23198424204281 ], [ 18.48899548673209, 57.23369271304608 ], [ 18.48557125155647, 57.23538732346854 ], [ 18.48064363287847, 57.23674559467773 ], [ 18.4743144284402, 57.2384883433844 ], [ 18.4697935927022, 57.23507622250767 ], [ 18.46237103699939, 57.23282135761315 ], [ 18.45910473005683, 57.23183035677766 ], [ 18.45812892286196, 57.22977578305979 ], [ 18.452829357542, 57.23097460804862 ], [ 18.45193251605669, 57.23276331749062 ], [ 18.44811086856874, 57.23587120106441 ], [ 18.44514822431271, 57.23808503925012 ], [ 18.44599902163215, 57.23990424883664 ], [ 18.447173321894, 57.24262397129306 ], [ 18.4483598656542, 57.24519526690073 ], [ 18.44325348253165, 57.24576968591902 ], [ 18.44348188303282, 57.24922802921396 ], [ 18.44545350933038, 57.25197144325461 ], [ 18.44943696556893, 57.25473998356727 ] ] ] ] } },
{ "type": "Feature", "properties": { "AREA": 23885953.354024351, "PERIMETER": 23625.95707922395, "SCNRSEIE_": 1885, "SCNRSEIE_I": 4767, "SNID_1": "964", "SNID_2": "0964", "SNID_3": "0964", "SNID_4": 964.0, "NAMN": "Sproge", "LAN": "Gotlands län", "NOT_": null, "KOMMENTAR": null, "SCNRSEIE_A": 25665116.564, "SCNRSEIE_P": 25045.733, "HECTARES": 2388.59533540244 }, "geometry": { "type": "MultiPolygon", "coordinates": [ [ [ [ 18.14032855843603, 57.24735857100922 ], [ 18.1427707055699, 57.24911842563093 ], [ 18.14486810434699, 57.25067376267771 ], [ 18.14750789637528, 57.25270854556118 ], [ 18.15020309823998, 57.25544744285509 ], [ 18.15308103189807, 57.25789531128442 ], [ 18.1510239588761, 57.26063753026352 ], [ 18.14477424058473, 57.26354307604671 ], [ 18.14529262518061, 57.26557246086812 ], [ 18.14605218992901, 57.26745362434768 ], [ 18.15108951944241, 57.26845110617565 ], [ 18.15459539159365, 57.26915371284696 ], [ 18.16042325685692, 57.27032011239525 ], [ 18.16821705906084, 57.2718850973613 ], [ 18.17266627611129, 57.27277599776025 ], [ 18.17780051049164, 57.27380653787287 ], [ 18.18364436281838, 57.27008504067941 ], [ 18.18677815869919, 57.26793274835543 ], [ 18.19118599388774, 57.2690169169844 ], [ 18.19754684240392, 57.27055329139242 ], [ 18.20022732840961, 57.27279735127942 ], [ 18.20565819590995, 57.27050646715014 ], [ 18.20818405589387, 57.26931739409414 ], [ 18.21291987642887, 57.2688720144326 ], [ 18.21934659247877, 57.26886553610852 ], [ 18.22493038621332, 57.26887047212369 ], [ 18.23112544264373, 57.2688722531033 ], [ 18.23529235971936, 57.27219177624684 ], [ 18.24038740072121, 57.27087599490981 ], [ 18.24017430089966, 57.26792928153048 ], [ 18.23967721221745, 57.26205968702515 ], [ 18.23940122767084, 57.25872340237422 ], [ 18.24540372396536, 57.25677901717116 ], [ 18.24856737302704, 57.25574291465599 ], [ 18.24643812037783, 57.25215068837322 ], [ 18.24371818448416, 57.24751000365733 ], [ 18.24080215957619, 57.24422042792182 ], [ 18.2373636129967, 57.24437237681622 ], [ 18.23224592115836, 57.24437700343854 ], [ 18.23433231176031, 57.24145771307141 ], [ 18.22720851020411, 57.24108766621402 ], [ 18.22555892019725, 57.24309566210258 ], [ 18.22253884600902, 57.24201297648397 ], [ 18.21883634931897, 57.24072323366955 ], [ 18.21356394891448, 57.24041124796458 ], [ 18.21071497667226, 57.23914982509222 ], [ 18.20620192595889, 57.23789768864199 ], [ 18.20542017002595, 57.23552327883786 ], [ 18.20476624966042, 57.23368075836422 ], [ 18.20134696814164, 57.23363831027462 ], [ 18.19797897832807, 57.23317247322025 ], [ 18.19439318949463, 57.2334338574383 ], [ 18.19146353829532, 57.23199387347208 ], [ 18.18916487225202, 57.23064076092932 ], [ 18.18686372920184, 57.22931002755354 ], [ 18.18457109632824, 57.22794764527445 ], [ 18.18243586420796, 57.22651944643539 ], [ 18.17946754856722, 57.22568630733688 ], [ 18.17697678447606, 57.2244533104165 ], [ 18.17374321709906, 57.22377318014237 ], [ 18.16589889435487, 57.22187729212249 ], [ 18.15510448050993, 57.21924120349293 ], [ 18.15234622792857, 57.2185703398094 ], [ 18.1522592949513, 57.21879591434467 ], [ 18.15160500748306, 57.22074838862451 ], [ 18.15097860873265, 57.22261949371692 ], [ 18.15024537617877, 57.22541779982389 ], [ 18.15479361718104, 57.22714730603202 ], [ 18.15483926207216, 57.22994903536402 ], [ 18.15021141427585, 57.23271232535026 ], [ 18.14955230672176, 57.23407201866527 ], [ 18.15229952689314, 57.24081158802333 ], [ 18.14438358405735, 57.24609724562434 ], [ 18.14184476025626, 57.24708765042485 ], [ 18.14078086301765, 57.24729606233084 ], [ 18.14032855843603, 57.24735857100922 ] ] ] ] } },
{ "type": "Feature", "properties": { "AREA": 23288625.402721886, "PERIMETER": 25321.60506480308, "SCNRSEIE_": 1887, "SCNRSEIE_I": 4771, "SNID_1": "938", "SNID_2": "0938", "SNID_3": "0938", "SNID_4": 938.0, "NAMN": "Hemse", "LAN": "Gotlands län", "NOT_": "282", "KOMMENTAR": "Hemse municipalsamhälle 1886 i Hemse socken", "SCNRSEIE_A": 22590375.97, "SCNRSEIE_P": 36522.247, "HECTARES": 2328.86254027219 }, "geometry": { "type": "MultiPolygon", "coordinates": [ [ [ [ 18.31775630502454, 57.22954039078404 ], [ 18.3192589244908, 57.23266788221112 ], [ 18.32049782928682, 57.23526170104386 ], [ 18.32153636690482, 57.23743727683559 ], [ 18.32234520927844, 57.23918621642753 ], [ 18.32450143083037, 57.24055786681999 ], [ 18.3354636364209, 57.24751057948694 ], [ 18.33719408076121, 57.24978889023237 ], [ 18.33868119742688, 57.25180706018611 ], [ 18.34652171022955, 57.25260543919176 ], [ 18.35029012021102, 57.25299624221796 ], [ 18.35499784765457, 57.25348476188914 ], [ 18.35962848592786, 57.25396559174578 ], [ 18.36356501779771, 57.25468499215335 ], [ 18.37177867664255, 57.25138685618261 ], [ 18.38372871964835, 57.25314499253082 ], [ 18.38754355688421, 57.25158492906702 ], [ 18.38982663809814, 57.25448448319034 ], [ 18.39268181940443, 57.25812238139115 ], [ 18.39673524406436, 57.25803885540256 ], [ 18.39731479202932, 57.25596524199749 ], [ 18.3978905273648, 57.25416113631727 ], [ 18.40017567768459, 57.2523622534483 ], [ 18.40358477834569, 57.25408394561114 ], [ 18.40460351568112, 57.25648839841914 ], [ 18.40830104120154, 57.25703167107218 ], [ 18.41583299676934, 57.25685744938607 ], [ 18.42251754395742, 57.25618842468174 ], [ 18.43166305961783, 57.25525200753143 ], [ 18.432568495748, 57.25705668739884 ], [ 18.43599930499032, 57.25640992024777 ], [ 18.44175898114528, 57.2553279857899 ], [ 18.44943696556893, 57.25473998356727 ], [ 18.44545350933038, 57.25197144325461 ], [ 18.44348188303282, 57.24922802921396 ], [ 18.44325348253165, 57.24576968591902 ], [ 18.4483598656542, 57.24519526690073 ], [ 18.447173321894, 57.24262397129306 ], [ 18.44599902163215, 57.23990424883664 ], [ 18.44514822431271, 57.23808503925012 ], [ 18.44811086856874, 57.23587120106441 ], [ 18.45193251605669, 57.23276331749062 ], [ 18.44474852177396, 57.23191283580832 ], [ 18.43943360091207, 57.23171445532287 ], [ 18.43587301336279, 57.2315824417587 ], [ 18.4299230283097, 57.23086698099647 ], [ 18.42138386509725, 57.22981438561663 ], [ 18.41637714814189, 57.22919543035204 ], [ 18.41310270299703, 57.22648305387688 ], [ 18.41022376755624, 57.22408590788494 ], [ 18.40599577334262, 57.22066550221795 ], [ 18.40364065892709, 57.21899397162321 ], [ 18.39976098402204, 57.21615452557998 ], [ 18.39624416290306, 57.21328511210307 ], [ 18.39090451401586, 57.21579824049133 ], [ 18.38787448934309, 57.21698350796235 ], [ 18.38446590224913, 57.21820343152869 ], [ 18.38286766357323, 57.220306891575 ], [ 18.37956534901324, 57.22219820355678 ], [ 18.37579079455951, 57.2213232996106 ], [ 18.37566768195681, 57.22333356859166 ], [ 18.37143331040406, 57.22296205893311 ], [ 18.36932370342196, 57.22459962952794 ], [ 18.3674843047817, 57.22610596472819 ], [ 18.36346547068363, 57.22666843663769 ], [ 18.36013557911631, 57.22713600152506 ], [ 18.3559916965864, 57.22771873868996 ], [ 18.34954589880491, 57.22764733491215 ], [ 18.34441895477434, 57.23073805964456 ], [ 18.33909089277885, 57.22943077078246 ], [ 18.34202040273627, 57.22584122554503 ], [ 18.33666606009623, 57.22456141859037 ], [ 18.33392154151064, 57.2281694773021 ], [ 18.33003945558534, 57.22719654367205 ], [ 18.32254807274974, 57.22864049243758 ], [ 18.31775630502454, 57.22954039078404 ] ] ] ] } },
{ "type": "Feature", "properties": { "AREA": 27005162.409239978, "PERIMETER": 26594.124668148492, "SCNRSEIE_": 1894, "SCNRSEIE_I": 4788, "SNID_1": "962", "SNID_2": "0962", "SNID_3": "0962", "SNID_4": 962.0, "NAMN": "Silte", "LAN": "Gotlands län", "NOT_": null, "KOMMENTAR": null, "SCNRSEIE_A": 28318044.684, "SCNRSEIE_P": 30116.72, "HECTARES": 2700.5162409240002 }, "geometry": { "type": "MultiPolygon", "coordinates": [ [ [ [ 18.15234622792857, 57.2185703398094 ], [ 18.15510448050993, 57.21924120349293 ], [ 18.16589889435487, 57.22187729212249 ], [ 18.17374321709906, 57.22377318014237 ], [ 18.17697678447606, 57.2244533104165 ], [ 18.17946754856722, 57.22568630733688 ], [ 18.18243586420796, 57.22651944643539 ], [ 18.18457109632824, 57.22794764527445 ], [ 18.18686372920184, 57.22931002755354 ], [ 18.18916487225202, 57.23064076092932 ], [ 18.19146353829532, 57.23199387347208 ], [ 18.19439318949463, 57.2334338574383 ], [ 18.19797897832807, 57.23317247322025 ], [ 18.20134696814164, 57.23363831027462 ], [ 18.20476624966042, 57.23368075836422 ], [ 18.20542017002595, 57.23552327883786 ], [ 18.20620192595889, 57.23789768864199 ], [ 18.21071497667226, 57.23914982509222 ], [ 18.21356394891448, 57.24041124796458 ], [ 18.21883634931897, 57.24072323366955 ], [ 18.22253884600902, 57.24201297648397 ], [ 18.22555892019725, 57.24309566210258 ], [ 18.22720851020411, 57.24108766621402 ], [ 18.23433231176031, 57.24145771307141 ], [ 18.23224592115836, 57.24437700343854 ], [ 18.2373636129967, 57.24437237681622 ], [ 18.24080215957619, 57.24422042792182 ], [ 18.24371818448416, 57.24751000365733 ], [ 18.2493479791611, 57.24694245660198 ], [ 18.25406792383832, 57.24646426395454 ], [ 18.25863852241773, 57.24598440560051 ], [ 18.26394984544598, 57.24368874807259 ], [ 18.26664813956481, 57.24253101165522 ], [ 18.27422770430785, 57.24063065116525 ], [ 18.28216376009566, 57.2392078285106 ], [ 18.28762010949875, 57.23679598601525 ], [ 18.28756094366705, 57.23295695232105 ], [ 18.28766018305102, 57.23048912582736 ], [ 18.28555750218094, 57.22649281785571 ], [ 18.28403187765018, 57.22359449802922 ], [ 18.28188736045191, 57.21951810694337 ], [ 18.27891368968875, 57.21386797931268 ], [ 18.27612218601142, 57.21204550906292 ], [ 18.27472520502167, 57.20922531784062 ], [ 18.26749002142148, 57.21020287800281 ], [ 18.26305710174617, 57.20705134807147 ], [ 18.25821516171166, 57.20801735439359 ], [ 18.25195909768502, 57.20925329450311 ], [ 18.2473114545627, 57.21019263162441 ], [ 18.24389915465741, 57.21085177077157 ], [ 18.24034834744057, 57.2115450387661 ], [ 18.23640857216479, 57.21114074561582 ], [ 18.23254423933167, 57.21074843870318 ], [ 18.22784740028742, 57.21025070255478 ], [ 18.22334952851713, 57.21115040380796 ], [ 18.21808523535366, 57.20972453601573 ], [ 18.21480607277497, 57.20881286541142 ], [ 18.21144910524239, 57.20791158664321 ], [ 18.20473072044905, 57.20603249134211 ], [ 18.1993996974857, 57.20457568940256 ], [ 18.19374184680507, 57.20301716637317 ], [ 18.19058047110019, 57.20214755243766 ], [ 18.1868148986556, 57.20111414268888 ], [ 18.1792099552279, 57.19901694567118 ], [ 18.1740568158369, 57.20440958336556 ], [ 18.16827936461448, 57.2028072627596 ], [ 18.17132141814576, 57.19952069002635 ], [ 18.17309123423086, 57.19734045390623 ], [ 18.16594801822927, 57.19535503585288 ], [ 18.15799602659834, 57.19276901722467 ], [ 18.16025660991166, 57.19139173077792 ], [ 18.16051194307459, 57.19123615717431 ], [ 18.15396313246427, 57.19166336918299 ], [ 18.15171723995684, 57.1922533067206 ], [ 18.15085315297321, 57.193500078663 ], [ 18.15181390489902, 57.20003947400225 ], [ 18.15305200362839, 57.2080737791274 ], [ 18.15307948569755, 57.21632832339316 ], [ 18.15262889749564, 57.21783684724141 ], [ 18.15234622792857, 57.2185703398094 ] ] ] ] } },
{ "type": "Feature", "properties": { "AREA": 44878816.283128977, "PERIMETER": 33332.574779862807, "SCNRSEIE_": 1895, "SCNRSEIE_I": 4794, "SNID_1": "959", "SNID_2": "0959", "SNID_3": "0959", "SNID_4": 959.0, "NAMN": "Rone", "LAN": "Gotlands län", "NOT_": null, "KOMMENTAR": null, "SCNRSEIE_A": 72972030.334000006, "SCNRSEIE_P": 46805.766, "HECTARES": 4487.8816283128999 }, "geometry": { "type": "MultiPolygon", "coordinates": [ [ [ [ 18.42008864407186, 57.18804157833062 ], [ 18.42027992930054, 57.19283678706829 ], [ 18.42038084794762, 57.19536596613461 ], [ 18.41354468538995, 57.19563845931966 ], [ 18.41771672264987, 57.19747863363443 ], [ 18.41529273973805, 57.19936164982678 ], [ 18.41693142959537, 57.20153300126388 ], [ 18.41416949769201, 57.20311764193033 ], [ 18.41133398119997, 57.20469018493349 ], [ 18.40484906545302, 57.2084808959761 ], [ 18.40178125810899, 57.21026464688506 ], [ 18.39624416290306, 57.21328511210307 ], [ 18.39976098402204, 57.21615452557998 ], [ 18.40364065892709, 57.21899397162321 ], [ 18.40599577334262, 57.22066550221795 ], [ 18.41022376755624, 57.22408590788494 ], [ 18.41310270299703, 57.22648305387688 ], [ 18.41637714814189, 57.22919543035204 ], [ 18.42138386509725, 57.22981438561663 ], [ 18.4299230283097, 57.23086698099647 ], [ 18.43587301336279, 57.2315824417587 ], [ 18.43943360091207, 57.23171445532287 ], [ 18.44474852177396, 57.23191283580832 ], [ 18.45193251605669, 57.23276331749062 ], [ 18.452829357542, 57.23097460804862 ], [ 18.45812892286196, 57.22977578305979 ], [ 18.45910473005683, 57.23183035677766 ], [ 18.46237103699939, 57.23282135761315 ], [ 18.4697935927022, 57.23507622250767 ], [ 18.4743144284402, 57.2384883433844 ], [ 18.48064363287847, 57.23674559467773 ], [ 18.48557125155647, 57.23538732346854 ], [ 18.48899548673209, 57.23369271304608 ], [ 18.49138310280357, 57.23198424204281 ], [ 18.49055752671132, 57.22831857637659 ], [ 18.49457520712511, 57.22807538092059 ], [ 18.50129328461503, 57.22769775180107 ], [ 18.50763838345161, 57.22734584848831 ], [ 18.51533883313286, 57.22441738348261 ], [ 18.51496296373418, 57.22253894027892 ], [ 18.51455096825979, 57.22070170486219 ], [ 18.51450338229464, 57.21852867795649 ], [ 18.50487365874316, 57.2130269169829 ], [ 18.50792121173708, 57.2114835993713 ], [ 18.50875926564963, 57.20868055747812 ], [ 18.50474165305294, 57.20438754189871 ], [ 18.50947214125163, 57.20184663503224 ], [ 18.51355431018774, 57.19972833152269 ], [ 18.5162211720262, 57.19831869605912 ], [ 18.52238280606515, 57.19503218469892 ], [ 18.52657403082352, 57.19278528684443 ], [ 18.52978963620869, 57.19105806667526 ], [ 18.53489100408222, 57.19378608040768 ], [ 18.54014577404883, 57.19667675897309 ], [ 18.54545527284287, 57.19501579940531 ], [ 18.54882698012441, 57.19395393828916 ], [ 18.54834200972401, 57.19210032349559 ], [ 18.54835945457255, 57.19050164959468 ], [ 18.54798161399373, 57.19044627274452 ], [ 18.54476452046093, 57.18990563217888 ], [ 18.54075714999632, 57.18919347681471 ], [ 18.53809398848112, 57.18853278824512 ], [ 18.52650676498751, 57.1850922252568 ], [ 18.51459032635973, 57.18096597830331 ], [ 18.50317672254845, 57.17666611430409 ], [ 18.49662674542697, 57.17484831968045 ], [ 18.49211102585429, 57.17438810114687 ], [ 18.49240236797481, 57.17247732601604 ], [ 18.48373501854916, 57.16949140669497 ], [ 18.48185896248589, 57.16778861362909 ], [ 18.48256025753938, 57.16239244931216 ], [ 18.48005509516328, 57.16181702768363 ], [ 18.47197176823652, 57.16321985348647 ], [ 18.46549951731067, 57.16404000294533 ], [ 18.46176333601587, 57.16220566009137 ], [ 18.45682041151753, 57.16106150384162 ], [ 18.45603478171511, 57.16163508619591 ], [ 18.45594744857427, 57.16364925015934 ], [ 18.4545742272362, 57.1631751742684 ], [ 18.45332331496207, 57.16140486987239 ], [ 18.4516195105413, 57.15722753063886 ], [ 18.45156965917797, 57.15696174312921 ], [ 18.44953066471274, 57.15714578939156 ], [ 18.44615218411818, 57.15938199426292 ], [ 18.44375839911542, 57.16096849537501 ], [ 18.44119087477112, 57.16267098826786 ], [ 18.43666511243471, 57.16546998907331 ], [ 18.43206288810967, 57.16810429323476 ], [ 18.42745374568457, 57.17073847454171 ], [ 18.42465210157529, 57.17245448668675 ], [ 18.42135312380005, 57.17450863895465 ], [ 18.41494405854914, 57.17876097535728 ], [ 18.41268888515147, 57.18055958522677 ], [ 18.41057911710647, 57.18222495249369 ], [ 18.40864412938817, 57.18376078943702 ], [ 18.41190327660835, 57.18517095115883 ], [ 18.41512544657177, 57.18590799042492 ], [ 18.42008864407186, 57.18804157833062 ] ] ] ] } },
{ "type": "Feature", "properties": { "AREA": 22935625.781107992, "PERIMETER": 24081.04591028257, "SCNRSEIE_": 1898, "SCNRSEIE_I": 4802, "SNID_1": "895", "SNID_2": "0895", "SNID_3": "0895", "SNID_4": 895.0, "NAMN": "Alva", "LAN": "Gotlands län", "NOT_": null, "KOMMENTAR": null, "SCNRSEIE_A": 23105613.295000002, "SCNRSEIE_P": 28979.835, "HECTARES": 2293.5625781108001 }, "geometry": { "type": "MultiPolygon", "coordinates": [ [ [ [ 18.32185462335366, 57.21098013090683 ], [ 18.32486937445776, 57.21492164395588 ], [ 18.33111389300306, 57.21498935876073 ], [ 18.32953346545775, 57.21842576297771 ], [ 18.3256640489187, 57.21935236662537 ], [ 18.32223958946961, 57.21988811254062 ], [ 18.31887814294615, 57.22043607017305 ], [ 18.31865755135585, 57.22233590238093 ], [ 18.31842757087195, 57.22428084079285 ], [ 18.3181879869904, 57.22629783849969 ], [ 18.31775630502454, 57.22954039078404 ], [ 18.32254807274974, 57.22864049243758 ], [ 18.33003945558534, 57.22719654367205 ], [ 18.33392154151064, 57.2281694773021 ], [ 18.33666606009623, 57.22456141859037 ], [ 18.34202040273627, 57.22584122554503 ], [ 18.33909089277885, 57.22943077078246 ], [ 18.34441895477434, 57.23073805964456 ], [ 18.34954589880491, 57.22764733491215 ], [ 18.3559916965864, 57.22771873868996 ], [ 18.36013557911631, 57.22713600152506 ], [ 18.36346547068363, 57.22666843663769 ], [ 18.3674843047817, 57.22610596472819 ], [ 18.36932370342196, 57.22459962952794 ], [ 18.37143331040406, 57.22296205893311 ], [ 18.37566768195681, 57.22333356859166 ], [ 18.37579079455951, 57.2213232996106 ], [ 18.37956534901324, 57.22219820355678 ], [ 18.38286766357323, 57.220306891575 ], [ 18.38446590224913, 57.21820343152869 ], [ 18.38787448934309, 57.21698350796235 ], [ 18.39090451401586, 57.21579824049133 ], [ 18.39624416290306, 57.21328511210307 ], [ 18.40178125810899, 57.21026464688506 ], [ 18.40484906545302, 57.2084808959761 ], [ 18.41133398119997, 57.20469018493349 ], [ 18.41416949769201, 57.20311764193033 ], [ 18.41693142959537, 57.20153300126388 ], [ 18.41529273973805, 57.19936164982678 ], [ 18.41771672264987, 57.19747863363443 ], [ 18.41354468538995, 57.19563845931966 ], [ 18.42038084794762, 57.19536596613461 ], [ 18.42027992930054, 57.19283678706829 ], [ 18.42008864407186, 57.18804157833062 ], [ 18.41512544657177, 57.18590799042492 ], [ 18.41190327660835, 57.18517095115883 ], [ 18.40864412938817, 57.18376078943702 ], [ 18.40458576627502, 57.18221445569824 ], [ 18.40078587865116, 57.18263889329798 ], [ 18.39756785954651, 57.18434491706927 ], [ 18.39372928827959, 57.18626121065862 ], [ 18.39039020359313, 57.18792911027511 ], [ 18.38595692889968, 57.18820890633114 ], [ 18.38263472496872, 57.18813791727563 ], [ 18.37991511155355, 57.18916335604427 ], [ 18.37556670924505, 57.19080269205537 ], [ 18.37546603597062, 57.18685212243417 ], [ 18.37271847831732, 57.18510722642765 ], [ 18.36773276245079, 57.18194367998949 ], [ 18.36417981319996, 57.18074052199018 ], [ 18.36127509270532, 57.17975765332821 ], [ 18.35379763556206, 57.1772551095011 ], [ 18.34918788535988, 57.17870961859633 ], [ 18.34827739076221, 57.1811670433184 ], [ 18.34309783712324, 57.18237682041886 ], [ 18.3402468208837, 57.18123516745349 ], [ 18.33480942235798, 57.18251718274878 ], [ 18.33527461979895, 57.18523866197208 ], [ 18.33566229274146, 57.18731044935311 ], [ 18.33485860747642, 57.18925801770632 ], [ 18.32811094197608, 57.18984750103158 ], [ 18.32714672973071, 57.19311878755769 ], [ 18.32626911454303, 57.1960828715583 ], [ 18.32478320718553, 57.20108484116226 ], [ 18.32339583267566, 57.20571656325263 ], [ 18.32242653264656, 57.20916757747445 ], [ 18.32185462335366, 57.21098013090683 ] ] ] ] } },
{ "type": "Feature", "properties": { "AREA": 53323103.761248253, "PERIMETER": 41919.985255735781, "SCNRSEIE_": 1900, "SCNRSEIE_I": 4804, "SNID_1": "928", "SNID_2": "0928", "SNID_3": "0928", "SNID_4": 928.0, "NAMN": "Hablingbo", "LAN": "Gotlands län", "NOT_": null, "KOMMENTAR": null, "SCNRSEIE_A": 61024914.332999997, "SCNRSEIE_P": 47478.552, "HECTARES": 5332.3103761248303 }, "geometry": { "type": "MultiPolygon", "coordinates": [ [ [ [ 18.29555364723078, 57.2029750460884 ], [ 18.29994428403225, 57.19908358749428 ], [ 18.303071853746, 57.19632194111086 ], [ 18.30098926356211, 57.19390654513704 ], [ 18.29845111792662, 57.19095655051391 ], [ 18.29704073462737, 57.18871640450339 ], [ 18.29629182596658, 57.18680881701832 ], [ 18.29552248230055, 57.18493316195784 ], [ 18.29454966737978, 57.18310645732231 ], [ 18.29229849328759, 57.17963866995969 ], [ 18.29114274960232, 57.17794583116739 ], [ 18.28991819547061, 57.17615102826739 ], [ 18.28833430401016, 57.173896167378 ], [ 18.28522250347917, 57.1721611097415 ], [ 18.27753024795808, 57.17286978839341 ], [ 18.27472714337902, 57.16933621097077 ], [ 18.27130030134176, 57.16505589440655 ], [ 18.26795858460765, 57.16645992196788 ], [ 18.26475031010653, 57.16573685169991 ], [ 18.26125026153567, 57.16494305125898 ], [ 18.25650283788258, 57.16388155044737 ], [ 18.25418459048203, 57.16217066913549 ], [ 18.25590698779125, 57.15784316494589 ], [ 18.25247192804135, 57.15723642437364 ], [ 18.24670164437574, 57.15627985644639 ], [ 18.24269115668247, 57.15848230375455 ], [ 18.23837701695789, 57.15776657085264 ], [ 18.23443017649938, 57.15710197732473 ], [ 18.22741666088447, 57.15592603393132 ], [ 18.22749143949807, 57.15109630478059 ], [ 18.22750262234257, 57.14779035569355 ], [ 18.22150960322781, 57.14499997507884 ], [ 18.21921049943134, 57.14353955722273 ], [ 18.21750801756803, 57.14207172554872 ], [ 18.21714269451942, 57.14201186148191 ], [ 18.21604640680153, 57.14116159252049 ], [ 18.21513921774495, 57.139660912577 ], [ 18.21153997230507, 57.13231911346153 ], [ 18.21049493019291, 57.13199780762162 ], [ 18.2100163786928, 57.13633674092716 ], [ 18.20771484123222, 57.1393182477597 ], [ 18.20170935469588, 57.14379879462921 ], [ 18.19979577823951, 57.14461684329286 ], [ 18.19586364452636, 57.14462895501349 ], [ 18.19428977072732, 57.14610517429632 ], [ 18.1900796586428, 57.1466793314618 ], [ 18.18315887248377, 57.14467278794641 ], [ 18.17737157130304, 57.14306663402168 ], [ 18.17483375548992, 57.14394999470239 ], [ 18.17198137690402, 57.14275523101445 ], [ 18.17042255693764, 57.14266785335884 ], [ 18.16879100960333, 57.14999261504015 ], [ 18.16836223110792, 57.15311771159427 ], [ 18.16542962926738, 57.15664025226212 ], [ 18.16126734815849, 57.16137153099016 ], [ 18.15445394162632, 57.16159807454974 ], [ 18.15161078959625, 57.1626483472613 ], [ 18.14911808179374, 57.16453638267856 ], [ 18.14798331073011, 57.1664619027821 ], [ 18.14837252204392, 57.16790983326232 ], [ 18.14976025363361, 57.16867439429526 ], [ 18.15225240601345, 57.16886136486704 ], [ 18.15380996630754, 57.16969456794769 ], [ 18.15532431572493, 57.17036687269896 ], [ 18.1603848070318, 57.17193381879038 ], [ 18.16322630150842, 57.17474595735463 ], [ 18.16251838612675, 57.17531618323487 ], [ 18.1593154524088, 57.17514274419514 ], [ 18.15759070849316, 57.17584878293742 ], [ 18.15629995871456, 57.17687902907383 ], [ 18.15614331279898, 57.17805869707451 ], [ 18.15732935559596, 57.17876407745597 ], [ 18.16476171360902, 57.17859764123191 ], [ 18.16667883813419, 57.17935206984927 ], [ 18.1682089983205, 57.18285348759101 ], [ 18.16808879306339, 57.18459839927987 ], [ 18.16447954356424, 57.19000201253493 ], [ 18.1630420598871, 57.19107101086346 ], [ 18.16051194307459, 57.19123615717431 ], [ 18.16025660991166, 57.19139173077792 ], [ 18.15799602659834, 57.19276901722467 ], [ 18.16594801822927, 57.19535503585288 ], [ 18.17309123423086, 57.19734045390623 ], [ 18.17132141814576, 57.19952069002635 ], [ 18.16827936461448, 57.2028072627596 ], [ 18.1740568158369, 57.20440958336556 ], [ 18.1792099552279, 57.19901694567118 ], [ 18.1868148986556, 57.20111414268888 ], [ 18.19058047110019, 57.20214755243766 ], [ 18.19374184680507, 57.20301716637317 ], [ 18.1993996974857, 57.20457568940256 ], [ 18.20473072044905, 57.20603249134211 ], [ 18.21144910524239, 57.20791158664321 ], [ 18.21480607277497, 57.20881286541142 ], [ 18.21808523535366, 57.20972453601573 ], [ 18.22334952851713, 57.21115040380796 ], [ 18.22784740028742, 57.21025070255478 ], [ 18.23254423933167, 57.21074843870318 ], [ 18.23640857216479, 57.21114074561582 ], [ 18.24034834744057, 57.2115450387661 ], [ 18.24389915465741, 57.21085177077157 ], [ 18.2473114545627, 57.21019263162441 ], [ 18.25195909768502, 57.20925329450311 ], [ 18.25821516171166, 57.20801735439359 ], [ 18.26305710174617, 57.20705134807147 ], [ 18.26749002142148, 57.21020287800281 ], [ 18.27472520502167, 57.20922531784062 ], [ 18.27612218601142, 57.21204550906292 ], [ 18.27891368968875, 57.21386797931268 ], [ 18.28188736045191, 57.21951810694337 ], [ 18.28403187765018, 57.22359449802922 ], [ 18.28555750218094, 57.22649281785571 ], [ 18.28766018305102, 57.23048912582736 ], [ 18.29299592724109, 57.23030720847766 ], [ 18.29950521700026, 57.23011973044164 ], [ 18.30692502007182, 57.2298772428992 ], [ 18.31166336138806, 57.22972654814212 ], [ 18.31775630502454, 57.22954039078404 ], [ 18.3181879869904, 57.22629783849969 ], [ 18.31842757087195, 57.22428084079285 ], [ 18.31865755135585, 57.22233590238093 ], [ 18.31887814294615, 57.22043607017305 ], [ 18.32223958946961, 57.21988811254062 ], [ 18.3256640489187, 57.21935236662537 ], [ 18.32953346545775, 57.21842576297771 ], [ 18.33111389300306, 57.21498935876073 ], [ 18.32486937445776, 57.21492164395588 ], [ 18.32185462335366, 57.21098013090683 ], [ 18.31292378993699, 57.2097079876602 ], [ 18.30677047751759, 57.20886504312049 ], [ 18.30246660933751, 57.20617048283993 ], [ 18.29894879419025, 57.20681077731218 ], [ 18.29572093588364, 57.20524445378708 ], [ 18.29555364723078, 57.2029750460884 ] ] ] ] } },
{ "type": "Feature", "properties": { "AREA": 35889601.115733355, "PERIMETER": 32868.296933264319, "SCNRSEIE_": 1912, "SCNRSEIE_I": 4833, "SNID_1": "933", "SNID_2": "0933", "SNID_3": "0933", "SNID_4": 933.0, "NAMN": "Havdhem", "LAN": "Gotlands län", "NOT_": null, "KOMMENTAR": null, "SCNRSEIE_A": 36387989.655000001, "SCNRSEIE_P": 37103.764, "HECTARES": 3588.9601115733399 }, "geometry": { "type": "MultiPolygon", "coordinates": [ [ [ [ 18.21750801756803, 57.14207172554872 ], [ 18.21921049943134, 57.14353955722273 ], [ 18.22150960322781, 57.14499997507884 ], [ 18.22750262234257, 57.14779035569355 ], [ 18.22749143949807, 57.15109630478059 ], [ 18.22741666088447, 57.15592603393132 ], [ 18.23443017649938, 57.15710197732473 ], [ 18.23837701695789, 57.15776657085264 ], [ 18.24269115668247, 57.15848230375455 ], [ 18.24670164437574, 57.15627985644639 ], [ 18.25247192804135, 57.15723642437364 ], [ 18.25590698779125, 57.15784316494589 ], [ 18.25418459048203, 57.16217066913549 ], [ 18.25650283788258, 57.16388155044737 ], [ 18.26125026153567, 57.16494305125898 ], [ 18.26475031010653, 57.16573685169991 ], [ 18.26795858460765, 57.16645992196788 ], [ 18.27130030134176, 57.16505589440655 ], [ 18.27472714337902, 57.16933621097077 ], [ 18.27753024795808, 57.17286978839341 ], [ 18.28522250347917, 57.1721611097415 ], [ 18.28833430401016, 57.173896167378 ], [ 18.28991819547061, 57.17615102826739 ], [ 18.29114274960232, 57.17794583116739 ], [ 18.29229849328759, 57.17963866995969 ], [ 18.29454966737978, 57.18310645732231 ], [ 18.29552248230055, 57.18493316195784 ], [ 18.29629182596658, 57.18680881701832 ], [ 18.29704073462737, 57.18871640450339 ], [ 18.29845111792662, 57.19095655051391 ], [ 18.30098926356211, 57.19390654513704 ], [ 18.303071853746, 57.19632194111086 ], [ 18.29994428403225, 57.19908358749428 ], [ 18.29555364723078, 57.2029750460884 ], [ 18.29572093588364, 57.20524445378708 ], [ 18.29894879419025, 57.20681077731218 ], [ 18.30246660933751, 57.20617048283993 ], [ 18.30677047751759, 57.20886504312049 ], [ 18.31292378993699, 57.2097079876602 ], [ 18.32185462335366, 57.21098013090683 ], [ 18.32242653264656, 57.20916757747445 ], [ 18.32339583267566, 57.20571656325263 ], [ 18.32478320718553, 57.20108484116226 ], [ 18.32626911454303, 57.1960828715583 ], [ 18.32714672973071, 57.19311878755769 ], [ 18.32811094197608, 57.18984750103158 ], [ 18.33485860747642, 57.18925801770632 ], [ 18.33566229274146, 57.18731044935311 ], [ 18.33527461979895, 57.18523866197208 ], [ 18.33480942235798, 57.18251718274878 ], [ 18.3402468208837, 57.18123516745349 ], [ 18.34309783712324, 57.18237682041886 ], [ 18.34827739076221, 57.1811670433184 ], [ 18.34918788535988, 57.17870961859633 ], [ 18.35379763556206, 57.1772551095011 ], [ 18.35525878825904, 57.1739735718647 ], [ 18.3563665145033, 57.17153902669967 ], [ 18.35839276617897, 57.1671364242086 ], [ 18.35937422540179, 57.16506377770673 ], [ 18.36194992514291, 57.16354252366307 ], [ 18.36549692141076, 57.163578005375 ], [ 18.36479461672437, 57.16166992397332 ], [ 18.36361069075684, 57.15984802313123 ], [ 18.36450916234242, 57.15795670292181 ], [ 18.36828517612399, 57.15668033497731 ], [ 18.36617438636443, 57.15415417402422 ], [ 18.36850093905743, 57.15266040294081 ], [ 18.36287130994373, 57.14958621749381 ], [ 18.3579685504753, 57.14691467264349 ], [ 18.35502519858102, 57.14533063425996 ], [ 18.35189821301742, 57.14678200918434 ], [ 18.34833006470393, 57.14843100331804 ], [ 18.34556614948173, 57.14973120315978 ], [ 18.34167370802894, 57.14876341561006 ], [ 18.33234897134601, 57.14647219720693 ], [ 18.32840608101264, 57.14457077515664 ], [ 18.32127304325249, 57.14243679205589 ], [ 18.31741948299802, 57.14452176599862 ], [ 18.31364642781847, 57.14184844815678 ], [ 18.30954737745446, 57.14194686010656 ], [ 18.31040371784443, 57.13971236506774 ], [ 18.30697485030066, 57.13716665819271 ], [ 18.30441877896274, 57.13527726398259 ], [ 18.30148232999564, 57.13310341633289 ], [ 18.29829647160534, 57.13129831169724 ], [ 18.29364069523641, 57.13053738804747 ], [ 18.28981547861756, 57.12996647674458 ], [ 18.28652449830201, 57.13061998009307 ], [ 18.28254692403185, 57.13215840020337 ], [ 18.27670159744583, 57.13554357514499 ], [ 18.27405621028743, 57.13815129994083 ], [ 18.26572053555246, 57.13802311464379 ], [ 18.26083329158379, 57.13794828362377 ], [ 18.25704801741793, 57.1378920644705 ], [ 18.24834259185829, 57.13776096620852 ], [ 18.24024940743177, 57.13764432897101 ], [ 18.23485716842734, 57.13755124322741 ], [ 18.23140199474639, 57.13748794569568 ], [ 18.2236498799072, 57.13740407342546 ], [ 18.22060171526675, 57.1373876549954 ], [ 18.22071598420941, 57.13801757213737 ], [ 18.22106085031544, 57.14001412270144 ], [ 18.22031799889601, 57.14154653993202 ], [ 18.21792768349338, 57.14214049301211 ], [ 18.21750801756803, 57.14207172554872 ] ] ] ] } },
{ "type": "Feature", "properties": { "AREA": 18900520.390498638, "PERIMETER": 20358.087211242771, "SCNRSEIE_": 1917, "SCNRSEIE_I": 4843, "SNID_1": "908", "SNID_2": "0908", "SNID_3": "0908", "SNID_4": 908.0, "NAMN": "Eke", "LAN": "Gotlands län", "NOT_": null, "KOMMENTAR": null, "SCNRSEIE_A": 25375264.26, "SCNRSEIE_P": 23037.789, "HECTARES": 1890.05203904986 }, "geometry": { "type": "MultiPolygon", "coordinates": [ [ [ [ 18.40864412938817, 57.18376078943702 ], [ 18.41057911710647, 57.18222495249369 ], [ 18.41268888515147, 57.18055958522677 ], [ 18.41494405854914, 57.17876097535728 ], [ 18.42135312380005, 57.17450863895465 ], [ 18.42465210157529, 57.17245448668675 ], [ 18.42745374568457, 57.17073847454171 ], [ 18.43206288810967, 57.16810429323476 ], [ 18.43666511243471, 57.16546998907331 ], [ 18.44119087477112, 57.16267098826786 ], [ 18.44375839911542, 57.16096849537501 ], [ 18.44615218411818, 57.15938199426292 ], [ 18.44953066471274, 57.15714578939156 ], [ 18.45156965917797, 57.15696174312921 ], [ 18.45132581476894, 57.15566160256309 ], [ 18.45245354413204, 57.15409263821099 ], [ 18.45161914558527, 57.15375090004072 ], [ 18.44878543669415, 57.15295720741154 ], [ 18.44189157639341, 57.15201528178895 ], [ 18.43483856497479, 57.15348389944916 ], [ 18.43221155452384, 57.15280228945901 ], [ 18.42864314765185, 57.14956205157502 ], [ 18.42688043762242, 57.14824239482028 ], [ 18.42002342084248, 57.14780158795138 ], [ 18.41664314241629, 57.14674008633231 ], [ 18.41207879842918, 57.14246906385999 ], [ 18.40797207502935, 57.139994063699 ], [ 18.40292923540014, 57.14042200984609 ], [ 18.40121201182539, 57.13949633577163 ], [ 18.39976208472076, 57.13766676727716 ], [ 18.39970678138974, 57.13567969542229 ], [ 18.39887920313418, 57.13579397225203 ], [ 18.39608288451754, 57.13771580396273 ], [ 18.38925384384441, 57.14244274347092 ], [ 18.38324981744102, 57.14664023432478 ], [ 18.37921622251545, 57.14920657773884 ], [ 18.37712348999654, 57.1456116171651 ], [ 18.37499399765137, 57.14353069963843 ], [ 18.37170718910508, 57.1455249025229 ], [ 18.37075764896746, 57.14804172621908 ], [ 18.3712043750978, 57.15085332255419 ], [ 18.36850093905743, 57.15266040294081 ], [ 18.36617438636443, 57.15415417402422 ], [ 18.36828517612399, 57.15668033497731 ], [ 18.36450916234242, 57.15795670292181 ], [ 18.36361069075684, 57.15984802313123 ], [ 18.36479461672437, 57.16166992397332 ], [ 18.36549692141076, 57.163578005375 ], [ 18.36194992514291, 57.16354252366307 ], [ 18.35937422540179, 57.16506377770673 ], [ 18.35839276617897, 57.1671364242086 ], [ 18.3563665145033, 57.17153902669967 ], [ 18.35525878825904, 57.1739735718647 ], [ 18.35379763556206, 57.1772551095011 ], [ 18.36127509270532, 57.17975765332821 ], [ 18.36417981319996, 57.18074052199018 ], [ 18.36773276245079, 57.18194367998949 ], [ 18.37271847831732, 57.18510722642765 ], [ 18.37546603597062, 57.18685212243417 ], [ 18.37556670924505, 57.19080269205537 ], [ 18.37991511155355, 57.18916335604427 ], [ 18.38263472496872, 57.18813791727563 ], [ 18.38595692889968, 57.18820890633114 ], [ 18.39039020359313, 57.18792911027511 ], [ 18.39372928827959, 57.18626121065862 ], [ 18.39756785954651, 57.18434491706927 ], [ 18.40078587865116, 57.18263889329798 ], [ 18.40458576627502, 57.18221445569824 ], [ 18.40864412938817, 57.18376078943702 ] ] ] ] } },
{ "type": "Feature", "properties": { "AREA": 34345328.760284185, "PERIMETER": 32789.662781488332, "SCNRSEIE_": 1929, "SCNRSEIE_I": 4870, "SNID_1": "926", "SNID_2": "0926", "SNID_3": "0926", "SNID_4": 926.0, "NAMN": "Grötlingbo", "LAN": "Gotlands län", "NOT_": null, "KOMMENTAR": null, "SCNRSEIE_A": 55412901.736000001, "SCNRSEIE_P": 36231.495, "HECTARES": 3434.5328760284201 }, "geometry": { "type": "MultiPolygon", "coordinates": [ [ [ [ 18.31364642781847, 57.14184844815678 ], [ 18.31741948299802, 57.14452176599862 ], [ 18.32127304325249, 57.14243679205589 ], [ 18.32840608101264, 57.14457077515664 ], [ 18.33234897134601, 57.14647219720693 ], [ 18.34167370802894, 57.14876341561006 ], [ 18.34556614948173, 57.14973120315978 ], [ 18.34833006470393, 57.14843100331804 ], [ 18.35189821301742, 57.14678200918434 ], [ 18.35502519858102, 57.14533063425996 ], [ 18.3579685504753, 57.14691467264349 ], [ 18.36287130994373, 57.14958621749381 ], [ 18.36850093905743, 57.15266040294081 ], [ 18.3712043750978, 57.15085332255419 ], [ 18.37075764896746, 57.14804172621908 ], [ 18.37170718910508, 57.1455249025229 ], [ 18.37499399765137, 57.14353069963843 ], [ 18.37712348999654, 57.1456116171651 ], [ 18.37921622251545, 57.14920657773884 ], [ 18.38324981744102, 57.14664023432478 ], [ 18.38925384384441, 57.14244274347092 ], [ 18.39608288451754, 57.13771580396273 ], [ 18.39887920313418, 57.13579397225203 ], [ 18.39970678138974, 57.13567969542229 ], [ 18.39966388846032, 57.13413831036917 ], [ 18.39336197604282, 57.12740518543792 ], [ 18.39345046692714, 57.12370218829192 ], [ 18.3962514334224, 57.1202935220917 ], [ 18.3977589829505, 57.11965148706032 ], [ 18.40024534423128, 57.11954615333039 ], [ 18.40929237256063, 57.12067915970429 ], [ 18.4124700848191, 57.1235956414508 ], [ 18.41458840884963, 57.12271611409618 ], [ 18.42279575228373, 57.12223063049962 ], [ 18.42964994808256, 57.12223109580049 ], [ 18.43164484121705, 57.12264748718218 ], [ 18.43532466025409, 57.12050413914496 ], [ 18.43712868394567, 57.12125683806854 ], [ 18.43936481127998, 57.12227892550688 ], [ 18.44165339122701, 57.12241049823526 ], [ 18.44588839086998, 57.12065043535224 ], [ 18.44734755411575, 57.12258710200759 ], [ 18.44878679465604, 57.12261965212851 ], [ 18.45069413632694, 57.12157326258459 ], [ 18.45359242719289, 57.11821509554183 ], [ 18.4514550984838, 57.11719117455262 ], [ 18.45176466566449, 57.11528011585864 ], [ 18.44716883218071, 57.11404747317645 ], [ 18.44483810432514, 57.11354856741107 ], [ 18.44416423207324, 57.11103836513973 ], [ 18.44255895649854, 57.11005700030488 ], [ 18.44080258812602, 57.11020174010482 ], [ 18.43832880856867, 57.11187076538819 ], [ 18.43477640536128, 57.1113703775699 ], [ 18.42887666318769, 57.11293135020126 ], [ 18.42205399702583, 57.11288528778456 ], [ 18.41955683922567, 57.11259601109921 ], [ 18.41052117830697, 57.10854389383244 ], [ 18.40397234726854, 57.1060296930206 ], [ 18.4011790264719, 57.10409323758012 ], [ 18.39567630020442, 57.10022739818852 ], [ 18.38853581425898, 57.09961116597361 ], [ 18.38063116118224, 57.09892039813915 ], [ 18.37651236056456, 57.0973609917957 ], [ 18.37393191609397, 57.09560823573086 ], [ 18.3738692060687, 57.09303128403891 ], [ 18.36838932282005, 57.0911042383935 ], [ 18.36553529499925, 57.08824297258443 ], [ 18.36355208084586, 57.08412416509672 ], [ 18.3614265877379, 57.08320631578262 ], [ 18.35912438518578, 57.08243129780107 ], [ 18.35783926332375, 57.08298292921643 ], [ 18.36156637651894, 57.08367950048493 ], [ 18.36192829797839, 57.08546437079215 ], [ 18.35381875031633, 57.08786641644743 ], [ 18.34959040506099, 57.08912906714055 ], [ 18.34527294885361, 57.09042041661819 ], [ 18.33821335705386, 57.09252164079626 ], [ 18.33370241872854, 57.09386141177755 ], [ 18.33013736275478, 57.09491694356291 ], [ 18.32653182734625, 57.09598665684855 ], [ 18.32174298492659, 57.09740794531455 ], [ 18.31789453230344, 57.09855415682379 ], [ 18.31200856424476, 57.10029801374773 ], [ 18.30879760963421, 57.1012380304966 ], [ 18.30554597818763, 57.10221920153072 ], [ 18.30151027478808, 57.10341803746882 ], [ 18.29729913209296, 57.10143923581283 ], [ 18.29597300908332, 57.10158334162511 ], [ 18.29591437741823, 57.10156808397829 ], [ 18.29554187533638, 57.10398584857909 ], [ 18.29549335216404, 57.10726118509148 ], [ 18.2989000655886, 57.11029715859291 ], [ 18.30187134809943, 57.11295998295036 ], [ 18.30429696140953, 57.1151439914124 ], [ 18.30637810798358, 57.11702038766355 ], [ 18.30963464061548, 57.11991533628539 ], [ 18.31300972357569, 57.12293809471093 ], [ 18.31831803035614, 57.12770069283867 ], [ 18.32105901074644, 57.13015208825812 ], [ 18.32278964206732, 57.13170734692851 ], [ 18.32341609788115, 57.13387769675397 ], [ 18.32114614984104, 57.1358815825257 ], [ 18.31867612583695, 57.13807359885529 ], [ 18.31364642781847, 57.14184844815678 ] ] ] ] } },
{ "type": "Feature", "properties": { "AREA": 36579209.70956938, "PERIMETER": 32696.137832055781, "SCNRSEIE_": 1934, "SCNRSEIE_I": 4880, "SNID_1": "956", "SNID_2": "0956", "SNID_3": "0956", "SNID_4": 956.0, "NAMN": "Näs", "LAN": "Gotlands län", "NOT_": null, "KOMMENTAR": null, "SCNRSEIE_A": 60528793.395000003, "SCNRSEIE_P": 36478.636, "HECTARES": 3657.92097095694 }, "geometry": { "type": "MultiPolygon", "coordinates": [ [ [ [ 18.22060171526675, 57.1373876549954 ], [ 18.2236498799072, 57.13740407342546 ], [ 18.23140199474639, 57.13748794569568 ], [ 18.23485716842734, 57.13755124322741 ], [ 18.24024940743177, 57.13764432897101 ], [ 18.24834259185829, 57.13776096620852 ], [ 18.25704801741793, 57.1378920644705 ], [ 18.26083329158379, 57.13794828362377 ], [ 18.26572053555246, 57.13802311464379 ], [ 18.27405621028743, 57.13815129994083 ], [ 18.27670159744583, 57.13554357514499 ], [ 18.28254692403185, 57.13215840020337 ], [ 18.28652449830201, 57.13061998009307 ], [ 18.28981547861756, 57.12996647674458 ], [ 18.29364069523641, 57.13053738804747 ], [ 18.29829647160534, 57.13129831169724 ], [ 18.30148232999564, 57.13310341633289 ], [ 18.30441877896274, 57.13527726398259 ], [ 18.30697485030066, 57.13716665819271 ], [ 18.31040371784443, 57.13971236506774 ], [ 18.30954737745446, 57.14194686010656 ], [ 18.31364642781847, 57.14184844815678 ], [ 18.31867612583695, 57.13807359885529 ], [ 18.32114614984104, 57.1358815825257 ], [ 18.32341609788115, 57.13387769675397 ], [ 18.32278964206732, 57.13170734692851 ], [ 18.32105901074644, 57.13015208825812 ], [ 18.31831803035614, 57.12770069283867 ], [ 18.31300972357569, 57.12293809471093 ], [ 18.30963464061548, 57.11991533628539 ], [ 18.30637810798358, 57.11702038766355 ], [ 18.30429696140953, 57.1151439914124 ], [ 18.30187134809943, 57.11295998295036 ], [ 18.2989000655886, 57.11029715859291 ], [ 18.29549335216404, 57.10726118509148 ], [ 18.29554187533638, 57.10398584857909 ], [ 18.29591437741823, 57.10156808397829 ], [ 18.29562022186711, 57.10149153562979 ], [ 18.29398818351142, 57.10102987254218 ], [ 18.29186520042007, 57.10013775300977 ], [ 18.28775734003895, 57.09695828510718 ], [ 18.28226270112397, 57.08930554488646 ], [ 18.2776125218397, 57.08736717030966 ], [ 18.27513244897172, 57.08729030468781 ], [ 18.27115782475818, 57.088311795449 ], [ 18.26925775093492, 57.08628304720496 ], [ 18.26793083664328, 57.08393758474548 ], [ 18.26688150925227, 57.08378752051891 ], [ 18.26409916336373, 57.0856207944566 ], [ 18.26294381655343, 57.08536497962853 ], [ 18.25968260750586, 57.0819524310966 ], [ 18.2518664529713, 57.07724541918167 ], [ 18.25176913293148, 57.07626816338336 ], [ 18.25163366371305, 57.07320757685898 ], [ 18.24732160582777, 57.06958167730318 ], [ 18.24136412754428, 57.0647389939642 ], [ 18.23926309929249, 57.06589372734627 ], [ 18.23701415325681, 57.06428451418279 ], [ 18.23427225305783, 57.0614361765898 ], [ 18.23285890339004, 57.064032721624 ], [ 18.23155774960798, 57.06456097605511 ], [ 18.22530868840513, 57.06178031760085 ], [ 18.21982060488248, 57.05953265641929 ], [ 18.21652671610574, 57.05958711301547 ], [ 18.21358638457913, 57.05873638706793 ], [ 18.21238741770983, 57.05931637517747 ], [ 18.20122230704808, 57.06438119767715 ], [ 18.19590191076358, 57.06754600874827 ], [ 18.1900010606488, 57.06913165326736 ], [ 18.18959352566969, 57.06946279385788 ], [ 18.19083427464511, 57.06978052944261 ], [ 18.19309695066118, 57.06957573903563 ], [ 18.19506106654388, 57.06960117536541 ], [ 18.1994678146567, 57.07093635780651 ], [ 18.20151268838248, 57.07246928639743 ], [ 18.20661855334531, 57.07721335994088 ], [ 18.20797663319222, 57.07959476218946 ], [ 18.21125774922226, 57.08848782605794 ], [ 18.21364669276219, 57.09454137525491 ], [ 18.21515125285306, 57.09534787432865 ], [ 18.21984735909282, 57.09853628858087 ], [ 18.21909292143827, 57.10191044629266 ], [ 18.21813830060048, 57.10322236921838 ], [ 18.21426277668769, 57.10429400556593 ], [ 18.21880593339325, 57.1099377517605 ], [ 18.22118227343574, 57.11169756008998 ], [ 18.22705127804378, 57.11333601782406 ], [ 18.22638423135093, 57.11424719639509 ], [ 18.21801831528773, 57.11686977848449 ], [ 18.21511129021608, 57.11736584291244 ], [ 18.2106250247621, 57.11719147380133 ], [ 18.20897404177159, 57.11923530503865 ], [ 18.20541949364964, 57.12019269624627 ], [ 18.20513662401635, 57.12092572497242 ], [ 18.20679216632002, 57.12124436519751 ], [ 18.21355897232673, 57.12168950398551 ], [ 18.21845542865399, 57.12435313742512 ], [ 18.21903434332955, 57.12563553894675 ], [ 18.21910541341553, 57.12698161101253 ], [ 18.21894364937958, 57.12754166608456 ], [ 18.21860987791941, 57.12901230663518 ], [ 18.21852425903995, 57.13125070287836 ], [ 18.21980953378516, 57.13297763751306 ], [ 18.21985655071986, 57.13319232264917 ], [ 18.22030354386902, 57.13574385090681 ], [ 18.22060171526675, 57.1373876549954 ] ] ] ] } },
{ "type": "Feature", "properties": { "AREA": 15047194.30540383, "PERIMETER": 19697.732550148539, "SCNRSEIE_": 1953, "SCNRSEIE_I": 4903, "SNID_1": "915", "SNID_2": "0915", "SNID_3": "0915", "SNID_4": 915.0, "NAMN": "Fide", "LAN": "Gotlands län", "NOT_": null, "KOMMENTAR": null, "SCNRSEIE_A": 21589725.856, "SCNRSEIE_P": 19023.592, "HECTARES": 1504.71943054038 }, "geometry": { "type": "MultiPolygon", "coordinates": [ [ [ [ 18.29729913209296, 57.10143923581283 ], [ 18.30151027478808, 57.10341803746882 ], [ 18.30554597818763, 57.10221920153072 ], [ 18.30879760963421, 57.1012380304966 ], [ 18.31200856424476, 57.10029801374773 ], [ 18.31789453230344, 57.09855415682379 ], [ 18.32174298492659, 57.09740794531455 ], [ 18.32653182734625, 57.09598665684855 ], [ 18.33013736275478, 57.09491694356291 ], [ 18.33370241872854, 57.09386141177755 ], [ 18.33821335705386, 57.09252164079626 ], [ 18.34527294885361, 57.09042041661819 ], [ 18.34959040506099, 57.08912906714055 ], [ 18.35381875031633, 57.08786641644743 ], [ 18.36192829797839, 57.08546437079215 ], [ 18.36156637651894, 57.08367950048493 ], [ 18.35783926332375, 57.08298292921643 ], [ 18.35912438518578, 57.08243129780107 ], [ 18.35896077659189, 57.08237621741718 ], [ 18.35879215738629, 57.08208320210009 ], [ 18.35832604505376, 57.08130216228108 ], [ 18.35683317331442, 57.0807037323663 ], [ 18.34883426468957, 57.08145924854919 ], [ 18.34847888037576, 57.08084661057821 ], [ 18.3514759770708, 57.07715647272836 ], [ 18.35097678095447, 57.07564842777298 ], [ 18.34913434364914, 57.0742754592905 ], [ 18.34073391708547, 57.07178665740053 ], [ 18.33955276443954, 57.07091222021818 ], [ 18.3399311641863, 57.06872161549155 ], [ 18.34158113408311, 57.06075593095192 ], [ 18.34242021572027, 57.05807088381555 ], [ 18.34503589511, 57.05702072591787 ], [ 18.34752990149208, 57.05708691903654 ], [ 18.35068487806429, 57.05837933972133 ], [ 18.35203556886234, 57.058360870206 ], [ 18.35333216978081, 57.05755294830075 ], [ 18.3552955231036, 57.05420710677672 ], [ 18.35501741570684, 57.05303594317885 ], [ 18.35147671954033, 57.0540512231279 ], [ 18.34929569843666, 57.0539787546212 ], [ 18.3468526859791, 57.05272575906227 ], [ 18.34679197921649, 57.05162028014717 ], [ 18.34482168995291, 57.05195391874224 ], [ 18.33922831347543, 57.05239062920298 ], [ 18.33590586352586, 57.05265086274318 ], [ 18.32802241232972, 57.05326358461627 ], [ 18.31534088496932, 57.05426393454971 ], [ 18.30776898056573, 57.05486014391508 ], [ 18.30359915327785, 57.05518144999962 ], [ 18.29912585800118, 57.0555265463467 ], [ 18.29547703924979, 57.05581475004164 ], [ 18.29118821869075, 57.05614699091355 ], [ 18.29117399909505, 57.05615048617616 ], [ 18.29282395953711, 57.05777196528359 ], [ 18.29326154297054, 57.05913770754197 ], [ 18.29264369840158, 57.06370446496066 ], [ 18.29259304689683, 57.06541228009815 ], [ 18.29366691178957, 57.06618147852394 ], [ 18.29633901762367, 57.06619126095811 ], [ 18.2973069531609, 57.06685473670004 ], [ 18.29776726908417, 57.07027716924309 ], [ 18.29966320916168, 57.07567428609242 ], [ 18.29923399069309, 57.07738963986046 ], [ 18.29621017671908, 57.08494177172772 ], [ 18.29521876441382, 57.08836610163866 ], [ 18.29881673023879, 57.09280413373107 ], [ 18.299997826589, 57.09417302645026 ], [ 18.29970171773763, 57.09983832913655 ], [ 18.29843117817354, 57.1013188806209 ], [ 18.29829990807918, 57.10133047448153 ], [ 18.29729913209296, 57.10143923581283 ] ] ] ] } },
{ "type": "Feature", "properties": { "AREA": 38335023.012365997, "PERIMETER": 36323.340013651527, "SCNRSEIE_": 1967, "SCNRSEIE_I": 4931, "SNID_1": "982", "SNID_2": "0982", "SNID_3": "0982", "SNID_4": 982.0, "NAMN": "Öja", "LAN": "Gotlands län", "NOT_": null, "KOMMENTAR": null, "SCNRSEIE_A": 47634402.795000002, "SCNRSEIE_P": 42265.825, "HECTARES": 3833.5023012366 }, "geometry": { "type": "MultiPolygon", "coordinates": [ [ [ [ 18.29117399909505, 57.05615048617616 ], [ 18.29118821869075, 57.05614699091355 ], [ 18.29547703924979, 57.05581475004164 ], [ 18.29912585800118, 57.0555265463467 ], [ 18.30359915327785, 57.05518144999962 ], [ 18.30776898056573, 57.05486014391508 ], [ 18.31534088496932, 57.05426393454971 ], [ 18.32802241232972, 57.05326358461627 ], [ 18.33590586352586, 57.05265086274318 ], [ 18.33922831347543, 57.05239062920298 ], [ 18.34482168995291, 57.05195391874224 ], [ 18.34679197921649, 57.05162028014717 ], [ 18.34678517704713, 57.0514964064815 ], [ 18.34728022662499, 57.04981545227673 ], [ 18.34785691982393, 57.04812385447247 ], [ 18.34872938185628, 57.04232083792865 ], [ 18.34900825993648, 57.04013220909894 ], [ 18.34543189699189, 57.03481476843378 ], [ 18.33902704003994, 57.02616776750303 ], [ 18.33853377665987, 57.02303356427558 ], [ 18.33962739623905, 57.01925637413147 ], [ 18.34239528950406, 57.01298379519323 ], [ 18.34565667102558, 57.01058196260634 ], [ 18.35132219474612, 57.00891271938995 ], [ 18.35970700629508, 57.00752911860171 ], [ 18.36360492937119, 57.00746747548588 ], [ 18.37380544447285, 57.00902831731318 ], [ 18.37940596196118, 57.00977568424564 ], [ 18.38603269768366, 57.00774370290463 ], [ 18.39326340684112, 57.00185390876674 ], [ 18.39929037322317, 56.99927661586685 ], [ 18.39860544442926, 56.99463731265978 ], [ 18.39689225911062, 56.99343306943575 ], [ 18.3896917923536, 56.99355503469401 ], [ 18.3875441834951, 56.99225183589437 ], [ 18.38503747492976, 56.99313002560863 ], [ 18.37722524860874, 56.99702798148875 ], [ 18.37456457497255, 56.99735213998984 ], [ 18.3611636129762, 56.99539864300232 ], [ 18.35670291122105, 56.99491472501866 ], [ 18.35970165345367, 56.99400011990156 ], [ 18.35924574339996, 56.99370790684256 ], [ 18.35615619885036, 56.99417123348823 ], [ 18.35272064248285, 56.99411543817398 ], [ 18.3496759377973, 56.99327954119093 ], [ 18.34601790803729, 56.99302994068994 ], [ 18.34229467480206, 56.99185676835919 ], [ 18.33530104718013, 56.99353905011558 ], [ 18.33191847338775, 56.99374664627856 ], [ 18.31944164954758, 56.99085824778286 ], [ 18.31020343589756, 56.98872129891166 ], [ 18.30381129106928, 56.98707940219607 ], [ 18.30210078474499, 56.98893713263467 ], [ 18.29875143027094, 56.9916045408905 ], [ 18.29732570241483, 56.99354188034509 ], [ 18.29471472594013, 56.99695810607943 ], [ 18.29624497102934, 56.99870641670443 ], [ 18.29626563211041, 57.00187268268367 ], [ 18.29077233328002, 57.00040970295775 ], [ 18.2905772909279, 57.00351293592356 ], [ 18.28888901730604, 57.00679377693794 ], [ 18.27963496229003, 57.0064650459115 ], [ 18.27254846218726, 57.00792921980224 ], [ 18.27029064265615, 57.00964363486999 ], [ 18.27072222702472, 57.01284830638674 ], [ 18.26556281062044, 57.01307998884734 ], [ 18.25525046855574, 57.01270285617509 ], [ 18.25346454308108, 57.01114781726198 ], [ 18.2521054160881, 57.00913063919796 ], [ 18.24619394066334, 57.01040937173562 ], [ 18.24089843729679, 57.01154557782023 ], [ 18.22705613898441, 57.01451359437362 ], [ 18.22348687469615, 57.00947123141565 ], [ 18.22020037343408, 57.01049136308704 ], [ 18.22195055558604, 57.01278871738586 ], [ 18.22355646083663, 57.01523697544103 ], [ 18.22405577573002, 57.01842530804149 ], [ 18.22498643681513, 57.02147055170984 ], [ 18.22871834989576, 57.0245604199262 ], [ 18.22721930311766, 57.02648932296628 ], [ 18.22446525759434, 57.02846950340528 ], [ 18.22441191435167, 57.03026191332498 ], [ 18.22478934553454, 57.03022393209555 ], [ 18.22669444603216, 57.03013320959967 ], [ 18.2281979156263, 57.03070599398417 ], [ 18.2317425525993, 57.03226329704696 ], [ 18.23464078302064, 57.03249456440773 ], [ 18.23763957453345, 57.03249923444691 ], [ 18.24365477393567, 57.03504125280453 ], [ 18.24832799516703, 57.03419559085981 ], [ 18.25356930332758, 57.0334733936481 ], [ 18.25957448989169, 57.03584417628904 ], [ 18.26059698570091, 57.03560853744831 ], [ 18.26094149302964, 57.0345866859 ], [ 18.26181726239511, 57.03362627782694 ], [ 18.26397088896932, 57.03330553404957 ], [ 18.27334527460228, 57.03553760342069 ], [ 18.27608739909899, 57.03613930393274 ], [ 18.2819635739117, 57.0409999261849 ], [ 18.2893113648265, 57.04763673651493 ], [ 18.28852620649792, 57.0536530918212 ], [ 18.28969485637113, 57.05486061895558 ], [ 18.29054025420237, 57.05567030486399 ], [ 18.29109467980913, 57.05607253190161 ], [ 18.29117399909505, 57.05615048617616 ] ] ] ] } },
{ "type": "Feature", "properties": { "AREA": 53666771.960626967, "PERIMETER": 44502.826962423591, "SCNRSEIE_": 1975, "SCNRSEIE_I": 4949, "SNID_1": "974", "SNID_2": "0974", "SNID_3": "0974", "SNID_4": 974.0, "NAMN": "Vamlingbo", "LAN": "Gotlands län", "NOT_": null, "KOMMENTAR": null, "SCNRSEIE_A": 63971950.948, "SCNRSEIE_P": 58549.732, "HECTARES": 5366.6771960627002 }, "geometry": { "type": "MultiPolygon", "coordinates": [ [ [ [ 18.22441191435167, 57.03026191332498 ], [ 18.22446525759434, 57.02846950340528 ], [ 18.22721930311766, 57.02648932296628 ], [ 18.22871834989576, 57.0245604199262 ], [ 18.22498643681513, 57.02147055170984 ], [ 18.22405577573002, 57.01842530804149 ], [ 18.22355646083663, 57.01523697544103 ], [ 18.22195055558604, 57.01278871738586 ], [ 18.22020037343408, 57.01049136308704 ], [ 18.22348687469615, 57.00947123141565 ], [ 18.22705613898441, 57.01451359437362 ], [ 18.24089843729679, 57.01154557782023 ], [ 18.24619394066334, 57.01040937173562 ], [ 18.2521054160881, 57.00913063919796 ], [ 18.25346454308108, 57.01114781726198 ], [ 18.25525046855574, 57.01270285617509 ], [ 18.26556281062044, 57.01307998884734 ], [ 18.27072222702472, 57.01284830638674 ], [ 18.27029064265615, 57.00964363486999 ], [ 18.27254846218726, 57.00792921980224 ], [ 18.26962030221585, 57.00496473012581 ], [ 18.26935105281904, 57.00303865388479 ], [ 18.26904808783735, 57.0009470383368 ], [ 18.26869745525196, 56.99838020298273 ], [ 18.26845143834513, 56.99658842723272 ], [ 18.26814330154582, 56.9943531649535 ], [ 18.26772367402408, 56.99130264442049 ], [ 18.26740505756382, 56.98896876031021 ], [ 18.26653916153834, 56.9831107996033 ], [ 18.27457703354733, 56.981685779059 ], [ 18.27892332461792, 56.98151008944008 ], [ 18.28418701187056, 56.98130709082069 ], [ 18.28760137790584, 56.98115854370214 ], [ 18.28828559266775, 56.97830627476899 ], [ 18.28877465420664, 56.97619896911831 ], [ 18.28972669728455, 56.97237118022291 ], [ 18.29030887402101, 56.97002842755955 ], [ 18.28785888071171, 56.96679365503858 ], [ 18.285091975435, 56.96534388814332 ], [ 18.28229958719535, 56.96381361483289 ], [ 18.27902762423733, 56.96171338310566 ], [ 18.27682213444483, 56.96028827094191 ], [ 18.27428226686607, 56.95799826377392 ], [ 18.27252912807209, 56.95563429928205 ], [ 18.27143563212703, 56.95252069888544 ], [ 18.2708043119247, 56.95061523315633 ], [ 18.27054640124123, 56.94851373703156 ], [ 18.27028632903276, 56.94426078094169 ], [ 18.2768226519997, 56.94272135496429 ], [ 18.28564079446086, 56.94387182062932 ], [ 18.2893580187318, 56.94162405492844 ], [ 18.29295406275295, 56.93944596839413 ], [ 18.29676310491072, 56.93716076844802 ], [ 18.29644746465543, 56.93702732259968 ], [ 18.29568290097924, 56.93640473420141 ], [ 18.29504122639168, 56.93515984205771 ], [ 18.29616111783137, 56.93149927081399 ], [ 18.29529370980385, 56.93056431185148 ], [ 18.29279836128105, 56.93010193368438 ], [ 18.29007602210859, 56.93042557024999 ], [ 18.28552093147247, 56.9306148352443 ], [ 18.28306620902877, 56.92902854048022 ], [ 18.27622949579905, 56.92949623308736 ], [ 18.26203543189112, 56.92976697528918 ], [ 18.25850266482995, 56.92926141574763 ], [ 18.25071048387057, 56.92567703786194 ], [ 18.24325197765376, 56.92240009550125 ], [ 18.23776929324407, 56.92094381721991 ], [ 18.23488104802017, 56.9202274279799 ], [ 18.230941616489, 56.91596503948828 ], [ 18.22866880531031, 56.91561386231663 ], [ 18.22548603957587, 56.91566654362897 ], [ 18.22433724524792, 56.91567979780573 ], [ 18.22326066916068, 56.9154540322127 ], [ 18.22216284289657, 56.91754987052488 ], [ 18.22210142008831, 56.92041226974305 ], [ 18.22160233595906, 56.92425320877439 ], [ 18.21948943094543, 56.92574933904687 ], [ 18.21569915771842, 56.92843203959472 ], [ 18.20563174320703, 56.93555617532078 ], [ 18.20659501184042, 56.93785534363612 ], [ 18.2075550630234, 56.94016804489375 ], [ 18.20167026771217, 56.94200568407445 ], [ 18.20139885242103, 56.94539752933158 ], [ 18.20441503491435, 56.9462290190552 ], [ 18.20744323893254, 56.94705571381192 ], [ 18.21090355152338, 56.94814354326318 ], [ 18.21231006484602, 56.95255823450261 ], [ 18.20697968003538, 56.95249941362527 ], [ 18.20396536933887, 56.94856878098995 ], [ 18.20007164761445, 56.94847270726308 ], [ 18.19370389166075, 56.94831148257093 ], [ 18.18801727124575, 56.94594068772178 ], [ 18.18361364699714, 56.94589873774633 ], [ 18.17633759581415, 56.94582128582466 ], [ 18.17625140620242, 56.94863906640205 ], [ 18.16832616811, 56.9485735371995 ], [ 18.15886544695873, 56.94849589441764 ], [ 18.15881338834437, 56.94873040829099 ], [ 18.15919122181205, 56.94890302210014 ], [ 18.15987619345966, 56.95012079768996 ], [ 18.15972670969915, 56.95035716940177 ], [ 18.15869216796585, 56.9519396788796 ], [ 18.15818924005015, 56.95335048560797 ], [ 18.16467446254901, 56.95763896953763 ], [ 18.17238469615665, 56.96462580618343 ], [ 18.17554500814355, 56.96881492968573 ], [ 18.1794544124187, 56.97183994081853 ], [ 18.18273496174852, 56.9737628921694 ], [ 18.18252070066297, 56.97556356659997 ], [ 18.18512040016916, 56.97789464631963 ], [ 18.18825675155647, 56.98063765796769 ], [ 18.19003468050764, 56.98116971693636 ], [ 18.19443023737101, 56.98069959726521 ], [ 18.19742686172447, 56.98099268395549 ], [ 18.20016000818374, 56.98179379343527 ], [ 18.20165619282659, 56.98305870914324 ], [ 18.20089430928718, 56.98810380641606 ], [ 18.19899433344281, 56.99285625980872 ], [ 18.19641310889681, 56.99469322579036 ], [ 18.19968815957397, 56.9972536587375 ], [ 18.20493245584547, 56.99971339003121 ], [ 18.20395832890073, 57.0029929060413 ], [ 18.20021726785141, 57.00600199044403 ], [ 18.19743845986915, 57.00785172795131 ], [ 18.19426566071497, 57.00638520691047 ], [ 18.19294064827918, 57.00651828324902 ], [ 18.19206830546434, 57.00754999850793 ], [ 18.19221488798218, 57.0085532997871 ], [ 18.1943532533658, 57.00980606104637 ], [ 18.19616090095796, 57.0125742490346 ], [ 18.19989614936615, 57.01919520246889 ], [ 18.20736382865238, 57.02390298814831 ], [ 18.21182969060381, 57.02444604718357 ], [ 18.2202469060449, 57.02953009123526 ], [ 18.22390551955948, 57.0303128703703 ], [ 18.22441191435167, 57.03026191332498 ] ] ] ] } },
{ "type": "Feature", "properties": { "AREA": 22313143.932695389, "PERIMETER": 28213.914031370299, "SCNRSEIE_": 1988, "SCNRSEIE_I": 4973, "SNID_1": "931", "SNID_2": "0931", "SNID_3": "0931", "SNID_4": 931.0, "NAMN": "Hamra", "LAN": "Gotlands län", "NOT_": null, "KOMMENTAR": null, "SCNRSEIE_A": 28879033.473000001, "SCNRSEIE_P": 31498.399, "HECTARES": 2231.3143932695398 }, "geometry": { "type": "MultiPolygon", "coordinates": [ [ [ [ 18.26653916153834, 56.9831107996033 ], [ 18.26740505756382, 56.98896876031021 ], [ 18.26772367402408, 56.99130264442049 ], [ 18.26814330154582, 56.9943531649535 ], [ 18.26845143834513, 56.99658842723272 ], [ 18.26869745525196, 56.99838020298273 ], [ 18.26904808783735, 57.0009470383368 ], [ 18.26935105281904, 57.00303865388479 ], [ 18.26962030221585, 57.00496473012581 ], [ 18.27254846218726, 57.00792921980224 ], [ 18.27963496229003, 57.0064650459115 ], [ 18.28888901730604, 57.00679377693794 ], [ 18.2905772909279, 57.00351293592356 ], [ 18.29077233328002, 57.00040970295775 ], [ 18.29626563211041, 57.00187268268367 ], [ 18.29624497102934, 56.99870641670443 ], [ 18.29471472594013, 56.99695810607943 ], [ 18.29732570241483, 56.99354188034509 ], [ 18.29875143027094, 56.9916045408905 ], [ 18.30210078474499, 56.98893713263467 ], [ 18.30381129106928, 56.98707940219607 ], [ 18.31020343589756, 56.98872129891166 ], [ 18.31944164954758, 56.99085824778286 ], [ 18.33191847338775, 56.99374664627856 ], [ 18.33530104718013, 56.99353905011558 ], [ 18.34229467480206, 56.99185676835919 ], [ 18.34601790803729, 56.99302994068994 ], [ 18.3496759377973, 56.99327954119093 ], [ 18.35272064248285, 56.99411543817398 ], [ 18.35615619885036, 56.99417123348823 ], [ 18.35924574339996, 56.99370790684256 ], [ 18.35796301141382, 56.99288571282476 ], [ 18.35707261808131, 56.99214027737403 ], [ 18.35562246758734, 56.99066960071571 ], [ 18.3573621309188, 56.98867573474867 ], [ 18.36665913481075, 56.98554816597866 ], [ 18.36754583381011, 56.98480234694909 ], [ 18.36615265243017, 56.98392353451598 ], [ 18.35452580619485, 56.98040586855549 ], [ 18.3437238299118, 56.9771309316944 ], [ 18.3423216893742, 56.97586575615956 ], [ 18.34193908422361, 56.9728999918864 ], [ 18.33713447249954, 56.97094011393416 ], [ 18.33545721416064, 56.96924922854897 ], [ 18.32673965942943, 56.9668110722963 ], [ 18.32379594564576, 56.96535217791792 ], [ 18.32203519206224, 56.96314176454238 ], [ 18.32134785802219, 56.95855608639322 ], [ 18.32288483183085, 56.95477008923638 ], [ 18.32476854571225, 56.95344752574778 ], [ 18.32871647386987, 56.95226296717221 ], [ 18.32877865432714, 56.95148015313656 ], [ 18.32707571457697, 56.95060717668311 ], [ 18.32487906610817, 56.94996871165957 ], [ 18.31658401911655, 56.95055778041129 ], [ 18.31365435373287, 56.94977213652804 ], [ 18.31160396377255, 56.94812436710451 ], [ 18.31266478674984, 56.9426232255893 ], [ 18.31317920678123, 56.93951363288584 ], [ 18.31116310884311, 56.93836824380547 ], [ 18.30341967625743, 56.93783147068072 ], [ 18.29827378256019, 56.93779942568043 ], [ 18.29676310491072, 56.93716076844802 ], [ 18.29295406275295, 56.93944596839413 ], [ 18.2893580187318, 56.94162405492844 ], [ 18.28564079446086, 56.94387182062932 ], [ 18.2768226519997, 56.94272135496429 ], [ 18.27028632903276, 56.94426078094169 ], [ 18.27054640124123, 56.94851373703156 ], [ 18.2708043119247, 56.95061523315633 ], [ 18.27143563212703, 56.95252069888544 ], [ 18.27252912807209, 56.95563429928205 ], [ 18.27428226686607, 56.95799826377392 ], [ 18.27682213444483, 56.96028827094191 ], [ 18.27902762423733, 56.96171338310566 ], [ 18.28229958719535, 56.96381361483289 ], [ 18.285091975435, 56.96534388814332 ], [ 18.28785888071171, 56.96679365503858 ], [ 18.29030887402101, 56.97002842755955 ], [ 18.28972669728455, 56.97237118022291 ], [ 18.28877465420664, 56.97619896911831 ], [ 18.28828559266775, 56.97830627476899 ], [ 18.28760137790584, 56.98115854370214 ], [ 18.28418701187056, 56.98130709082069 ], [ 18.27892332461792, 56.98151008944008 ], [ 18.27457703354733, 56.981685779059 ], [ 18.26653916153834, 56.9831107996033 ] ] ] ] } },
{ "type": "Feature", "properties": { "AREA": 19310943.176975727, "PERIMETER": 21592.818502229758, "SCNRSEIE_": 2000, "SCNRSEIE_I": 4999, "SNID_1": "968", "SNID_2": "0968", "SNID_3": "0968", "SNID_4": 968.0, "NAMN": "Sundre", "LAN": "Gotlands län", "NOT_": null, "KOMMENTAR": null, "SCNRSEIE_A": 26160863.925000001, "SCNRSEIE_P": 26517.822, "HECTARES": 1931.09431769757 }, "geometry": { "type": "MultiPolygon", "coordinates": [ [ [ [ 18.15881338834437, 56.94873040829099 ], [ 18.15886544695873, 56.94849589441764 ], [ 18.16832616811, 56.9485735371995 ], [ 18.17625140620242, 56.94863906640205 ], [ 18.17633759581415, 56.94582128582466 ], [ 18.18361364699714, 56.94589873774633 ], [ 18.18801727124575, 56.94594068772178 ], [ 18.19370389166075, 56.94831148257093 ], [ 18.20007164761445, 56.94847270726308 ], [ 18.20396536933887, 56.94856878098995 ], [ 18.20697968003538, 56.95249941362527 ], [ 18.21231006484602, 56.95255823450261 ], [ 18.21090355152338, 56.94814354326318 ], [ 18.20744323893254, 56.94705571381192 ], [ 18.20441503491435, 56.9462290190552 ], [ 18.20139885242103, 56.94539752933158 ], [ 18.20167026771217, 56.94200568407445 ], [ 18.2075550630234, 56.94016804489375 ], [ 18.20659501184042, 56.93785534363612 ], [ 18.20563174320703, 56.93555617532078 ], [ 18.21569915771842, 56.92843203959472 ], [ 18.21948943094543, 56.92574933904687 ], [ 18.22160233595906, 56.92425320877439 ], [ 18.22210142008831, 56.92041226974305 ], [ 18.22216284289657, 56.91754987052488 ], [ 18.22326066916068, 56.9154540322127 ], [ 18.22257242121891, 56.91530969544343 ], [ 18.22026304377754, 56.91464466214185 ], [ 18.21132330750629, 56.91200532833367 ], [ 18.20446740211166, 56.91008895337239 ], [ 18.19762557745613, 56.90735447438006 ], [ 18.19216761578427, 56.90570711662755 ], [ 18.18888854356371, 56.9060391898072 ], [ 18.18612786463325, 56.90987369660974 ], [ 18.18479560696167, 56.91216280728508 ], [ 18.18269042213919, 56.91314608993524 ], [ 18.18025454915331, 56.91357866804208 ], [ 18.17650989945754, 56.91279636790628 ], [ 18.17507672210868, 56.91298524255689 ], [ 18.17376232510928, 56.91323473146833 ], [ 18.17098762563859, 56.91142778210997 ], [ 18.16639134149968, 56.91379638242621 ], [ 18.16412377270496, 56.91377631217171 ], [ 18.16256437372312, 56.91274573083714 ], [ 18.15518206195705, 56.90763864639992 ], [ 18.15133985172955, 56.90947149451407 ], [ 18.14472717197098, 56.91217355494299 ], [ 18.13888770196024, 56.91254321427999 ], [ 18.13567706068595, 56.91214498033566 ], [ 18.12923055212022, 56.90882452556888 ], [ 18.12702565760666, 56.90980871035229 ], [ 18.12500318591334, 56.9142658678612 ], [ 18.12493057474213, 56.91892037625779 ], [ 18.12923369752054, 56.92288278098939 ], [ 18.1377977354375, 56.93034982551114 ], [ 18.14369954914829, 56.93644681653127 ], [ 18.15008885347287, 56.94294762171537 ], [ 18.15380936118306, 56.9464440497655 ], [ 18.15881338834437, 56.94873040829099 ] ] ] ] } }
]
}
